facility_id,facility_name,state,address,city_town,zip_code,county_parish,hospital_type,hospital_ownership,emergency_services,measure_id,measure_name,start_date,end_date,hospital_score,score_raw,sample,footnote,state_benchmark,state_footnote,score_unit,difference_from_state,above_state_flag,hospital_info_matched,state_benchmark_matched,hospital_info_state
010001,SOUTHEAST HEALTH MEDICAL CENTER,AL,1108 ROSS CLARK CIRCLE,DOTHAN,36301,HOUSTON,Acute Care Hospitals,Government - Hospital District or Authority,Yes,OP_18b,"Average (median) time patients spent in the emergency department before leaving from the visit, excluding patients transferred to another facility or psychiatric care/mental health patients. A lower number of minutes is better",2024-10-01,2025-09-30,212.0,212,396,,149.0,"25, 26",Minutes,63.0,1,true,true,AL
010005,MARSHALL MEDICAL CENTERS,AL,2505 U S HIGHWAY 431 NORTH,BOAZ,35957,MARSHALL,Acute Care Hospitals,Government - Hospital District or Authority,Yes,OP_18b,"Average (median) time patients spent in the emergency department before leaving from the visit, excluding patients transferred to another facility or psychiatric care/mental health patients. A lower number of minutes is better",2024-10-01,2025-09-30,143.0,143,1155,,149.0,"25, 26",Minutes,-6.0,0,true,true,AL
010006,NORTH ALABAMA MEDICAL CENTER,AL,1701 VETERANS DRIVE,FLORENCE,35630,LAUDERDALE,Acute Care Hospitals,Proprietary,Yes,OP_18b,"Average (median) time patients spent in the emergency department before leaving from the visit, excluding patients transferred to another facility or psychiatric care/mental health patients. A lower number of minutes is better",2024-10-01,2025-09-30,147.0,147,328,,149.0,"25, 26",Minutes,-2.0,0,true,true,AL
010007,MIZELL MEMORIAL HOSPITAL,AL,702 N MAIN ST,OPP,36467,COVINGTON,Acute Care Hospitals,Voluntary non-profit - Private,Yes,OP_18b,"Average (median) time patients spent in the emergency department before leaving from the visit, excluding patients transferred to another facility or psychiatric care/mental health patients. A lower number of minutes is better",2024-10-01,2025-09-30,130.0,130,1004,,149.0,"25, 26",Minutes,-19.0,0,true,true,AL
010011,ST. VINCENT'S EAST,AL,50 MEDICAL PARK EAST DRIVE,BIRMINGHAM,35235,JEFFERSON,Acute Care Hospitals,Voluntary non-profit - Private,Yes,OP_18b,"Average (median) time patients spent in the emergency department before leaving from the visit, excluding patients transferred to another facility or psychiatric care/mental health patients. A lower number of minutes is better",2024-10-01,2025-09-30,158.0,158,341,,149.0,"25, 26",Minutes,9.0,1,true,true,AL
010012,DEKALB REGIONAL MEDICAL CENTER,AL,200 MED CENTER DRIVE,FORT PAYNE,35968,DE KALB,Acute Care Hospitals,Proprietary,Yes,OP_18b,"Average (median) time patients spent in the emergency department before leaving from the visit, excluding patients transferred to another facility or psychiatric care/mental health patients. A lower number of minutes is better",2024-10-01,2025-09-30,164.0,164,376,,149.0,"25, 26",Minutes,15.0,1,true,true,AL
010016,SHELBY BAPTIST MEDICAL CENTER,AL,1000 FIRST STREET NORTH,ALABASTER,35007,SHELBY,Acute Care Hospitals,Voluntary non-profit - Private,Yes,OP_18b,"Average (median) time patients spent in the emergency department before leaving from the visit, excluding patients transferred to another facility or psychiatric care/mental health patients. A lower number of minutes is better",2024-10-01,2025-09-30,182.0,182,422,,149.0,"25, 26",Minutes,33.0,1,true,true,AL
010019,HELEN KELLER HOSPITAL,AL,1300 SOUTH MONTGOMERY AVENUE,SHEFFIELD,35660,COLBERT,Acute Care Hospitals,Government - Hospital District or Authority,Yes,OP_18b,"Average (median) time patients spent in the emergency department before leaving from the visit, excluding patients transferred to another facility or psychiatric care/mental health patients. A lower number of minutes is better",2024-10-01,2025-09-30,188.0,188,356,,149.0,"25, 26",Minutes,39.0,1,true,true,AL
010021,DALE MEDICAL CENTER,AL,126 HOSPITAL AVE,OZARK,36360,DALE,Acute Care Hospitals,Government - Hospital District or Authority,Yes,OP_18b,"Average (median) time patients spent in the emergency department before leaving from the visit, excluding patients transferred to another facility or psychiatric care/mental health patients. A lower number of minutes is better",2024-10-01,2025-09-30,148.0,148,338,,149.0,"25, 26",Minutes,-1.0,0,true,true,AL
010022,FLOYD CHEROKEE MEDICAL CENTER,AL,400 NORTHWOOD DR,CENTRE,35960,CHEROKEE,Acute Care Hospitals,Proprietary,Yes,OP_18b,"Average (median) time patients spent in the emergency department before leaving from the visit, excluding patients transferred to another facility or psychiatric care/mental health patients. A lower number of minutes is better",2024-10-01,2025-09-30,123.0,123,405,,149.0,"25, 26",Minutes,-26.0,0,true,true,AL
010023,BAPTIST MEDICAL CENTER SOUTH,AL,2105 EAST SOUTH BOULEVARD,MONTGOMERY,36116,MONTGOMERY,Acute Care Hospitals,Government - Hospital District or Authority,Yes,OP_18b,"Average (median) time patients spent in the emergency department before leaving from the visit, excluding patients transferred to another facility or psychiatric care/mental health patients. A lower number of minutes is better",2024-10-01,2025-09-30,220.0,220,395,,149.0,"25, 26",Minutes,71.0,1,true,true,AL
010024,JACKSON HOSPITAL & CLINIC INC,AL,1725 PINE STREET,MONTGOMERY,36106,MONTGOMERY,Acute Care Hospitals,Voluntary non-profit - Private,Yes,OP_18b,"Average (median) time patients spent in the emergency department before leaving from the visit, excluding patients transferred to another facility or psychiatric care/mental health patients. A lower number of minutes is better",2024-10-01,2025-09-30,138.0,138,1485,,149.0,"25, 26",Minutes,-11.0,0,true,true,AL
010029,THE EAST ALABAMA HEALTHCARE AUTHORITY,AL,2000 PEPPERELL PARKWAY,OPELIKA,36801,LEE,Acute Care Hospitals,Government - Hospital District or Authority,Yes,OP_18b,"Average (median) time patients spent in the emergency department before leaving from the visit, excluding patients transferred to another facility or psychiatric care/mental health patients. A lower number of minutes is better",2024-10-01,2025-09-30,200.0,200,591,,149.0,"25, 26",Minutes,51.0,1,true,true,AL
010033,UNIVERSITY OF ALABAMA HOSPITAL,AL,619 SOUTH 19TH STREET,BIRMINGHAM,35233,JEFFERSON,Acute Care Hospitals,Government - State,Yes,OP_18b,"Average (median) time patients spent in the emergency department before leaving from the visit, excluding patients transferred to another facility or psychiatric care/mental health patients. A lower number of minutes is better",2024-10-01,2025-09-30,211.0,211,1991,,149.0,"25, 26",Minutes,62.0,1,true,true,AL
010034,COMMUNITY HOSPITAL INC,AL,805 FRIENDSHIP ROAD,TALLASSEE,36078,ELMORE,Acute Care Hospitals,Voluntary non-profit - Private,Yes,OP_18b,"Average (median) time patients spent in the emergency department before leaving from the visit, excluding patients transferred to another facility or psychiatric care/mental health patients. A lower number of minutes is better",2024-10-01,2025-09-30,104.0,104,478,,149.0,"25, 26",Minutes,-45.0,0,true,true,AL
010035,CULLMAN REGIONAL MEDICAL CENTER,AL,1912 ALABAMA HIGHWAY 157,CULLMAN,35058,CULLMAN,Acute Care Hospitals,Government - Hospital District or Authority,Yes,OP_18b,"Average (median) time patients spent in the emergency department before leaving from the visit, excluding patients transferred to another facility or psychiatric care/mental health patients. A lower number of minutes is better",2024-10-01,2025-09-30,152.0,152,410,,149.0,"25, 26",Minutes,3.0,1,true,true,AL
010036,ANDALUSIA HEALTH,AL,849 SOUTH THREE NOTCH STREET,ANDALUSIA,36420,COVINGTON,Acute Care Hospitals,Proprietary,Yes,OP_18b,"Average (median) time patients spent in the emergency department before leaving from the visit, excluding patients transferred to another facility or psychiatric care/mental health patients. A lower number of minutes is better",2024-10-01,2025-09-30,172.0,172,388,,149.0,"25, 26",Minutes,23.0,1,true,true,AL
010039,HUNTSVILLE HOSPITAL,AL,101 SIVLEY RD,HUNTSVILLE,35801,MADISON,Acute Care Hospitals,Government - Hospital District or Authority,Yes,OP_18b,"Average (median) time patients spent in the emergency department before leaving from the visit, excluding patients transferred to another facility or psychiatric care/mental health patients. A lower number of minutes is better",2024-10-01,2025-09-30,238.0,238,399,,149.0,"25, 26",Minutes,89.0,1,true,true,AL
010040,GADSDEN REGIONAL MEDICAL CENTER,AL,1007 GOODYEAR AVENUE,GADSDEN,35903,ETOWAH,Acute Care Hospitals,Proprietary,Yes,OP_18b,"Average (median) time patients spent in the emergency department before leaving from the visit, excluding patients transferred to another facility or psychiatric care/mental health patients. A lower number of minutes is better",2024-10-01,2025-09-30,201.0,201,397,,149.0,"25, 26",Minutes,52.0,1,true,true,AL
010044,MARION REGIONAL MEDICAL CENTER,AL,1256 MILITARY STREET SOUTH,HAMILTON,35570,MARION,Acute Care Hospitals,Voluntary non-profit - Private,Yes,OP_18b,"Average (median) time patients spent in the emergency department before leaving from the visit, excluding patients transferred to another facility or psychiatric care/mental health patients. A lower number of minutes is better",2024-10-01,2025-09-30,104.0,104,383,,149.0,"25, 26",Minutes,-45.0,0,true,true,AL
010045,FAYETTE MEDICAL CENTER,AL,1653 TEMPLE AVENUE NORTH,FAYETTE,35555,FAYETTE,Acute Care Hospitals,Voluntary non-profit - Other,Yes,OP_18b,"Average (median) time patients spent in the emergency department before leaving from the visit, excluding patients transferred to another facility or psychiatric care/mental health patients. A lower number of minutes is better",2024-10-01,2025-09-30,113.0,113,351,,149.0,"25, 26",Minutes,-36.0,0,true,true,AL
010046,RIVERVIEW REGIONAL MEDICAL CENTER,AL,600 SOUTH THIRD STREET,GADSDEN,35901,ETOWAH,Acute Care Hospitals,Proprietary,Yes,OP_18b,"Average (median) time patients spent in the emergency department before leaving from the visit, excluding patients transferred to another facility or psychiatric care/mental health patients. A lower number of minutes is better",2024-10-01,2025-09-30,155.0,155,425,,149.0,"25, 26",Minutes,6.0,1,true,true,AL
010049,MEDICAL CENTER ENTERPRISE,AL,400 N EDWARDS STREET,ENTERPRISE,36330,COFFEE,Acute Care Hospitals,Proprietary,Yes,OP_18b,"Average (median) time patients spent in the emergency department before leaving from the visit, excluding patients transferred to another facility or psychiatric care/mental health patients. A lower number of minutes is better",2024-10-01,2025-09-30,142.0,142,402,,149.0,"25, 26",Minutes,-7.0,0,true,true,AL
010051,GREENE COUNTY HOSPITAL,AL,509 WILSON AVENUE,EUTAW,35462,GREENE,Acute Care Hospitals,Voluntary non-profit - Other,Yes,OP_18b,"Average (median) time patients spent in the emergency department before leaving from the visit, excluding patients transferred to another facility or psychiatric care/mental health patients. A lower number of minutes is better",2024-10-01,2025-09-30,128.0,128,172,,149.0,"25, 26",Minutes,-21.0,0,true,true,AL
010052,LAKE MARTIN COMMUNITY HOSPITAL,AL,201 MARIARDEN ROAD,DADEVILLE,36853,TALLAPOOSA,Acute Care Hospitals,Proprietary,Yes,OP_18b,"Average (median) time patients spent in the emergency department before leaving from the visit, excluding patients transferred to another facility or psychiatric care/mental health patients. A lower number of minutes is better",2024-10-01,2025-09-30,116.0,116,361,,149.0,"25, 26",Minutes,-33.0,0,true,true,AL
010055,FLOWERS HOSPITAL,AL,4370 WEST MAIN STREET,DOTHAN,36302,HOUSTON,Acute Care Hospitals,Proprietary,Yes,OP_18b,"Average (median) time patients spent in the emergency department before leaving from the visit, excluding patients transferred to another facility or psychiatric care/mental health patients. A lower number of minutes is better",2024-10-01,2025-09-30,227.0,227,403,,149.0,"25, 26",Minutes,78.0,1,true,true,AL
010056,ST VINCENT'S BIRMINGHAM,AL,810 ST VINCENT'S DRIVE,BIRMINGHAM,35205,JEFFERSON,Acute Care Hospitals,Voluntary non-profit - Private,Yes,OP_18b,"Average (median) time patients spent in the emergency department before leaving from the visit, excluding patients transferred to another facility or psychiatric care/mental health patients. A lower number of minutes is better",2024-10-01,2025-09-30,243.0,243,336,,149.0,"25, 26",Minutes,94.0,1,true,true,AL
010058,BIBB MEDICAL CENTER,AL,208 PIERSON AVE,CENTREVILLE,35042,BIBB,Acute Care Hospitals,Government - Hospital District or Authority,Yes,OP_18b,"Average (median) time patients spent in the emergency department before leaving from the visit, excluding patients transferred to another facility or psychiatric care/mental health patients. A lower number of minutes is better",2024-10-01,2025-09-30,130.0,130,570,,149.0,"25, 26",Minutes,-19.0,0,true,true,AL
010061,HIGHLANDS MEDICAL CENTER,AL,380 WOODS COVE ROAD,SCOTTSBORO,35768,JACKSON,Acute Care Hospitals,Government - Hospital District or Authority,Yes,OP_18b,"Average (median) time patients spent in the emergency department before leaving from the visit, excluding patients transferred to another facility or psychiatric care/mental health patients. A lower number of minutes is better",2024-10-01,2025-09-30,176.0,176,727,,149.0,"25, 26",Minutes,27.0,1,true,true,AL
010062,WIREGRASS MEDICAL CENTER,AL,1200 W MAPLE AVENUE,GENEVA,36340,GENEVA,Acute Care Hospitals,Government - Hospital District or Authority,Yes,OP_18b,"Average (median) time patients spent in the emergency department before leaving from the visit, excluding patients transferred to another facility or psychiatric care/mental health patients. A lower number of minutes is better",2024-10-01,2025-09-30,110.0,110,130,3,149.0,"25, 26",Minutes,-39.0,0,true,true,AL
010065,RUSSELL MEDICAL CENTER,AL,3316 HIGHWAY 280,ALEXANDER CITY,35010,TALLAPOOSA,Acute Care Hospitals,Voluntary non-profit - Private,Yes,OP_18b,"Average (median) time patients spent in the emergency department before leaving from the visit, excluding patients transferred to another facility or psychiatric care/mental health patients. A lower number of minutes is better",2024-10-01,2025-09-30,138.0,138,466,,149.0,"25, 26",Minutes,-11.0,0,true,true,AL
010073,CLAY COUNTY HOSPITAL,AL,83825 HIGHWAY 9    P O BOX 1270,ASHLAND,36251,CLAY,Acute Care Hospitals,Government - Hospital District or Authority,Yes,OP_18b,"Average (median) time patients spent in the emergency department before leaving from the visit, excluding patients transferred to another facility or psychiatric care/mental health patients. A lower number of minutes is better",2024-10-01,2025-09-30,91.0,91,351,,149.0,"25, 26",Minutes,-58.0,0,true,true,AL
010078,NORTHEAST ALABAMA REGIONAL MEDICAL CENTER,AL,400 EAST 10TH STREET,ANNISTON,36207,CALHOUN,Acute Care Hospitals,Government - Local,Yes,OP_18b,"Average (median) time patients spent in the emergency department before leaving from the visit, excluding patients transferred to another facility or psychiatric care/mental health patients. A lower number of minutes is better",2024-10-01,2025-09-30,244.0,244,367,,149.0,"25, 26",Minutes,95.0,1,true,true,AL
010079,ATHENS LIMESTONE HOSPITAL,AL,700 WEST MARKET STREET,ATHENS,35611,LIMESTONE,Acute Care Hospitals,Government - Hospital District or Authority,Yes,OP_18b,"Average (median) time patients spent in the emergency department before leaving from the visit, excluding patients transferred to another facility or psychiatric care/mental health patients. A lower number of minutes is better",2024-10-01,2025-09-30,178.0,178,354,,149.0,"25, 26",Minutes,29.0,1,true,true,AL
010083,BALDWIN HEALTH,AL,1613 NORTH MCKENZIE STREET,FOLEY,36535,BALDWIN,Acute Care Hospitals,Proprietary,Yes,OP_18b,"Average (median) time patients spent in the emergency department before leaving from the visit, excluding patients transferred to another facility or psychiatric care/mental health patients. A lower number of minutes is better",2024-10-01,2025-09-30,140.0,140,411,,149.0,"25, 26",Minutes,-9.0,0,true,true,AL
010085,DECATUR MORGAN HOSPITAL - DECATUR CAMPUS,AL,1201 7TH STREET SE,DECATUR,35601,MORGAN,Acute Care Hospitals,Government - Hospital District or Authority,Yes,OP_18b,"Average (median) time patients spent in the emergency department before leaving from the visit, excluding patients transferred to another facility or psychiatric care/mental health patients. A lower number of minutes is better",2024-10-01,2025-09-30,160.0,160,424,,149.0,"25, 26",Minutes,11.0,1,true,true,AL
010086,NORTH MISSISSIPPI HEALTH SERVICES - SOUTH MARION,AL,1530 U S HIGHWAY 43,WINFIELD,35594,FAYETTE,Acute Care Hospitals,Proprietary,Yes,OP_18b,"Average (median) time patients spent in the emergency department before leaving from the visit, excluding patients transferred to another facility or psychiatric care/mental health patients. A lower number of minutes is better",2024-10-01,2025-09-30,130.0,130,666,,149.0,"25, 26",Minutes,-19.0,0,true,true,AL
010087,USA HEALTH UNIVERSITY HOSPITAL,AL,2451 FILLINGIM STREET,MOBILE,36617,MOBILE,Acute Care Hospitals,Government - State,Yes,OP_18b,"Average (median) time patients spent in the emergency department before leaving from the visit, excluding patients transferred to another facility or psychiatric care/mental health patients. A lower number of minutes is better",2024-10-01,2025-09-30,211.0,211,385,,149.0,"25, 26",Minutes,62.0,1,true,true,AL
010089,WALKER BAPTIST MEDICAL CENTER,AL,3400 HIGHWAY 78 EAST,JASPER,35502,WALKER,Acute Care Hospitals,Proprietary,Yes,OP_18b,"Average (median) time patients spent in the emergency department before leaving from the visit, excluding patients transferred to another facility or psychiatric care/mental health patients. A lower number of minutes is better",2024-10-01,2025-09-30,155.0,155,427,,149.0,"25, 26",Minutes,6.0,1,true,true,AL
010090,"USA HEALTH HCA PROVIDENCE HOSPITAL, LLC",AL,6801 AIRPORT BOULEVARD,MOBILE,36608,MOBILE,Acute Care Hospitals,Voluntary non-profit - Church,Yes,OP_18b,"Average (median) time patients spent in the emergency department before leaving from the visit, excluding patients transferred to another facility or psychiatric care/mental health patients. A lower number of minutes is better",2024-10-01,2025-09-30,212.0,212,394,,149.0,"25, 26",Minutes,63.0,1,true,true,AL
010091,GROVE HILL MEMORIAL HOSPITAL,AL,295 JACKSON HWY S,GROVE HILL,36451,CLARKE,Acute Care Hospitals,Government - Hospital District or Authority,Yes,OP_18b,"Average (median) time patients spent in the emergency department before leaving from the visit, excluding patients transferred to another facility or psychiatric care/mental health patients. A lower number of minutes is better",2024-10-01,2025-09-30,166.0,166,357,,149.0,"25, 26",Minutes,17.0,1,true,true,AL
010092,DCH REGIONAL MEDICAL CENTER,AL,809 UNIVERSITY BOULEVARD EAST,TUSCALOOSA,35401,TUSCALOOSA,Acute Care Hospitals,Government - Hospital District or Authority,Yes,OP_18b,"Average (median) time patients spent in the emergency department before leaving from the visit, excluding patients transferred to another facility or psychiatric care/mental health patients. A lower number of minutes is better",2024-10-01,2025-09-30,237.0,237,382,,149.0,"25, 26",Minutes,88.0,1,true,true,AL
010095,HALE COUNTY HOSPITAL,AL,508 GREENE STREET,GREENSBORO,36744,HALE,Acute Care Hospitals,Government - Hospital District or Authority,Yes,OP_18b,"Average (median) time patients spent in the emergency department before leaving from the visit, excluding patients transferred to another facility or psychiatric care/mental health patients. A lower number of minutes is better",2024-10-01,2025-09-30,100.0,100,336,,149.0,"25, 26",Minutes,-49.0,0,true,true,AL
010097,ELMORE COMMUNITY HOSPITAL,AL,500 HOSPITAL DRIVE,WETUMPKA,36092,ELMORE,Acute Care Hospitals,Proprietary,Yes,OP_18b,"Average (median) time patients spent in the emergency department before leaving from the visit, excluding patients transferred to another facility or psychiatric care/mental health patients. A lower number of minutes is better",2024-10-01,2025-09-30,110.0,110,333,,149.0,"25, 26",Minutes,-39.0,0,true,true,AL
010099,D W MCMILLAN MEMORIAL HOSPITAL,AL,1301 BELLEVILLE AVENUE,BREWTON,36426,ESCAMBIA,Acute Care Hospitals,Government - Hospital District or Authority,Yes,OP_18b,"Average (median) time patients spent in the emergency department before leaving from the visit, excluding patients transferred to another facility or psychiatric care/mental health patients. A lower number of minutes is better",2024-10-01,2025-09-30,166.0,166,395,,149.0,"25, 26",Minutes,17.0,1,true,true,AL
010100,THOMAS HOSPITAL,AL,750 MORPHY AVENUE,FAIRHOPE,36532,BALDWIN,Acute Care Hospitals,Voluntary non-profit - Private,Yes,OP_18b,"Average (median) time patients spent in the emergency department before leaving from the visit, excluding patients transferred to another facility or psychiatric care/mental health patients. A lower number of minutes is better",2024-10-01,2025-09-30,188.0,188,376,,149.0,"25, 26",Minutes,39.0,1,true,true,AL
010101,CITIZENS BAPTIST MEDICAL CENTER,AL,604 STONE AVENUE,TALLADEGA,35160,TALLADEGA,Acute Care Hospitals,Voluntary non-profit - Private,Yes,OP_18b,"Average (median) time patients spent in the emergency department before leaving from the visit, excluding patients transferred to another facility or psychiatric care/mental health patients. A lower number of minutes is better",2024-10-01,2025-09-30,118.0,118,407,,149.0,"25, 26",Minutes,-31.0,0,true,true,AL
010103,PRINCETON BAPTIST MEDICAL CENTER,AL,701 PRINCETON AVENUE SOUTHWEST,BIRMINGHAM,35211,JEFFERSON,Acute Care Hospitals,Voluntary non-profit - Church,Yes,OP_18b,"Average (median) time patients spent in the emergency department before leaving from the visit, excluding patients transferred to another facility or psychiatric care/mental health patients. A lower number of minutes is better",2024-10-01,2025-09-30,164.0,164,424,,149.0,"25, 26",Minutes,15.0,1,true,true,AL
010104,GRANDVIEW MEDICAL CENTER,AL,3690 GRANDVIEW PARKWAY,BIRMINGHAM,35243,JEFFERSON,Acute Care Hospitals,Proprietary,Yes,OP_18b,"Average (median) time patients spent in the emergency department before leaving from the visit, excluding patients transferred to another facility or psychiatric care/mental health patients. A lower number of minutes is better",2024-10-01,2025-09-30,174.0,174,415,,149.0,"25, 26",Minutes,25.0,1,true,true,AL
010108,PRATTVILLE BAPTIST HOSPITAL,AL,124 S MEMORIAL DR,PRATTVILLE,36067,AUTAUGA,Acute Care Hospitals,Government - Hospital District or Authority,Yes,OP_18b,"Average (median) time patients spent in the emergency department before leaving from the visit, excluding patients transferred to another facility or psychiatric care/mental health patients. A lower number of minutes is better",2024-10-01,2025-09-30,204.0,204,391,,149.0,"25, 26",Minutes,55.0,1,true,true,AL
010110,BULLOCK COUNTY HOSPITAL,AL,102 WEST CONECUH AVENUE,UNION SPRINGS,36089,BULLOCK,Acute Care Hospitals,Proprietary,Yes,OP_18b,"Average (median) time patients spent in the emergency department before leaving from the visit, excluding patients transferred to another facility or psychiatric care/mental health patients. A lower number of minutes is better",2024-10-01,2025-09-30,,Not Available,Not Available,5,149.0,"25, 26",Minutes,,,true,true,AL
010112,WHITFIELD REGIONAL HOSPITAL,AL,105 HIGHWAY 80 EAST,DEMOPOLIS,36732,MARENGO,Acute Care Hospitals,Government - Hospital District or Authority,Yes,OP_18b,"Average (median) time patients spent in the emergency department before leaving from the visit, excluding patients transferred to another facility or psychiatric care/mental health patients. A lower number of minutes is better",2024-10-01,2025-09-30,119.0,119,363,,149.0,"25, 26",Minutes,-30.0,0,true,true,AL
010113,MOBILE INFIRMARY MEDICAL CENTER,AL,5 MOBILE INFIRMARY CIRCLE,MOBILE,36607,MOBILE,Acute Care Hospitals,Voluntary non-profit - Private,Yes,OP_18b,"Average (median) time patients spent in the emergency department before leaving from the visit, excluding patients transferred to another facility or psychiatric care/mental health patients. A lower number of minutes is better",2024-10-01,2025-09-30,185.0,185,395,,149.0,"25, 26",Minutes,36.0,1,true,true,AL
010114,"MEDICAL WEST, AN AFFILIATE OF UAB HEALTH SYSTEM",AL,995 9TH AVENUE SOUTHWEST,BESSEMER,35022,JEFFERSON,Acute Care Hospitals,Government - Hospital District or Authority,Yes,OP_18b,"Average (median) time patients spent in the emergency department before leaving from the visit, excluding patients transferred to another facility or psychiatric care/mental health patients. A lower number of minutes is better",2024-10-01,2025-09-30,147.0,147,708,,149.0,"25, 26",Minutes,-2.0,0,true,true,AL
010118,VAUGHAN REGIONAL MEDICAL CENTER PARKWAY CAMPUS,AL,1015 MEDICAL CENTER PARKWAY,SELMA,36701,DALLAS,Acute Care Hospitals,Proprietary,Yes,OP_18b,"Average (median) time patients spent in the emergency department before leaving from the visit, excluding patients transferred to another facility or psychiatric care/mental health patients. A lower number of minutes is better",2024-10-01,2025-09-30,164.0,164,392,,149.0,"25, 26",Minutes,15.0,1,true,true,AL
010125,LAKELAND COMMUNITY HOSPITAL,AL,42024 HIGHWAY 195 E,HALEYVILLE,35565,WINSTON,Acute Care Hospitals,Proprietary,Yes,OP_18b,"Average (median) time patients spent in the emergency department before leaving from the visit, excluding patients transferred to another facility or psychiatric care/mental health patients. A lower number of minutes is better",2024-10-01,2025-09-30,96.0,96,417,,149.0,"25, 26",Minutes,-53.0,0,true,true,AL
010126,TROY REGIONAL MEDICAL CENTER,AL,1330 HIGHWAY 231 SOUTH,TROY,36081,PIKE,Acute Care Hospitals,Government - Federal,Yes,OP_18b,"Average (median) time patients spent in the emergency department before leaving from the visit, excluding patients transferred to another facility or psychiatric care/mental health patients. A lower number of minutes is better",2024-10-01,2025-09-30,112.0,112,353,,149.0,"25, 26",Minutes,-37.0,0,true,true,AL
010128,JACKSON MEDICAL CENTER,AL,220 HOSPITAL DRIVE,JACKSON,36545,CLARKE,Acute Care Hospitals,Proprietary,Yes,OP_18b,"Average (median) time patients spent in the emergency department before leaving from the visit, excluding patients transferred to another facility or psychiatric care/mental health patients. A lower number of minutes is better",2024-10-01,2025-09-30,124.0,124,308,,149.0,"25, 26",Minutes,-25.0,0,true,true,AL
010129,NORTH BALDWIN INFIRMARY,AL,1815 HAND AVENUE,BAY MINETTE,36507,BALDWIN,Acute Care Hospitals,Voluntary non-profit - Private,Yes,OP_18b,"Average (median) time patients spent in the emergency department before leaving from the visit, excluding patients transferred to another facility or psychiatric care/mental health patients. A lower number of minutes is better",2024-10-01,2025-09-30,180.0,180,372,,149.0,"25, 26",Minutes,31.0,1,true,true,AL
010130,ST VINCENT'S ST CLAIR,AL,7063 VETERANS PARKWAY,PELL CITY,35125,ST. CLAIR,Acute Care Hospitals,Voluntary non-profit - Private,Yes,OP_18b,"Average (median) time patients spent in the emergency department before leaving from the visit, excluding patients transferred to another facility or psychiatric care/mental health patients. A lower number of minutes is better",2024-10-01,2025-09-30,154.0,154,352,,149.0,"25, 26",Minutes,5.0,1,true,true,AL
010131,CRESTWOOD MEDICAL CENTER,AL,ONE HOSPITAL DR SE,HUNTSVILLE,35801,MADISON,Acute Care Hospitals,Proprietary,Yes,OP_18b,"Average (median) time patients spent in the emergency department before leaving from the visit, excluding patients transferred to another facility or psychiatric care/mental health patients. A lower number of minutes is better",2024-10-01,2025-09-30,164.0,164,418,,149.0,"25, 26",Minutes,15.0,1,true,true,AL
010138,HILL HOSPITAL OF SUMTER COUNTY,AL,751 DERBY DRIVE,YORK,36925,SUMTER,Acute Care Hospitals,Government - Hospital District or Authority,Yes,OP_18b,"Average (median) time patients spent in the emergency department before leaving from the visit, excluding patients transferred to another facility or psychiatric care/mental health patients. A lower number of minutes is better",2024-10-01,2025-09-30,141.0,141,281,,149.0,"25, 26",Minutes,-8.0,0,true,true,AL
010139,BAPTIST HEALTH BROOKWOOD HOSPITAL,AL,2010 BROOKWOOD MEDICAL CENTER DRIVE,BIRMINGHAM,35209,JEFFERSON,Acute Care Hospitals,Proprietary,Yes,OP_18b,"Average (median) time patients spent in the emergency department before leaving from the visit, excluding patients transferred to another facility or psychiatric care/mental health patients. A lower number of minutes is better",2024-10-01,2025-09-30,158.0,158,426,,149.0,"25, 26",Minutes,9.0,1,true,true,AL
010144,SPRINGHILL MEDICAL CENTER,AL,3719 DAUPHIN STREET,MOBILE,36608,MOBILE,Acute Care Hospitals,Proprietary,Yes,OP_18b,"Average (median) time patients spent in the emergency department before leaving from the visit, excluding patients transferred to another facility or psychiatric care/mental health patients. A lower number of minutes is better",2024-10-01,2025-09-30,147.0,147,651,,149.0,"25, 26",Minutes,-2.0,0,true,true,AL
010148,EVERGREEN MEDICAL CENTER,AL,101 CRESTVIEW AVENUE,EVERGREEN,36401,CONECUH,Acute Care Hospitals,Proprietary,Yes,OP_18b,"Average (median) time patients spent in the emergency department before leaving from the visit, excluding patients transferred to another facility or psychiatric care/mental health patients. A lower number of minutes is better",2024-10-01,2025-09-30,118.0,118,337,,149.0,"25, 26",Minutes,-31.0,0,true,true,AL
010149,BAPTIST MEDICAL CENTER EAST,AL,400 TAYLOR ROAD,MONTGOMERY,36117,MONTGOMERY,Acute Care Hospitals,Government - Hospital District or Authority,Yes,OP_18b,"Average (median) time patients spent in the emergency department before leaving from the visit, excluding patients transferred to another facility or psychiatric care/mental health patients. A lower number of minutes is better",2024-10-01,2025-09-30,239.0,239,399,,149.0,"25, 26",Minutes,90.0,1,true,true,AL
010150,THE HEALTH CARE AUTHORITY OF THE CITY OF GREENVILLE- LV STABLER HOSPITAL,AL,29 L V STABLER DRIVE,GREENVILLE,36037,BUTLER,Acute Care Hospitals,Proprietary,Yes,OP_18b,"Average (median) time patients spent in the emergency department before leaving from the visit, excluding patients transferred to another facility or psychiatric care/mental health patients. A lower number of minutes is better",2024-10-01,2025-09-30,115.0,115,353,,149.0,"25, 26",Minutes,-34.0,0,true,true,AL
010157,NORTH ALABAMA SHOALS HOSPITAL,AL,201 WEST AVALON AVENUE,MUSCLE SHOALS,35661,COLBERT,Acute Care Hospitals,Proprietary,Yes,OP_18b,"Average (median) time patients spent in the emergency department before leaving from the visit, excluding patients transferred to another facility or psychiatric care/mental health patients. A lower number of minutes is better",2024-10-01,2025-09-30,103.0,103,348,,149.0,"25, 26",Minutes,-46.0,0,true,true,AL
010158,RUSSELLVILLE HOSPITAL,AL,15155 HIGHWAY 43,RUSSELLVILLE,35653,FRANKLIN,Acute Care Hospitals,Proprietary,Yes,OP_18b,"Average (median) time patients spent in the emergency department before leaving from the visit, excluding patients transferred to another facility or psychiatric care/mental health patients. A lower number of minutes is better",2024-10-01,2025-09-30,101.0,101,381,,149.0,"25, 26",Minutes,-48.0,0,true,true,AL
010164,COOSA VALLEY MEDICAL CENTER,AL,315 W HICKORY ST,SYLACAUGA,35150,TALLADEGA,Acute Care Hospitals,Government - Hospital District or Authority,Yes,OP_18b,"Average (median) time patients spent in the emergency department before leaving from the visit, excluding patients transferred to another facility or psychiatric care/mental health patients. A lower number of minutes is better",2024-10-01,2025-09-30,124.0,124,479,,149.0,"25, 26",Minutes,-25.0,0,true,true,AL
010168,JACK HUGHSTON MEMORIAL HOSPITAL,AL,4401 RIVER CHASE DRIVE,PHENIX CITY,36867,RUSSELL,Acute Care Hospitals,Government - State,Yes,OP_18b,"Average (median) time patients spent in the emergency department before leaving from the visit, excluding patients transferred to another facility or psychiatric care/mental health patients. A lower number of minutes is better",2024-10-01,2025-09-30,129.0,129,409,,149.0,"25, 26",Minutes,-20.0,0,true,true,AL
010169,ATMORE COMMUNITY HOSPITAL,AL,401 MEDICAL PARK DRIVE,ATMORE,36502,ESCAMBIA,Acute Care Hospitals,Government - Hospital District or Authority,Yes,OP_18b,"Average (median) time patients spent in the emergency department before leaving from the visit, excluding patients transferred to another facility or psychiatric care/mental health patients. A lower number of minutes is better",2024-10-01,2025-09-30,126.0,126,411,,149.0,"25, 26",Minutes,-23.0,0,true,true,AL
010173,ST VINCENT'S CHILTON,AL,2030 LAY DAM ROAD,CLANTON,35045,CHILTON,Acute Care Hospitals,Voluntary non-profit - Church,Yes,OP_18b,"Average (median) time patients spent in the emergency department before leaving from the visit, excluding patients transferred to another facility or psychiatric care/mental health patients. A lower number of minutes is better",2024-10-01,2025-09-30,164.0,164,342,,149.0,"25, 26",Minutes,15.0,1,true,true,AL
010779,BULLOCK COUNTY HOSPITAL,AL,102 WEST CONECUH AVENUE,UNION SPRINGS,36089,BULLOCK,Rural Emergency Hospital,Proprietary,Yes,OP_18b,"Average (median) time patients spent in the emergency department before leaving from the visit, excluding patients transferred to another facility or psychiatric care/mental health patients. A lower number of minutes is better",2024-10-01,2025-09-30,,Not Available,Not Available,19,149.0,"25, 26",Minutes,,,true,true,AL
010780,EAMC - LANIER,AL,4800 48TH STREET,VALLEY,36854,CHAMBERS,Rural Emergency Hospital,Government - Hospital District or Authority,Yes,OP_18b,"Average (median) time patients spent in the emergency department before leaving from the visit, excluding patients transferred to another facility or psychiatric care/mental health patients. A lower number of minutes is better",2024-10-01,2025-09-30,,Not Available,Not Available,19,149.0,"25, 26",Minutes,,,true,true,AL
010781,J PAUL JONES HOSPITAL,AL,317 MCWILLIAMS AVENUE,CAMDEN,36726,WILCOX,Rural Emergency Hospital,Government - Local,Yes,OP_18b,"Average (median) time patients spent in the emergency department before leaving from the visit, excluding patients transferred to another facility or psychiatric care/mental health patients. A lower number of minutes is better",2024-10-01,2025-09-30,,Not Available,Not Available,19,149.0,"25, 26",Minutes,,,true,true,AL
011300,WASHINGTON COUNTY HOSPITAL,AL,14600 ST. STEPHENS AVENUE,CHATOM,36518,WASHINGTON,Critical Access Hospitals,Government - Local,Yes,OP_18b,"Average (median) time patients spent in the emergency department before leaving from the visit, excluding patients transferred to another facility or psychiatric care/mental health patients. A lower number of minutes is better",2024-10-01,2025-09-30,,Not Available,Not Available,5,149.0,"25, 26",Minutes,,,true,true,AL
011302,RED BAY HOSPITAL,AL,211 HOSPITAL ROAD,RED BAY,35582,FRANKLIN,Critical Access Hospitals,Government - Hospital District or Authority,Yes,OP_18b,"Average (median) time patients spent in the emergency department before leaving from the visit, excluding patients transferred to another facility or psychiatric care/mental health patients. A lower number of minutes is better",2024-10-01,2025-09-30,131.0,131,312,,149.0,"25, 26",Minutes,-18.0,0,true,true,AL
011304,OCHSNER CHOCTAW GENERAL,AL,"401 VANITY FAIR LANE, PO BOX 618",BUTLER,36904,CHOCTAW,Critical Access Hospitals,Voluntary non-profit - Private,Yes,OP_18b,"Average (median) time patients spent in the emergency department before leaving from the visit, excluding patients transferred to another facility or psychiatric care/mental health patients. A lower number of minutes is better",2024-10-01,2025-09-30,119.0,119,363,,149.0,"25, 26",Minutes,-30.0,0,true,true,AL
011305,ST VINCENTS BLOUNT,AL,150 GILBREATH DRIVE,ONEONTA,35121,BLOUNT,Critical Access Hospitals,Voluntary non-profit - Private,No,OP_18b,"Average (median) time patients spent in the emergency department before leaving from the visit, excluding patients transferred to another facility or psychiatric care/mental health patients. A lower number of minutes is better",2024-10-01,2025-09-30,132.0,132,336,,149.0,"25, 26",Minutes,-17.0,0,true,true,AL
011306,TANNER MEDICAL CENTER-EAST ALABAMA,AL,1032 MAIN STREET SOUTH,WEDOWEE,36278,RANDOLPH,Critical Access Hospitals,Government - Hospital District or Authority,Yes,OP_18b,"Average (median) time patients spent in the emergency department before leaving from the visit, excluding patients transferred to another facility or psychiatric care/mental health patients. A lower number of minutes is better",2024-10-01,2025-09-30,96.0,96,536,,149.0,"25, 26",Minutes,-53.0,0,true,true,AL
011307,MEDICAL CENTER BARBOUR,AL,820 W WASHINGTON ST,EUFAULA,36027,BARBOUR,Critical Access Hospitals,Government - Hospital District or Authority,Yes,OP_18b,"Average (median) time patients spent in the emergency department before leaving from the visit, excluding patients transferred to another facility or psychiatric care/mental health patients. A lower number of minutes is better",2024-10-01,2025-09-30,157.0,157,133,,149.0,"25, 26",Minutes,8.0,1,true,true,AL
011308,CRENSHAW COMMUNITY HOSPITAL,AL,101 HOSPITAL CIRCLE,LUVERNE,36049,CRENSHAW,Critical Access Hospitals,Government - Hospital District or Authority,Yes,OP_18b,"Average (median) time patients spent in the emergency department before leaving from the visit, excluding patients transferred to another facility or psychiatric care/mental health patients. A lower number of minutes is better",2024-10-01,2025-09-30,108.0,108,187,3,149.0,"25, 26",Minutes,-41.0,0,true,true,AL
011309,WIREGRASS MEDICAL CENTER,AL,1200 W MAPLE AVENUE,GENEVA,36340,GENEVA,Critical Access Hospitals,Government - Hospital District or Authority,Yes,OP_18b,"Average (median) time patients spent in the emergency department before leaving from the visit, excluding patients transferred to another facility or psychiatric care/mental health patients. A lower number of minutes is better",2024-10-01,2025-09-30,59.0,59,190,3,149.0,"25, 26",Minutes,-90.0,0,true,true,AL
011311,LAKELAND COMMUNITY HOSPITAL,AL,42024 HIGHWAY 195 E,HALEYVILLE,35565,WINSTON,Critical Access Hospitals,Proprietary,Yes,OP_18b,"Average (median) time patients spent in the emergency department before leaving from the visit, excluding patients transferred to another facility or psychiatric care/mental health patients. A lower number of minutes is better",2024-10-01,2025-09-30,,Not Available,Not Available,5,149.0,"25, 26",Minutes,,,true,true,AL
013300,THE CHILDREN'S HOSPITAL OF ALABAMA,AL,1600 SEVENTH AVENUE SOUTH,BIRMINGHAM,35233,JEFFERSON,Childrens,Voluntary non-profit - Private,Yes,OP_18b,"Average (median) time patients spent in the emergency department before leaving from the visit, excluding patients transferred to another facility or psychiatric care/mental health patients. A lower number of minutes is better",2024-10-01,2025-09-30,,Not Available,Not Available,19,149.0,"25, 26",Minutes,,,true,true,AL
013301,USA HEALTH CHILDREN'S & WOMEN'S HOSPITAL,AL,1700 CENTER STREET,MOBILE,36604,MOBILE,Childrens,Government - State,Yes,OP_18b,"Average (median) time patients spent in the emergency department before leaving from the visit, excluding patients transferred to another facility or psychiatric care/mental health patients. A lower number of minutes is better",2024-10-01,2025-09-30,,Not Available,Not Available,19,149.0,"25, 26",Minutes,,,true,true,AL
190002,OCHSNER LAFAYETTE GENERAL MEDICAL CENTER,LA,1214 COOLIDGE AVENUE,LAFAYETTE,70503,LAFAYETTE,Acute Care Hospitals,Voluntary non-profit - Private,Yes,OP_18b,"Average (median) time patients spent in the emergency department before leaving from the visit, excluding patients transferred to another facility or psychiatric care/mental health patients. A lower number of minutes is better",2024-10-01,2025-09-30,166.0,166,371,,129.0,"25, 26",Minutes,37.0,1,true,true,LA
190004,THIBODAUX REGIONAL MEDICAL CENTER,LA,602 N ACADIA ROAD,THIBODAUX,70301,LAFOURCHE,Acute Care Hospitals,Voluntary non-profit - Private,Yes,OP_18b,"Average (median) time patients spent in the emergency department before leaving from the visit, excluding patients transferred to another facility or psychiatric care/mental health patients. A lower number of minutes is better",2024-10-01,2025-09-30,171.0,171,457,,129.0,"25, 26",Minutes,42.0,1,true,true,LA
190005,UNIVERSITY MEDICAL CENTER NEW ORLEANS,LA,2000 CANAL STREET,NEW ORLEANS,70112,ORLEANS,Acute Care Hospitals,Voluntary non-profit - Private,Yes,OP_18b,"Average (median) time patients spent in the emergency department before leaving from the visit, excluding patients transferred to another facility or psychiatric care/mental health patients. A lower number of minutes is better",2024-10-01,2025-09-30,327.0,327,376,,129.0,"25, 26",Minutes,198.0,1,true,true,LA
190006,OCHSNER UNIVERSITY HOSPITAL AND CLINICS,LA,2390 WEST CONGRESS,LAFAYETTE,70506,LAFAYETTE,Acute Care Hospitals,Voluntary non-profit - Private,Yes,OP_18b,"Average (median) time patients spent in the emergency department before leaving from the visit, excluding patients transferred to another facility or psychiatric care/mental health patients. A lower number of minutes is better",2024-10-01,2025-09-30,143.0,143,332,,129.0,"25, 26",Minutes,14.0,1,true,true,LA
190007,NATCHITOCHES REGIONAL MEDICAL CENTER,LA,501 KEYSER AVE,NATCHITOCHES,71457,NATCHITOCHES,Acute Care Hospitals,Government - Hospital District or Authority,Yes,OP_18b,"Average (median) time patients spent in the emergency department before leaving from the visit, excluding patients transferred to another facility or psychiatric care/mental health patients. A lower number of minutes is better",2024-10-01,2025-09-30,158.0,158,350,,129.0,"25, 26",Minutes,29.0,1,true,true,LA
190008,TERREBONNE GENERAL MEDICAL CENTER - PARISH,LA,8166 MAIN STREET,HOUMA,70360,TERREBONNE,Acute Care Hospitals,Government - Hospital District or Authority,Yes,OP_18b,"Average (median) time patients spent in the emergency department before leaving from the visit, excluding patients transferred to another facility or psychiatric care/mental health patients. A lower number of minutes is better",2024-10-01,2025-09-30,133.0,133,359,,129.0,"25, 26",Minutes,4.0,1,true,true,LA
190011,OCHSNER LSU HEALTH MONROE,LA,4864 JACKSON STREET,MONROE,71202,OUACHITA,Acute Care Hospitals,Voluntary non-profit - Private,Yes,OP_18b,"Average (median) time patients spent in the emergency department before leaving from the visit, excluding patients transferred to another facility or psychiatric care/mental health patients. A lower number of minutes is better",2024-10-01,2025-09-30,152.0,152,366,,129.0,"25, 26",Minutes,23.0,1,true,true,LA
190013,WEST CALCASIEU CAMERON HOSPITAL,LA,701 EAST CYPRESS STREET,SULPHUR,70663,CALCASIEU,Acute Care Hospitals,Government - Hospital District or Authority,Yes,OP_18b,"Average (median) time patients spent in the emergency department before leaving from the visit, excluding patients transferred to another facility or psychiatric care/mental health patients. A lower number of minutes is better",2024-10-01,2025-09-30,123.0,123,583,,129.0,"25, 26",Minutes,-6.0,0,true,true,LA
190014,OCHSNER ST MARY,LA,1125 MARGUERITE STREET,MORGAN CITY,70380,ST. MARY,Acute Care Hospitals,Voluntary non-profit - Private,Yes,OP_18b,"Average (median) time patients spent in the emergency department before leaving from the visit, excluding patients transferred to another facility or psychiatric care/mental health patients. A lower number of minutes is better",2024-10-01,2025-09-30,89.0,89,372,,129.0,"25, 26",Minutes,-40.0,0,true,true,LA
190015,NORTH OAKS MEDICAL CENTER,LA,15790 PAUL VEGA MD DRIVE,HAMMOND,70403,TANGIPAHOA,Acute Care Hospitals,Government - Hospital District or Authority,Yes,OP_18b,"Average (median) time patients spent in the emergency department before leaving from the visit, excluding patients transferred to another facility or psychiatric care/mental health patients. A lower number of minutes is better",2024-10-01,2025-09-30,159.0,159,350,,129.0,"25, 26",Minutes,30.0,1,true,true,LA
190017,OPELOUSAS GENERAL HEALTH SYSTEM,LA,539 EAST PRUDHOMME STREET,OPELOUSAS,70570,ST. LANDRY,Acute Care Hospitals,Government - Hospital District or Authority,Yes,OP_18b,"Average (median) time patients spent in the emergency department before leaving from the visit, excluding patients transferred to another facility or psychiatric care/mental health patients. A lower number of minutes is better",2024-10-01,2025-09-30,122.0,122,407,,129.0,"25, 26",Minutes,-7.0,0,true,true,LA
190019,CHRISTUS ST FRANCES CABRINI HOSPITAL,LA,3330 MASONIC DRIVE,ALEXANDRIA,71301,RAPIDES,Acute Care Hospitals,Voluntary non-profit - Private,Yes,OP_18b,"Average (median) time patients spent in the emergency department before leaving from the visit, excluding patients transferred to another facility or psychiatric care/mental health patients. A lower number of minutes is better",2024-10-01,2025-09-30,215.0,215,363,,129.0,"25, 26",Minutes,86.0,1,true,true,LA
190020,LANE REGIONAL MEDICAL CENTER,LA,6300 MAIN STREET,ZACHARY,70791,E. BATON ROUGE,Acute Care Hospitals,Government - Hospital District or Authority,Yes,OP_18b,"Average (median) time patients spent in the emergency department before leaving from the visit, excluding patients transferred to another facility or psychiatric care/mental health patients. A lower number of minutes is better",2024-10-01,2025-09-30,184.0,184,440,,129.0,"25, 26",Minutes,55.0,1,true,true,LA
190025,SAVOY MEDICAL CENTER,LA,801 POINCIANA AVENUE,MAMOU,70554,EVANGELINE,Acute Care Hospitals,Voluntary non-profit - Other,Yes,OP_18b,"Average (median) time patients spent in the emergency department before leaving from the visit, excluding patients transferred to another facility or psychiatric care/mental health patients. A lower number of minutes is better",2024-10-01,2025-09-30,108.0,108,297,,129.0,"25, 26",Minutes,-21.0,0,true,true,LA
190026,RAPIDES REGIONAL MEDICAL CENTER,LA,211 4TH STREET,ALEXANDRIA,71301,RAPIDES,Acute Care Hospitals,Proprietary,Yes,OP_18b,"Average (median) time patients spent in the emergency department before leaving from the visit, excluding patients transferred to another facility or psychiatric care/mental health patients. A lower number of minutes is better",2024-10-01,2025-09-30,137.0,137,407,,129.0,"25, 26",Minutes,8.0,1,true,true,LA
190027,CHRISTUS OCHSNER ST PATRICK HOSPITAL,LA,524 DR MICHAEL DEBAKEY DRIVE,LAKE CHARLES,70601,CALCASIEU,Acute Care Hospitals,Voluntary non-profit - Private,Yes,OP_18b,"Average (median) time patients spent in the emergency department before leaving from the visit, excluding patients transferred to another facility or psychiatric care/mental health patients. A lower number of minutes is better",2024-10-01,2025-09-30,142.0,142,367,,129.0,"25, 26",Minutes,13.0,1,true,true,LA
190034,ABBEVILLE GENERAL HOSPITAL,LA,118 N HOSPITAL DR,ABBEVILLE,70510,VERMILION,Acute Care Hospitals,Government - Hospital District or Authority,Yes,OP_18b,"Average (median) time patients spent in the emergency department before leaving from the visit, excluding patients transferred to another facility or psychiatric care/mental health patients. A lower number of minutes is better",2024-10-01,2025-09-30,117.0,117,397,,129.0,"25, 26",Minutes,-12.0,0,true,true,LA
190036,OCHSNER MEDICAL CENTER ACUTE,LA,1516 JEFFERSON HWY,NEW ORLEANS,70121,JEFFERSON,Acute Care Hospitals,Voluntary non-profit - Private,Yes,OP_18b,"Average (median) time patients spent in the emergency department before leaving from the visit, excluding patients transferred to another facility or psychiatric care/mental health patients. A lower number of minutes is better",2024-10-01,2025-09-30,174.0,174,386,,129.0,"25, 26",Minutes,45.0,1,true,true,LA
190039,WEST JEFFERSON MEDICAL CENTER,LA,1101 MEDICAL CENTER BLVD,MARRERO,70072,JEFFERSON,Acute Care Hospitals,Voluntary non-profit - Private,Yes,OP_18b,"Average (median) time patients spent in the emergency department before leaving from the visit, excluding patients transferred to another facility or psychiatric care/mental health patients. A lower number of minutes is better",2024-10-01,2025-09-30,147.0,147,388,,129.0,"25, 26",Minutes,18.0,1,true,true,LA
190040,SLIDELL MEMORIAL HOSPITAL,LA,1001 GAUSE BLVD,SLIDELL,70458,ST. TAMMANY,Acute Care Hospitals,Government - Hospital District or Authority,Yes,OP_18b,"Average (median) time patients spent in the emergency department before leaving from the visit, excluding patients transferred to another facility or psychiatric care/mental health patients. A lower number of minutes is better",2024-10-01,2025-09-30,203.0,203,368,,129.0,"25, 26",Minutes,74.0,1,true,true,LA
190041,CHRISTUS SHREVEPORT-BOSSIER HEALTH SYSTEM,LA,1453 E BERT KOUNS INDUSTRIAL DRIVE,SHREVEPORT,71105,CADDO,Acute Care Hospitals,Voluntary non-profit - Private,Yes,OP_18b,"Average (median) time patients spent in the emergency department before leaving from the visit, excluding patients transferred to another facility or psychiatric care/mental health patients. A lower number of minutes is better",2024-10-01,2025-09-30,165.0,165,381,,129.0,"25, 26",Minutes,36.0,1,true,true,LA
190044,ACADIA GENERAL HOSPITAL,LA,1305 CROWLEY RAYNE HIGHWAY,CROWLEY,70526,ACADIA,Acute Care Hospitals,Voluntary non-profit - Private,Yes,OP_18b,"Average (median) time patients spent in the emergency department before leaving from the visit, excluding patients transferred to another facility or psychiatric care/mental health patients. A lower number of minutes is better",2024-10-01,2025-09-30,109.0,109,365,,129.0,"25, 26",Minutes,-20.0,0,true,true,LA
190045,ST TAMMANY PARISH HOSPITAL,LA,1202 S TYLER STREET,COVINGTON,70433,ST. TAMMANY,Acute Care Hospitals,Government - Hospital District or Authority,Yes,OP_18b,"Average (median) time patients spent in the emergency department before leaving from the visit, excluding patients transferred to another facility or psychiatric care/mental health patients. A lower number of minutes is better",2024-10-01,2025-09-30,161.0,161,388,,129.0,"25, 26",Minutes,32.0,1,true,true,LA
190046,TOURO INFIRMARY,LA,1401 FOUCHER STREET,NEW ORLEANS,70115,ORLEANS,Acute Care Hospitals,Voluntary non-profit - Private,Yes,OP_18b,"Average (median) time patients spent in the emergency department before leaving from the visit, excluding patients transferred to another facility or psychiatric care/mental health patients. A lower number of minutes is better",2024-10-01,2025-09-30,147.0,147,372,,129.0,"25, 26",Minutes,18.0,1,true,true,LA
190050,BEAUREGARD MEMORIAL HOSPITAL,LA,600 S PINE STREET,DERIDDER,70634,BEAUREGARD,Acute Care Hospitals,Government - Hospital District or Authority,Yes,OP_18b,"Average (median) time patients spent in the emergency department before leaving from the visit, excluding patients transferred to another facility or psychiatric care/mental health patients. A lower number of minutes is better",2024-10-01,2025-09-30,180.0,180,436,,129.0,"25, 26",Minutes,51.0,1,true,true,LA
190053,OCHSNER AMERICAN LEGION HOSPITAL,LA,1634 ELTON ROAD,JENNINGS,70546,JEFFRSON DAVIS,Acute Care Hospitals,Voluntary non-profit - Private,Yes,OP_18b,"Average (median) time patients spent in the emergency department before leaving from the visit, excluding patients transferred to another facility or psychiatric care/mental health patients. A lower number of minutes is better",2024-10-01,2025-09-30,104.0,104,368,,129.0,"25, 26",Minutes,-25.0,0,true,true,LA
190054,IBERIA MEDICAL CENTER,LA,2315 E MAIN STREET,NEW IBERIA,70560,IBERIA,Acute Care Hospitals,Voluntary non-profit - Private,Yes,OP_18b,"Average (median) time patients spent in the emergency department before leaving from the visit, excluding patients transferred to another facility or psychiatric care/mental health patients. A lower number of minutes is better",2024-10-01,2025-09-30,125.0,125,733,,129.0,"25, 26",Minutes,-4.0,0,true,true,LA
190060,LAKE CHARLES MEMORIAL HOSPITAL,LA,1701 OAK PARK BLVD,LAKE CHARLES,70601,CALCASIEU,Acute Care Hospitals,Voluntary non-profit - Private,Yes,OP_18b,"Average (median) time patients spent in the emergency department before leaving from the visit, excluding patients transferred to another facility or psychiatric care/mental health patients. A lower number of minutes is better",2024-10-01,2025-09-30,210.0,210,358,,129.0,"25, 26",Minutes,81.0,1,true,true,LA
190064,OUR LADY OF THE LAKE REGIONAL MEDICAL CENTER,LA,5000 HENNESSY BLVD,BATON ROUGE,70808,E. BATON ROUGE,Acute Care Hospitals,Voluntary non-profit - Church,Yes,OP_18b,"Average (median) time patients spent in the emergency department before leaving from the visit, excluding patients transferred to another facility or psychiatric care/mental health patients. A lower number of minutes is better",2024-10-01,2025-09-30,168.0,168,381,,129.0,"25, 26",Minutes,39.0,1,true,true,LA
190065,BATON ROUGE GENERAL MEDICAL CENTER,LA,8585 PICARDY AVE,BATON ROUGE,70809,E. BATON ROUGE,Acute Care Hospitals,Voluntary non-profit - Private,Yes,OP_18b,"Average (median) time patients spent in the emergency department before leaving from the visit, excluding patients transferred to another facility or psychiatric care/mental health patients. A lower number of minutes is better",2024-10-01,2025-09-30,210.0,210,360,,129.0,"25, 26",Minutes,81.0,1,true,true,LA
190079,ST CHARLES PARISH HOSPITAL,LA,1057 PAUL MAILLARD ROAD,LULING,70070,ST. CHARLES,Acute Care Hospitals,Government - Hospital District or Authority,Yes,OP_18b,"Average (median) time patients spent in the emergency department before leaving from the visit, excluding patients transferred to another facility or psychiatric care/mental health patients. A lower number of minutes is better",2024-10-01,2025-09-30,114.0,114,375,,129.0,"25, 26",Minutes,-15.0,0,true,true,LA
190086,NORTHERN LOUISIANA MEDICAL CENTER,LA,401 EAST VAUGHN AVENUE,RUSTON,71270,LINCOLN,Acute Care Hospitals,Proprietary,Yes,OP_18b,"Average (median) time patients spent in the emergency department before leaving from the visit, excluding patients transferred to another facility or psychiatric care/mental health patients. A lower number of minutes is better",2024-10-01,2025-09-30,135.0,135,383,,129.0,"25, 26",Minutes,6.0,1,true,true,LA
190088,SPRINGHILL MEDICAL CENTER,LA,2001 DOCTORS DRIVE,SPRINGHILL,71075,WEBSTER,Acute Care Hospitals,Voluntary non-profit - Private,Yes,OP_18b,"Average (median) time patients spent in the emergency department before leaving from the visit, excluding patients transferred to another facility or psychiatric care/mental health patients. A lower number of minutes is better",2024-10-01,2025-09-30,99.0,99,413,,129.0,"25, 26",Minutes,-30.0,0,true,true,LA
190090,WINN PARISH MEDICAL CENTER,LA,301 W BOUNDARY AVE,WINNFIELD,71483,WINN,Acute Care Hospitals,Proprietary,Yes,OP_18b,"Average (median) time patients spent in the emergency department before leaving from the visit, excluding patients transferred to another facility or psychiatric care/mental health patients. A lower number of minutes is better",2024-10-01,2025-09-30,100.0,100,350,,129.0,"25, 26",Minutes,-29.0,0,true,true,LA
190098,OCHSNER LSU HEALTH SHREVEPORT,LA,1541 KINGS HIGHWAY,SHREVEPORT,71130,CADDO,Acute Care Hospitals,Voluntary non-profit - Private,Yes,OP_18b,"Average (median) time patients spent in the emergency department before leaving from the visit, excluding patients transferred to another facility or psychiatric care/mental health patients. A lower number of minutes is better",2024-10-01,2025-09-30,247.0,247,283,,129.0,"25, 26",Minutes,118.0,1,true,true,LA
190099,AVOYELLES HOSPITAL,LA,4231 HIGHWAY 1192,MARKSVILLE,71351,AVOYELLES,Acute Care Hospitals,Proprietary,Yes,OP_18b,"Average (median) time patients spent in the emergency department before leaving from the visit, excluding patients transferred to another facility or psychiatric care/mental health patients. A lower number of minutes is better",2024-10-01,2025-09-30,77.0,77,379,,129.0,"25, 26",Minutes,-52.0,0,true,true,LA
190102,"OUR LADY OF LOURDES REGIONAL MEDICAL CENTER, INC",LA,4801 AMBASSADOR CAFFERY PARKWAY,LAFAYETTE,70508,LAFAYETTE,Acute Care Hospitals,Voluntary non-profit - Private,Yes,OP_18b,"Average (median) time patients spent in the emergency department before leaving from the visit, excluding patients transferred to another facility or psychiatric care/mental health patients. A lower number of minutes is better",2024-10-01,2025-09-30,140.0,140,406,,129.0,"25, 26",Minutes,11.0,1,true,true,LA
190106,OAKDALE COMMUNITY HOSPITAL,LA,130 N HOSPITAL DR,OAKDALE,71463,ALLEN,Acute Care Hospitals,Proprietary,Yes,OP_18b,"Average (median) time patients spent in the emergency department before leaving from the visit, excluding patients transferred to another facility or psychiatric care/mental health patients. A lower number of minutes is better",2024-10-01,2025-09-30,117.0,117,336,,129.0,"25, 26",Minutes,-12.0,0,true,true,LA
190111,WILLIS KNIGHTON MEDICAL CENTER,LA,2600 GREENWOOD ROAD,SHREVEPORT,71103,CADDO,Acute Care Hospitals,Voluntary non-profit - Private,Yes,OP_18b,"Average (median) time patients spent in the emergency department before leaving from the visit, excluding patients transferred to another facility or psychiatric care/mental health patients. A lower number of minutes is better",2024-10-01,2025-09-30,177.0,177,1723,,129.0,"25, 26",Minutes,48.0,1,true,true,LA
190114,CLAIBORNE MEMORIAL MEDICAL CENTER,LA,620 EAST COLLEGE STREET,HOMER,71040,CLAIBORNE,Acute Care Hospitals,Government - Hospital District or Authority,Yes,OP_18b,"Average (median) time patients spent in the emergency department before leaving from the visit, excluding patients transferred to another facility or psychiatric care/mental health patients. A lower number of minutes is better",2024-10-01,2025-09-30,84.0,84,586,,129.0,"25, 26",Minutes,-45.0,0,true,true,LA
190116,MOREHOUSE GENERAL HOSPITAL,LA,323 W WALNUT,BASTROP,71220,MOREHOUSE,Acute Care Hospitals,Government - Hospital District or Authority,Yes,OP_18b,"Average (median) time patients spent in the emergency department before leaving from the visit, excluding patients transferred to another facility or psychiatric care/mental health patients. A lower number of minutes is better",2024-10-01,2025-09-30,122.0,122,342,,129.0,"25, 26",Minutes,-7.0,0,true,true,LA
190118,DESOTO REGIONAL HEALTH SYSTEM,LA,207 JEFFERSON STREET,MANSFIELD,71052,DE SOTO,Acute Care Hospitals,Voluntary non-profit - Private,Yes,OP_18b,"Average (median) time patients spent in the emergency department before leaving from the visit, excluding patients transferred to another facility or psychiatric care/mental health patients. A lower number of minutes is better",2024-10-01,2025-09-30,109.0,109,331,,129.0,"25, 26",Minutes,-20.0,0,true,true,LA
190125,FMOL HEALTH ST FRANCIS,LA,309 JACKSON STREET,MONROE,71201,OUACHITA,Acute Care Hospitals,Voluntary non-profit - Private,Yes,OP_18b,"Average (median) time patients spent in the emergency department before leaving from the visit, excluding patients transferred to another facility or psychiatric care/mental health patients. A lower number of minutes is better",2024-10-01,2025-09-30,226.0,226,353,,129.0,"25, 26",Minutes,97.0,1,true,true,LA
190128,WOMANS HOSPITAL,LA,100 WOMAN'S WAY,BATON ROUGE,70817,E. BATON ROUGE,Acute Care Hospitals,Voluntary non-profit - Private,Yes,OP_18b,"Average (median) time patients spent in the emergency department before leaving from the visit, excluding patients transferred to another facility or psychiatric care/mental health patients. A lower number of minutes is better",2024-10-01,2025-09-30,147.0,147,495,,129.0,"25, 26",Minutes,18.0,1,true,true,LA
190133,ALLEN PARISH HOSPITAL,LA,108 6TH AVENUE,KINDER,70648,ALLEN,Acute Care Hospitals,Government - Hospital District or Authority,Yes,OP_18b,"Average (median) time patients spent in the emergency department before leaving from the visit, excluding patients transferred to another facility or psychiatric care/mental health patients. A lower number of minutes is better",2024-10-01,2025-09-30,105.0,105,409,,129.0,"25, 26",Minutes,-24.0,0,true,true,LA
190140,FRANKLIN MEDICAL CENTER,LA,2106 LOOP ROAD,WINNSBORO,71295,FRANKLIN,Acute Care Hospitals,Government - Hospital District or Authority,Yes,OP_18b,"Average (median) time patients spent in the emergency department before leaving from the visit, excluding patients transferred to another facility or psychiatric care/mental health patients. A lower number of minutes is better",2024-10-01,2025-09-30,145.0,145,372,,129.0,"25, 26",Minutes,16.0,1,true,true,LA
190144,MINDEN MEDICAL CENTER,LA,NO 1 MEDICAL PLAZA,MINDEN,71055,WEBSTER,Acute Care Hospitals,Proprietary,Yes,OP_18b,"Average (median) time patients spent in the emergency department before leaving from the visit, excluding patients transferred to another facility or psychiatric care/mental health patients. A lower number of minutes is better",2024-10-01,2025-09-30,121.0,121,330,,129.0,"25, 26",Minutes,-8.0,0,true,true,LA
190145,LASALLE GENERAL HOSPITAL,LA,187 NINTH ST/HWY 84 WEST,JENA,71342,LASALLE,Acute Care Hospitals,Government - Hospital District or Authority,No,OP_18b,"Average (median) time patients spent in the emergency department before leaving from the visit, excluding patients transferred to another facility or psychiatric care/mental health patients. A lower number of minutes is better",2024-10-01,2025-09-30,137.0,137,383,,129.0,"25, 26",Minutes,8.0,1,true,true,LA
190151,RICHARDSON MEDICAL CENTER,LA,254 HIGHWAY 3048,RAYVILLE,71269,RICHLAND,Acute Care Hospitals,Government - Hospital District or Authority,Yes,OP_18b,"Average (median) time patients spent in the emergency department before leaving from the visit, excluding patients transferred to another facility or psychiatric care/mental health patients. A lower number of minutes is better",2024-10-01,2025-09-30,65.0,65,383,,129.0,"25, 26",Minutes,-64.0,0,true,true,LA
190160,GLENWOOD REGIONAL MEDICAL CENTER,LA,503 MCMILLAN ROAD,WEST MONROE,71291,OUACHITA,Acute Care Hospitals,Proprietary,Yes,OP_18b,"Average (median) time patients spent in the emergency department before leaving from the visit, excluding patients transferred to another facility or psychiatric care/mental health patients. A lower number of minutes is better",2024-10-01,2025-09-30,158.0,158,363,,129.0,"25, 26",Minutes,29.0,1,true,true,LA
190164,BYRD REGIONAL HOSPITAL,LA,1020 FERTITTA BLVD,LEESVILLE,71446,VERNON,Acute Care Hospitals,Proprietary,Yes,OP_18b,"Average (median) time patients spent in the emergency department before leaving from the visit, excluding patients transferred to another facility or psychiatric care/mental health patients. A lower number of minutes is better",2024-10-01,2025-09-30,121.0,121,305,,129.0,"25, 26",Minutes,-8.0,0,true,true,LA
190167,MERCY REGIONAL MEDICAL CENTER,LA,800 E MAIN,VILLE PLATTE,70586,EVANGELINE,Acute Care Hospitals,Proprietary,Yes,OP_18b,"Average (median) time patients spent in the emergency department before leaving from the visit, excluding patients transferred to another facility or psychiatric care/mental health patients. A lower number of minutes is better",2024-10-01,2025-09-30,144.0,144,355,,129.0,"25, 26",Minutes,15.0,1,true,true,LA
190176,EAST JEFFERSON GENERAL HOSPITAL,LA,4200 HOUMA BLVD,METAIRIE,70006,JEFFERSON,Acute Care Hospitals,Voluntary non-profit - Private,Yes,OP_18b,"Average (median) time patients spent in the emergency department before leaving from the visit, excluding patients transferred to another facility or psychiatric care/mental health patients. A lower number of minutes is better",2024-10-01,2025-09-30,157.0,157,762,,129.0,"25, 26",Minutes,28.0,1,true,true,LA
190183,LEONARD J CHABERT MEDICAL CENTER,LA,1978 INDUSTRIAL BLVD,HOUMA,70363,TERREBONNE,Acute Care Hospitals,Voluntary non-profit - Other,Yes,OP_18b,"Average (median) time patients spent in the emergency department before leaving from the visit, excluding patients transferred to another facility or psychiatric care/mental health patients. A lower number of minutes is better",2024-10-01,2025-09-30,126.0,126,380,,129.0,"25, 26",Minutes,-3.0,0,true,true,LA
190184,CITIZENS MEDICAL CENTER,LA,7939 U S HWY 165 SOUTH,COLUMBIA,71418,CALDWELL,Acute Care Hospitals,Government - Hospital District or Authority,Yes,OP_18b,"Average (median) time patients spent in the emergency department before leaving from the visit, excluding patients transferred to another facility or psychiatric care/mental health patients. A lower number of minutes is better",2024-10-01,2025-09-30,124.0,124,770,,129.0,"25, 26",Minutes,-5.0,0,true,true,LA
190190,"CALDWELL MEMORIAL HOSPITAL, INC",LA,411 MAIN STREET,COLUMBIA,71418,CALDWELL,Acute Care Hospitals,Proprietary,No,OP_18b,"Average (median) time patients spent in the emergency department before leaving from the visit, excluding patients transferred to another facility or psychiatric care/mental health patients. A lower number of minutes is better",2024-10-01,2025-09-30,,Not Available,Not Available,5,129.0,"25, 26",Minutes,,,true,true,LA
190201,CHRISTUS OCHSNER LAKE AREA HOSPITAL,LA,4200 NELSON ROAD,LAKE CHARLES,70605,CALCASIEU,Acute Care Hospitals,Voluntary non-profit - Private,Yes,OP_18b,"Average (median) time patients spent in the emergency department before leaving from the visit, excluding patients transferred to another facility or psychiatric care/mental health patients. A lower number of minutes is better",2024-10-01,2025-09-30,130.0,130,390,,129.0,"25, 26",Minutes,1.0,1,true,true,LA
190202,OCHSNER MEDICAL CENTER - BATON ROUGE,LA,17000 MEDICAL CENTER DR,BATON ROUGE,70816,E. BATON ROUGE,Acute Care Hospitals,Voluntary non-profit - Private,Yes,OP_18b,"Average (median) time patients spent in the emergency department before leaving from the visit, excluding patients transferred to another facility or psychiatric care/mental health patients. A lower number of minutes is better",2024-10-01,2025-09-30,197.0,197,368,,129.0,"25, 26",Minutes,68.0,1,true,true,LA
190208,EAST CARROLL PARISH HOSPITAL,LA,336 NORTH HOOD STREET,LAKE PROVIDENCE,71254,EAST CARROLL,Acute Care Hospitals,Government - Hospital District or Authority,Yes,OP_18b,"Average (median) time patients spent in the emergency department before leaving from the visit, excluding patients transferred to another facility or psychiatric care/mental health patients. A lower number of minutes is better",2024-10-01,2025-09-30,89.0,89,380,,129.0,"25, 26",Minutes,-40.0,0,true,true,LA
190218,SABINE MEDICAL CENTER,LA,240 HIGHLAND DRIVE,MANY,71449,SABINE,Acute Care Hospitals,Proprietary,Yes,OP_18b,"Average (median) time patients spent in the emergency department before leaving from the visit, excluding patients transferred to another facility or psychiatric care/mental health patients. A lower number of minutes is better",2024-10-01,2025-09-30,129.0,129,344,,129.0,"25, 26",Minutes,0.0,0,true,true,LA
190241,PHYSICIANS MEDICAL CENTER,LA,218 CORPORATE DRIVE,HOUMA,70360,TERREBONNE,Acute Care Hospitals,Physician,No,OP_18b,"Average (median) time patients spent in the emergency department before leaving from the visit, excluding patients transferred to another facility or psychiatric care/mental health patients. A lower number of minutes is better",2024-10-01,2025-09-30,,Not Available,Not Available,5,129.0,"25, 26",Minutes,,,true,true,LA
190245,MONROE SURGICAL HOSPITAL,LA,2408 BROADMOOR BLVD,MONROE,71201,OUACHITA,Acute Care Hospitals,Proprietary,No,OP_18b,"Average (median) time patients spent in the emergency department before leaving from the visit, excluding patients transferred to another facility or psychiatric care/mental health patients. A lower number of minutes is better",2024-10-01,2025-09-30,,Not Available,Not Available,5,129.0,"25, 26",Minutes,,,true,true,LA
190251,SURGICAL SPECIALTY CENTER OF BATON ROUGE,LA,8080 BLUEBONNET BLVD,BATON ROUGE,70810,E. BATON ROUGE,Acute Care Hospitals,Physician,No,OP_18b,"Average (median) time patients spent in the emergency department before leaving from the visit, excluding patients transferred to another facility or psychiatric care/mental health patients. A lower number of minutes is better",2024-10-01,2025-09-30,,Not Available,Not Available,5,129.0,"25, 26",Minutes,,,true,true,LA
190255,PARK PLACE SURGICAL HOSPITAL,LA,4811 AMBASSADOR CAFFERY PARKWAY,LAFAYETTE,70508,LAFAYETTE,Acute Care Hospitals,Proprietary,No,OP_18b,"Average (median) time patients spent in the emergency department before leaving from the visit, excluding patients transferred to another facility or psychiatric care/mental health patients. A lower number of minutes is better",2024-10-01,2025-09-30,,Not Available,Not Available,5,129.0,"25, 26",Minutes,,,true,true,LA
190256,STERLING SURGICAL HOSPITAL,LA,989 ROBERT BLVD,SLIDELL,70458,ST. TAMMANY,Acute Care Hospitals,Proprietary,No,OP_18b,"Average (median) time patients spent in the emergency department before leaving from the visit, excluding patients transferred to another facility or psychiatric care/mental health patients. A lower number of minutes is better",2024-10-01,2025-09-30,,Not Available,Not Available,5,129.0,"25, 26",Minutes,,,true,true,LA
190259,LAFAYETTE SURGICAL SPECIALTY HOSPITAL,LA,1101 KALISTE SALOOM RD,LAFAYETTE,70508,LAFAYETTE,Acute Care Hospitals,Physician,No,OP_18b,"Average (median) time patients spent in the emergency department before leaving from the visit, excluding patients transferred to another facility or psychiatric care/mental health patients. A lower number of minutes is better",2024-10-01,2025-09-30,,Not Available,Not Available,5,129.0,"25, 26",Minutes,,,true,true,LA
190266,THE SPINE HOSPITAL OF LOUISIANA,LA,"10105 PARK ROW CIRCLE, SUITE 250",BATON ROUGE,70810,E. BATON ROUGE,Acute Care Hospitals,Physician,No,OP_18b,"Average (median) time patients spent in the emergency department before leaving from the visit, excluding patients transferred to another facility or psychiatric care/mental health patients. A lower number of minutes is better",2024-10-01,2025-09-30,,Not Available,Not Available,5,129.0,"25, 26",Minutes,,,true,true,LA
190267,AVALA,LA,67252 INDUSTRY LANE,COVINGTON,70433,ST. TAMMANY,Acute Care Hospitals,Physician,No,OP_18b,"Average (median) time patients spent in the emergency department before leaving from the visit, excluding patients transferred to another facility or psychiatric care/mental health patients. A lower number of minutes is better",2024-10-01,2025-09-30,,Not Available,Not Available,5,129.0,"25, 26",Minutes,,,true,true,LA
190270,OUR LADY OF THE LAKE SURGICAL HOSPITAL,LA,1700 W LINDBERG DRIVE,SLIDELL,70458,ST. TAMMANY,Acute Care Hospitals,Physician,No,OP_18b,"Average (median) time patients spent in the emergency department before leaving from the visit, excluding patients transferred to another facility or psychiatric care/mental health patients. A lower number of minutes is better",2024-10-01,2025-09-30,,Not Available,Not Available,5,129.0,"25, 26",Minutes,,,true,true,LA
190274,OCHSNER MEDICAL CENTER-KENNER,LA,180 WEST ESPLANADE AVENUE,KENNER,70065,JEFFERSON,Acute Care Hospitals,Voluntary non-profit - Private,Yes,OP_18b,"Average (median) time patients spent in the emergency department before leaving from the visit, excluding patients transferred to another facility or psychiatric care/mental health patients. A lower number of minutes is better",2024-10-01,2025-09-30,147.0,147,385,,129.0,"25, 26",Minutes,18.0,1,true,true,LA
190278,SPECIALISTS HOSPITAL SHREVEPORT,LA,1500 LINE AVENUE,SHREVEPORT,71101,CADDO,Acute Care Hospitals,Proprietary,No,OP_18b,"Average (median) time patients spent in the emergency department before leaving from the visit, excluding patients transferred to another facility or psychiatric care/mental health patients. A lower number of minutes is better",2024-10-01,2025-09-30,,Not Available,Not Available,5,129.0,"25, 26",Minutes,,,true,true,LA
190298,CHRISTUS CENTRAL LOUISIANA SURGICAL HOSPITAL,LA,651 NORTH BOLTON AVE,ALEXANDRIA,71301,RAPIDES,Acute Care Hospitals,Proprietary,No,OP_18b,"Average (median) time patients spent in the emergency department before leaving from the visit, excluding patients transferred to another facility or psychiatric care/mental health patients. A lower number of minutes is better",2024-10-01,2025-09-30,,Not Available,Not Available,5,129.0,"25, 26",Minutes,,,true,true,LA
190300,ST CHARLES SURGICAL HOSPITAL,LA,1717 ST CHARLES AVE,NEW ORLEANS,70130,ORLEANS,Acute Care Hospitals,Physician,No,OP_18b,"Average (median) time patients spent in the emergency department before leaving from the visit, excluding patients transferred to another facility or psychiatric care/mental health patients. A lower number of minutes is better",2024-10-01,2025-09-30,,Not Available,Not Available,5,129.0,"25, 26",Minutes,,,true,true,LA
190302,"OMEGA HOSPITAL, LLC",LA,2525 SEVERN AVENUE,METAIRIE,70002,JEFFERSON,Acute Care Hospitals,Physician,No,OP_18b,"Average (median) time patients spent in the emergency department before leaving from the visit, excluding patients transferred to another facility or psychiatric care/mental health patients. A lower number of minutes is better",2024-10-01,2025-09-30,,Not Available,Not Available,19,129.0,"25, 26",Minutes,,,true,true,LA
190303,CYPRESS POINTE SURGICAL HOSPITAL,LA,42570 SOUTH AIRPORT RD,HAMMOND,70403,TANGIPAHOA,Acute Care Hospitals,Proprietary,No,OP_18b,"Average (median) time patients spent in the emergency department before leaving from the visit, excluding patients transferred to another facility or psychiatric care/mental health patients. A lower number of minutes is better",2024-10-01,2025-09-30,,Not Available,Not Available,5,129.0,"25, 26",Minutes,,,true,true,LA
190308,ST BERNARD PARISH HOSPITAL,LA,8000 WEST JUDGE PEREZ DRIVE,CHALMETTE,70043,ST. BERNARD,Acute Care Hospitals,Government - Hospital District or Authority,Yes,OP_18b,"Average (median) time patients spent in the emergency department before leaving from the visit, excluding patients transferred to another facility or psychiatric care/mental health patients. A lower number of minutes is better",2024-10-01,2025-09-30,180.0,180,368,,129.0,"25, 26",Minutes,51.0,1,true,true,LA
190312,OUR LADY OF THE ANGELS HOSPITAL,LA,433 PLAZA STREET,BOGALUSA,70427,WASHINGTON,Acute Care Hospitals,Voluntary non-profit - Private,Yes,OP_18b,"Average (median) time patients spent in the emergency department before leaving from the visit, excluding patients transferred to another facility or psychiatric care/mental health patients. A lower number of minutes is better",2024-10-01,2025-09-30,135.0,135,359,,129.0,"25, 26",Minutes,6.0,1,true,true,LA
190313,NEW ORLEANS EAST HOSPITAL,LA,5620 READ BLVD,NEW ORLEANS,70127,ORLEANS,Acute Care Hospitals,Government - Hospital District or Authority,Yes,OP_18b,"Average (median) time patients spent in the emergency department before leaving from the visit, excluding patients transferred to another facility or psychiatric care/mental health patients. A lower number of minutes is better",2024-10-01,2025-09-30,140.0,140,372,,129.0,"25, 26",Minutes,11.0,1,true,true,LA
190316,THE GENERAL,LA,"3600 FLORIDA BLVD, SUITE 2020",BATON ROUGE,70806,E. BATON ROUGE,Acute Care Hospitals,Voluntary non-profit - Private,Yes,OP_18b,"Average (median) time patients spent in the emergency department before leaving from the visit, excluding patients transferred to another facility or psychiatric care/mental health patients. A lower number of minutes is better",2024-10-01,2025-09-30,180.0,180,286,,129.0,"25, 26",Minutes,51.0,1,true,true,LA
190317,OCHSNER LSU HEALTH SHREVEPORT-ST MARY MEDICAL CENT,LA,1 ST MARY PLACE,SHREVEPORT,71101,CADDO,Acute Care Hospitals,Voluntary non-profit - Private,No,OP_18b,"Average (median) time patients spent in the emergency department before leaving from the visit, excluding patients transferred to another facility or psychiatric care/mental health patients. A lower number of minutes is better",2024-10-01,2025-09-30,,Not Available,Not Available,5,129.0,"25, 26",Minutes,,,true,true,LA
190318,ACADIAN MEDICAL CENTER,LA,3501 HIGHWAY 190 EAST,EUNICE,70535,ST. LANDRY,Acute Care Hospitals,Proprietary,Yes,OP_18b,"Average (median) time patients spent in the emergency department before leaving from the visit, excluding patients transferred to another facility or psychiatric care/mental health patients. A lower number of minutes is better",2024-10-01,2025-09-30,116.0,116,386,,129.0,"25, 26",Minutes,-13.0,0,true,true,LA
190319,ALEXANDRIA HOSPITAL,LA,5900 COLISEUM BLVD,ALEXANDRIA,71303,RAPIDES,Acute Care Hospitals,Proprietary,Yes,OP_18b,"Average (median) time patients spent in the emergency department before leaving from the visit, excluding patients transferred to another facility or psychiatric care/mental health patients. A lower number of minutes is better",2024-10-01,2025-09-30,,Not Available,Not Available,5,129.0,"25, 26",Minutes,,,true,true,LA
19050F,Bayne-Jones ACH (Ft Johnson),LA,1585 3rd St,Fort Johnson,71459,VERNON,Acute Care - Department of Defense,Department of Defense,Yes,OP_18b,"Average (median) time patients spent in the emergency department before leaving from the visit, excluding patients transferred to another facility or psychiatric care/mental health patients. A lower number of minutes is better",2024-10-01,2025-09-30,98.0,98,337,,129.0,"25, 26",Minutes,-31.0,0,true,true,LA
190779,ASSUMPTION COMMUNITY HOSPITAL,LA,135 HIGHWAY 402,NAPOLEONVILLE,70390,ASSUMPTION,Rural Emergency Hospital,Voluntary non-profit - Private,Yes,OP_18b,"Average (median) time patients spent in the emergency department before leaving from the visit, excluding patients transferred to another facility or psychiatric care/mental health patients. A lower number of minutes is better",2024-10-01,2025-09-30,,Not Available,Not Available,19,129.0,"25, 26",Minutes,,,true,true,LA
191300,ST HELENA PARISH HOSPITAL,LA,16874 HIGHWAY 43,GREENSBURG,70441,ST. HELENA,Critical Access Hospitals,Government - Hospital District or Authority,Yes,OP_18b,"Average (median) time patients spent in the emergency department before leaving from the visit, excluding patients transferred to another facility or psychiatric care/mental health patients. A lower number of minutes is better",2024-10-01,2025-09-30,73.0,73,382,,129.0,"25, 26",Minutes,-56.0,0,true,true,LA
191301,UNION GENERAL HOSPITAL,LA,901 JAMES AVE,FARMERVILLE,71241,UNION,Critical Access Hospitals,Voluntary non-profit - Private,Yes,OP_18b,"Average (median) time patients spent in the emergency department before leaving from the visit, excluding patients transferred to another facility or psychiatric care/mental health patients. A lower number of minutes is better",2024-10-01,2025-09-30,89.0,89,346,,129.0,"25, 26",Minutes,-40.0,0,true,true,LA
191302,OCHSNER ST MARTIN HOSPITAL,LA,210 CHAMPAGNE BOULEVARD,BREAUX BRIDGE,70517,ST. MARTIN,Critical Access Hospitals,Voluntary non-profit - Private,Yes,OP_18b,"Average (median) time patients spent in the emergency department before leaving from the visit, excluding patients transferred to another facility or psychiatric care/mental health patients. A lower number of minutes is better",2024-10-01,2025-09-30,99.0,99,379,,129.0,"25, 26",Minutes,-30.0,0,true,true,LA
191304,NORTH CADDO MEDICAL CENTER,LA,815 SOUTH PINE STREET,VIVIAN,71082,CADDO,Critical Access Hospitals,Government - Hospital District or Authority,Yes,OP_18b,"Average (median) time patients spent in the emergency department before leaving from the visit, excluding patients transferred to another facility or psychiatric care/mental health patients. A lower number of minutes is better",2024-10-01,2025-09-30,124.0,124,361,,129.0,"25, 26",Minutes,-5.0,0,true,true,LA
191305,ST JAMES PARISH HOSPITAL,LA,1645 LUTCHER AVENUE,LUTCHER,70071,ST. JAMES,Critical Access Hospitals,Government - Hospital District or Authority,Yes,OP_18b,"Average (median) time patients spent in the emergency department before leaving from the visit, excluding patients transferred to another facility or psychiatric care/mental health patients. A lower number of minutes is better",2024-10-01,2025-09-30,100.0,100,422,,129.0,"25, 26",Minutes,-29.0,0,true,true,LA
191306,WEST FELICIANA PARISH HOSPITAL,LA,"5266 COMMERCE STREET, BUILDING B",SAINT FRANCISVILLE,70775,WEST FELICIANA,Critical Access Hospitals,Government - Hospital District or Authority,Yes,OP_18b,"Average (median) time patients spent in the emergency department before leaving from the visit, excluding patients transferred to another facility or psychiatric care/mental health patients. A lower number of minutes is better",2024-10-01,2025-09-30,97.0,97,344,,129.0,"25, 26",Minutes,-32.0,0,true,true,LA
191307,DEQUINCY MEMORIAL HOSPITAL,LA,110 WEST 4TH STREET,DEQUINCY,70633,CALCASIEU,Critical Access Hospitals,Proprietary,Yes,OP_18b,"Average (median) time patients spent in the emergency department before leaving from the visit, excluding patients transferred to another facility or psychiatric care/mental health patients. A lower number of minutes is better",2024-10-01,2025-09-30,99.0,99,241,,129.0,"25, 26",Minutes,-30.0,0,true,true,LA
191308,PREVOST MEMORIAL HOSPITAL,LA,301 MEMORIAL DR,DONALDSONVILLE,70346,ASCENSION,Critical Access Hospitals,Government - Hospital District or Authority,Yes,OP_18b,"Average (median) time patients spent in the emergency department before leaving from the visit, excluding patients transferred to another facility or psychiatric care/mental health patients. A lower number of minutes is better",2024-10-01,2025-09-30,,Not Available,Not Available,"1, 3",129.0,"25, 26",Minutes,,,true,true,LA
191309,HOOD MEMORIAL HOSPITAL,LA,301 W WALNUT STREET,AMITE,70422,TANGIPAHOA,Critical Access Hospitals,Government - Hospital District or Authority,Yes,OP_18b,"Average (median) time patients spent in the emergency department before leaving from the visit, excluding patients transferred to another facility or psychiatric care/mental health patients. A lower number of minutes is better",2024-10-01,2025-09-30,82.0,82,347,,129.0,"25, 26",Minutes,-47.0,0,true,true,LA
191310,BAYOU BEND HEALTH SYSTEM,LA,1097 NORTHWEST BLVD,FRANKLIN,70538,ST. MARY,Critical Access Hospitals,Government - Hospital District or Authority,Yes,OP_18b,"Average (median) time patients spent in the emergency department before leaving from the visit, excluding patients transferred to another facility or psychiatric care/mental health patients. A lower number of minutes is better",2024-10-01,2025-09-30,102.0,102,331,3,129.0,"25, 26",Minutes,-27.0,0,true,true,LA
191311,BUNKIE GENERAL HOSPITAL,LA,427 EVERGREEN STREET,BUNKIE,71322,AVOYELLES,Critical Access Hospitals,Government - Hospital District or Authority,Yes,OP_18b,"Average (median) time patients spent in the emergency department before leaving from the visit, excluding patients transferred to another facility or psychiatric care/mental health patients. A lower number of minutes is better",2024-10-01,2025-09-30,88.0,88,120,3,129.0,"25, 26",Minutes,-41.0,0,true,true,LA
191312,CHRISTUS COUSHATTA HEALTH CARE CENTER,LA,1635 MARVEL STREET,COUSHATTA,71019,RED RIVER,Critical Access Hospitals,Voluntary non-profit - Private,Yes,OP_18b,"Average (median) time patients spent in the emergency department before leaving from the visit, excluding patients transferred to another facility or psychiatric care/mental health patients. A lower number of minutes is better",2024-10-01,2025-09-30,,Not Available,Not Available,5,129.0,"25, 26",Minutes,,,true,true,LA
191313,RIVERSIDE MEDICAL CENTER,LA,1900 SOUTH MAIN ST,FRANKLINTON,70438,WASHINGTON,Critical Access Hospitals,Government - Hospital District or Authority,Yes,OP_18b,"Average (median) time patients spent in the emergency department before leaving from the visit, excluding patients transferred to another facility or psychiatric care/mental health patients. A lower number of minutes is better",2024-10-01,2025-09-30,126.0,126,353,,129.0,"25, 26",Minutes,-3.0,0,true,true,LA
191314,MADISON PARISH HOSPITAL,LA,900 JOHNSON STREET,TALLULAH,71282,MADISON,Critical Access Hospitals,Government - Hospital District or Authority,Yes,OP_18b,"Average (median) time patients spent in the emergency department before leaving from the visit, excluding patients transferred to another facility or psychiatric care/mental health patients. A lower number of minutes is better",2024-10-01,2025-09-30,125.0,125,4477,,129.0,"25, 26",Minutes,-4.0,0,true,true,LA
191315,HARDTNER MEDICAL CENTER,LA,1102 N PINE ROAD,OLLA,71465,LASALLE,Critical Access Hospitals,Government - Hospital District or Authority,Yes,OP_18b,"Average (median) time patients spent in the emergency department before leaving from the visit, excluding patients transferred to another facility or psychiatric care/mental health patients. A lower number of minutes is better",2024-10-01,2025-09-30,90.0,90,401,,129.0,"25, 26",Minutes,-39.0,0,true,true,LA
191316,POINTE COUPEE GENERAL HOSPITAL,LA,2202 FALSE RIVER DRIVE,NEW ROADS,70760,POINTE COUPEE,Critical Access Hospitals,Government - Hospital District or Authority,Yes,OP_18b,"Average (median) time patients spent in the emergency department before leaving from the visit, excluding patients transferred to another facility or psychiatric care/mental health patients. A lower number of minutes is better",2024-10-01,2025-09-30,124.0,124,393,,129.0,"25, 26",Minutes,-5.0,0,true,true,LA
191317,JACKSON PARISH HOSPITAL,LA,165 BEECH SPRINGS ROAD,JONESBORO,71251,JACKSON,Critical Access Hospitals,Government - Hospital District or Authority,Yes,OP_18b,"Average (median) time patients spent in the emergency department before leaving from the visit, excluding patients transferred to another facility or psychiatric care/mental health patients. A lower number of minutes is better",2024-10-01,2025-09-30,135.0,135,379,,129.0,"25, 26",Minutes,6.0,1,true,true,LA
191318,RIVERLAND MEDICAL CENTER,LA,6569 HWY 84,FERRIDAY,71334,CONCORDIA,Critical Access Hospitals,Government - Hospital District or Authority,Yes,OP_18b,"Average (median) time patients spent in the emergency department before leaving from the visit, excluding patients transferred to another facility or psychiatric care/mental health patients. A lower number of minutes is better",2024-10-01,2025-09-30,,Not Available,Not Available,5,129.0,"25, 26",Minutes,,,true,true,LA
191319,ACADIA ST LANDRY,LA,810 SOUTH BROADWAY STREET,CHURCH POINT,70525,ACADIA,Critical Access Hospitals,Government - Hospital District or Authority,Yes,OP_18b,"Average (median) time patients spent in the emergency department before leaving from the visit, excluding patients transferred to another facility or psychiatric care/mental health patients. A lower number of minutes is better",2024-10-01,2025-09-30,,Not Available,Not Available,5,129.0,"25, 26",Minutes,,,true,true,LA
191320,BIENVILLE MEDICAL CENTER,LA,1175 PINE STREET,ARCADIA,71001,BIENVILLE,Critical Access Hospitals,Proprietary,Yes,OP_18b,"Average (median) time patients spent in the emergency department before leaving from the visit, excluding patients transferred to another facility or psychiatric care/mental health patients. A lower number of minutes is better",2024-10-01,2025-09-30,100.0,100,114,3,129.0,"25, 26",Minutes,-29.0,0,true,true,LA
191321,LALLIE KEMP MEDICAL CENTER,LA,52579 HIGHWAY 51 SOUTH,INDEPENDENCE,70443,TANGIPAHOA,Critical Access Hospitals,Government - State,Yes,OP_18b,"Average (median) time patients spent in the emergency department before leaving from the visit, excluding patients transferred to another facility or psychiatric care/mental health patients. A lower number of minutes is better",2024-10-01,2025-09-30,101.0,101,365,,129.0,"25, 26",Minutes,-28.0,0,true,true,LA
191322,ABROM KAPLAN MEMORIAL HOSPITAL,LA,1310 WEST SEVENTH STREET,KAPLAN,70548,VERMILION,Critical Access Hospitals,Voluntary non-profit - Private,Yes,OP_18b,"Average (median) time patients spent in the emergency department before leaving from the visit, excluding patients transferred to another facility or psychiatric care/mental health patients. A lower number of minutes is better",2024-10-01,2025-09-30,90.0,90,362,,129.0,"25, 26",Minutes,-39.0,0,true,true,LA
191323,RICHLAND PARISH HOSPITAL-DELHI,LA,407 CINCINNATI STREET,DELHI,71232,RICHLAND,Critical Access Hospitals,Government - Hospital District or Authority,Yes,OP_18b,"Average (median) time patients spent in the emergency department before leaving from the visit, excluding patients transferred to another facility or psychiatric care/mental health patients. A lower number of minutes is better",2024-10-01,2025-09-30,160.0,160,314,,129.0,"25, 26",Minutes,31.0,1,true,true,LA
191324,OCHSNER ST ANNE GENERAL HOSPITAL,LA,4608 HIGHWAY 1,RACELAND,70394,LAFOURCHE,Critical Access Hospitals,Voluntary non-profit - Other,Yes,OP_18b,"Average (median) time patients spent in the emergency department before leaving from the visit, excluding patients transferred to another facility or psychiatric care/mental health patients. A lower number of minutes is better",2024-10-01,2025-09-30,120.0,120,359,,129.0,"25, 26",Minutes,-9.0,0,true,true,LA
191325,LADY OF THE SEA GENERAL HOSPITAL,LA,200 WEST 134TH PLACE,CUT OFF,70345,LAFOURCHE,Critical Access Hospitals,Government - Hospital District or Authority,Yes,OP_18b,"Average (median) time patients spent in the emergency department before leaving from the visit, excluding patients transferred to another facility or psychiatric care/mental health patients. A lower number of minutes is better",2024-10-01,2025-09-30,62.0,62,375,,129.0,"25, 26",Minutes,-67.0,0,true,true,LA
191326,REEVES MEMORIAL MEDICAL CENTER,LA,409 FIRST STREET,BERNICE,71222,UNION,Critical Access Hospitals,Government - Hospital District or Authority,Yes,OP_18b,"Average (median) time patients spent in the emergency department before leaving from the visit, excluding patients transferred to another facility or psychiatric care/mental health patients. A lower number of minutes is better",2024-10-01,2025-09-30,115.0,115,607,,129.0,"25, 26",Minutes,-14.0,0,true,true,LA
191327,WEST CARROLL MEMORIAL HOSPITAL,LA,706 ROSS STREET,OAK GROVE,71263,WEST CARROLL,Critical Access Hospitals,Proprietary,Yes,OP_18b,"Average (median) time patients spent in the emergency department before leaving from the visit, excluding patients transferred to another facility or psychiatric care/mental health patients. A lower number of minutes is better",2024-10-01,2025-09-30,145.0,145,333,,129.0,"25, 26",Minutes,16.0,1,true,true,LA
193300,CHILDRENS HOSPITAL,LA,200 HENRY CLAY AVE,NEW ORLEANS,70118,ORLEANS,Childrens,Voluntary non-profit - Private,Yes,OP_18b,"Average (median) time patients spent in the emergency department before leaving from the visit, excluding patients transferred to another facility or psychiatric care/mental health patients. A lower number of minutes is better",2024-10-01,2025-09-30,,Not Available,Not Available,19,129.0,"25, 26",Minutes,,,true,true,LA
250001,UNIVERSITY OF MISSISSIPPI MED CENTER,MS,2500 N STATE ST,JACKSON,39216,HINDS,Acute Care Hospitals,Government - State,Yes,OP_18b,"Average (median) time patients spent in the emergency department before leaving from the visit, excluding patients transferred to another facility or psychiatric care/mental health patients. A lower number of minutes is better",2024-10-01,2025-09-30,189.0,189,357,,129.0,"25, 26",Minutes,60.0,1,true,true,MS
250002,TISHOMINGO HEALTH SERVICES INC,MS,1777 CURTIS DRIVE,IUKA,38852,TISHOMINGO,Acute Care Hospitals,Voluntary non-profit - Private,Yes,OP_18b,"Average (median) time patients spent in the emergency department before leaving from the visit, excluding patients transferred to another facility or psychiatric care/mental health patients. A lower number of minutes is better",2024-10-01,2025-09-30,108.0,108,389,,129.0,"25, 26",Minutes,-21.0,0,true,true,MS
250004,NORTH MISSISSIPPI MEDICAL CENTER,MS,830 S GLOSTER STREET,TUPELO,38801,LEE,Acute Care Hospitals,Voluntary non-profit - Private,Yes,OP_18b,"Average (median) time patients spent in the emergency department before leaving from the visit, excluding patients transferred to another facility or psychiatric care/mental health patients. A lower number of minutes is better",2024-10-01,2025-09-30,203.0,203,385,,129.0,"25, 26",Minutes,74.0,1,true,true,MS
250006,BAPTIST MEMORIAL HOSPITAL UNION COUNTY,MS,200 HWY 30 WEST,NEW ALBANY,38652,UNION,Acute Care Hospitals,Voluntary non-profit - Other,Yes,OP_18b,"Average (median) time patients spent in the emergency department before leaving from the visit, excluding patients transferred to another facility or psychiatric care/mental health patients. A lower number of minutes is better",2024-10-01,2025-09-30,144.0,144,531,,129.0,"25, 26",Minutes,15.0,1,true,true,MS
250007,Memorial Hospital Biloxi,MS,150 REYNOIR STREET,BILOXI,39530,HARRISON,Acute Care Hospitals,Proprietary,Yes,OP_18b,"Average (median) time patients spent in the emergency department before leaving from the visit, excluding patients transferred to another facility or psychiatric care/mental health patients. A lower number of minutes is better",2024-10-01,2025-09-30,153.0,153,479,,129.0,"25, 26",Minutes,24.0,1,true,true,MS
250009,MAGNOLIA REGIONAL HEALTH CENTER,MS,611 ALCORN DRIVE,CORINTH,38834,ALCORN,Acute Care Hospitals,Voluntary non-profit - Other,Yes,OP_18b,"Average (median) time patients spent in the emergency department before leaving from the visit, excluding patients transferred to another facility or psychiatric care/mental health patients. A lower number of minutes is better",2024-10-01,2025-09-30,138.0,138,388,,129.0,"25, 26",Minutes,9.0,1,true,true,MS
250017,PROGRESSIVE HEALTH GROUP OF HOUSTON,MS,1002 EAST MADISON STREET,HOUSTON,38851,CHICKASAW,Acute Care Hospitals,Proprietary,No,OP_18b,"Average (median) time patients spent in the emergency department before leaving from the visit, excluding patients transferred to another facility or psychiatric care/mental health patients. A lower number of minutes is better",2024-10-01,2025-09-30,,Not Available,Not Available,5,129.0,"25, 26",Minutes,,,true,true,MS
250018,JASPER GENERAL HOSPITAL,MS,15 SOUTH 6TH STREET,BAY SPRINGS,39422,JASPER,Acute Care Hospitals,Government - Local,No,OP_18b,"Average (median) time patients spent in the emergency department before leaving from the visit, excluding patients transferred to another facility or psychiatric care/mental health patients. A lower number of minutes is better",2024-10-01,2025-09-30,,Not Available,Not Available,5,129.0,"25, 26",Minutes,,,true,true,MS
250019,MEMORIAL HOSPITAL AT GULFPORT,MS,4500 13TH STREET,GULFPORT,39502,HARRISON,Acute Care Hospitals,Government - Local,Yes,OP_18b,"Average (median) time patients spent in the emergency department before leaving from the visit, excluding patients transferred to another facility or psychiatric care/mental health patients. A lower number of minutes is better",2024-10-01,2025-09-30,157.0,157,471,,129.0,"25, 26",Minutes,28.0,1,true,true,MS
250020,WEBSTER GENERAL HOSPITAL/ SWING BED,MS,70 MEDICAL PLAZA,EUPORA,39744,WEBSTER,Acute Care Hospitals,Voluntary non-profit - Other,Yes,OP_18b,"Average (median) time patients spent in the emergency department before leaving from the visit, excluding patients transferred to another facility or psychiatric care/mental health patients. A lower number of minutes is better",2024-10-01,2025-09-30,83.0,83,396,,129.0,"25, 26",Minutes,-46.0,0,true,true,MS
250025,NORTH MISSISSIPPI MEDICAL CENTER-GILMORE AMORY,MS,1105 EARL FRYE BLVD,AMORY,38821,MONROE,Acute Care Hospitals,Proprietary,Yes,OP_18b,"Average (median) time patients spent in the emergency department before leaving from the visit, excluding patients transferred to another facility or psychiatric care/mental health patients. A lower number of minutes is better",2024-10-01,2025-09-30,161.0,161,375,,129.0,"25, 26",Minutes,32.0,1,true,true,MS
250027,WINSTON MEDICAL CENTER,MS,17550 EAST MAIN STREET,LOUISVILLE,39339,WINSTON,Acute Care Hospitals,Voluntary non-profit - Private,Yes,OP_18b,"Average (median) time patients spent in the emergency department before leaving from the visit, excluding patients transferred to another facility or psychiatric care/mental health patients. A lower number of minutes is better",2024-10-01,2025-09-30,109.0,109,632,,129.0,"25, 26",Minutes,-20.0,0,true,true,MS
250031,MERIT HEALTH RIVER REGION,MS,2100 HWY 61 N,VICKSBURG,39183,WARREN,Acute Care Hospitals,Proprietary,Yes,OP_18b,"Average (median) time patients spent in the emergency department before leaving from the visit, excluding patients transferred to another facility or psychiatric care/mental health patients. A lower number of minutes is better",2024-10-01,2025-09-30,123.0,123,398,,129.0,"25, 26",Minutes,-6.0,0,true,true,MS
250034,BAPTIST MEMORIAL HOSPITAL NORTH MS,MS,1100 BELK BLVD,OXFORD,38655,LAFAYETTE,Acute Care Hospitals,Voluntary non-profit - Private,Yes,OP_18b,"Average (median) time patients spent in the emergency department before leaving from the visit, excluding patients transferred to another facility or psychiatric care/mental health patients. A lower number of minutes is better",2024-10-01,2025-09-30,157.0,157,512,,129.0,"25, 26",Minutes,28.0,1,true,true,MS
250036,GEORGE REGIONAL HEALTH SYSTEM,MS,859 WINTER STREET,LUCEDALE,39452,GEORGE,Acute Care Hospitals,Government - Local,Yes,OP_18b,"Average (median) time patients spent in the emergency department before leaving from the visit, excluding patients transferred to another facility or psychiatric care/mental health patients. A lower number of minutes is better",2024-10-01,2025-09-30,132.0,132,392,,129.0,"25, 26",Minutes,3.0,1,true,true,MS
250038,MERIT HEALTH MADISON,MS,161 RIVER OAKS DRIVE,CANTON,39046,MADISON,Acute Care Hospitals,Proprietary,Yes,OP_18b,"Average (median) time patients spent in the emergency department before leaving from the visit, excluding patients transferred to another facility or psychiatric care/mental health patients. A lower number of minutes is better",2024-10-01,2025-09-30,136.0,136,370,,129.0,"25, 26",Minutes,7.0,1,true,true,MS
250040,SINGING RIVER HEALTH SYSTEM,MS,2809 DENNY AV,PASCAGOULA,39581,JACKSON,Acute Care Hospitals,Government - Local,Yes,OP_18b,"Average (median) time patients spent in the emergency department before leaving from the visit, excluding patients transferred to another facility or psychiatric care/mental health patients. A lower number of minutes is better",2024-10-01,2025-09-30,176.0,176,396,,129.0,"25, 26",Minutes,47.0,1,true,true,MS
250042,NORTHWEST MISSISSISSIPPI REGIONAL MEDICAL CENTER,MS,1970 HOSPITAL DRIVE,CLARKSDALE,38614,COAHOMA,Acute Care Hospitals,Proprietary,Yes,OP_18b,"Average (median) time patients spent in the emergency department before leaving from the visit, excluding patients transferred to another facility or psychiatric care/mental health patients. A lower number of minutes is better",2024-10-01,2025-09-30,172.0,172,337,,129.0,"25, 26",Minutes,43.0,1,true,true,MS
250043,NESHOBA COUNTY GENERAL HOSPITAL,MS,1001 HOLLAND AVENUE,PHILADELPHIA,39350,NESHOBA,Acute Care Hospitals,Government - Local,Yes,OP_18b,"Average (median) time patients spent in the emergency department before leaving from the visit, excluding patients transferred to another facility or psychiatric care/mental health patients. A lower number of minutes is better",2024-10-01,2025-09-30,97.0,97,419,,129.0,"25, 26",Minutes,-32.0,0,true,true,MS
250044,BAPTIST MEMORIAL HOSPITAL BOONEVILLE,MS,100 HOSPITAL STREET,BOONEVILLE,38829,PRENTISS,Acute Care Hospitals,Voluntary non-profit - Church,Yes,OP_18b,"Average (median) time patients spent in the emergency department before leaving from the visit, excluding patients transferred to another facility or psychiatric care/mental health patients. A lower number of minutes is better",2024-10-01,2025-09-30,99.0,99,399,,129.0,"25, 26",Minutes,-30.0,0,true,true,MS
250048,ST DOMINIC-JACKSON MEMORIAL HOSPITAL,MS,969 LAKELAND DR,JACKSON,39216,HINDS,Acute Care Hospitals,Voluntary non-profit - Church,Yes,OP_18b,"Average (median) time patients spent in the emergency department before leaving from the visit, excluding patients transferred to another facility or psychiatric care/mental health patients. A lower number of minutes is better",2024-10-01,2025-09-30,250.0,250,2144,,129.0,"25, 26",Minutes,121.0,1,true,true,MS
250049,BEACHAM MEMORIAL HOSPITAL,MS,205 N CHERRY STREET / PO BOX 351,MAGNOLIA,39652,PIKE,Acute Care Hospitals,Proprietary,No,OP_18b,"Average (median) time patients spent in the emergency department before leaving from the visit, excluding patients transferred to another facility or psychiatric care/mental health patients. A lower number of minutes is better",2024-10-01,2025-09-30,,Not Available,Not Available,5,129.0,"25, 26",Minutes,,,true,true,MS
250050,BAPTIST MEMORIAL HOSPITAL-OKTIBBEHA COUNTY,MS,400 HOSPITAL ROAD,STARKVILLE,39759,OKTIBBEHA,Acute Care Hospitals,Government - Local,Yes,OP_18b,"Average (median) time patients spent in the emergency department before leaving from the visit, excluding patients transferred to another facility or psychiatric care/mental health patients. A lower number of minutes is better",2024-10-01,2025-09-30,133.0,133,397,,129.0,"25, 26",Minutes,4.0,1,true,true,MS
250057,KING'S DAUGHTERS MEDICAL CENTER-BROOKHAVEN,MS,P O BOX 948/427 HIGHWAY 51 NORTH,BROOKHAVEN,39601,LINCOLN,Acute Care Hospitals,Voluntary non-profit - Other,Yes,OP_18b,"Average (median) time patients spent in the emergency department before leaving from the visit, excluding patients transferred to another facility or psychiatric care/mental health patients. A lower number of minutes is better",2024-10-01,2025-09-30,140.0,140,396,,129.0,"25, 26",Minutes,11.0,1,true,true,MS
250058,SOUTH CENTRAL REG MED CTR,MS,1220 JEFFERSON ST BOX 607,LAUREL,39440,JONES,Acute Care Hospitals,Government - Local,Yes,OP_18b,"Average (median) time patients spent in the emergency department before leaving from the visit, excluding patients transferred to another facility or psychiatric care/mental health patients. A lower number of minutes is better",2024-10-01,2025-09-30,128.0,128,424,,129.0,"25, 26",Minutes,-1.0,0,true,true,MS
250061,YALOBUSHA GENERAL HOSPITAL,MS,630 SOUTH MAIN STREET,WATER VALLEY,38965,YALOBUSHA,Acute Care Hospitals,Government - Local,No,OP_18b,"Average (median) time patients spent in the emergency department before leaving from the visit, excluding patients transferred to another facility or psychiatric care/mental health patients. A lower number of minutes is better",2024-10-01,2025-09-30,,Not Available,Not Available,5,129.0,"25, 26",Minutes,,,true,true,MS
250067,CLAY COUNTY MEDICAL CORPORATION,MS,150 MEDICAL CENTER DRIVE,WEST POINT,39773,CLAY,Acute Care Hospitals,Voluntary non-profit - Private,Yes,OP_18b,"Average (median) time patients spent in the emergency department before leaving from the visit, excluding patients transferred to another facility or psychiatric care/mental health patients. A lower number of minutes is better",2024-10-01,2025-09-30,110.0,110,385,,129.0,"25, 26",Minutes,-19.0,0,true,true,MS
250069,OCHSNER RUSH HOSPITAL,MS,1314 19TH AVE,MERIDIAN,39301,LAUDERDALE,Acute Care Hospitals,Voluntary non-profit - Private,Yes,OP_18b,"Average (median) time patients spent in the emergency department before leaving from the visit, excluding patients transferred to another facility or psychiatric care/mental health patients. A lower number of minutes is better",2024-10-01,2025-09-30,169.0,169,418,,129.0,"25, 26",Minutes,40.0,1,true,true,MS
250072,MERIT HEALTH CENTRAL,MS,1850 CHADWICK DR,JACKSON,39204,HINDS,Acute Care Hospitals,Proprietary,Yes,OP_18b,"Average (median) time patients spent in the emergency department before leaving from the visit, excluding patients transferred to another facility or psychiatric care/mental health patients. A lower number of minutes is better",2024-10-01,2025-09-30,91.0,91,396,,129.0,"25, 26",Minutes,-38.0,0,true,true,MS
250077,WAYNE GENERAL HOSPITAL,MS,950 MATTHEW DR,WAYNESBORO,39367,WAYNE,Acute Care Hospitals,Government - Local,Yes,OP_18b,"Average (median) time patients spent in the emergency department before leaving from the visit, excluding patients transferred to another facility or psychiatric care/mental health patients. A lower number of minutes is better",2024-10-01,2025-09-30,132.0,132,390,,129.0,"25, 26",Minutes,3.0,1,true,true,MS
250078,FORREST GENERAL HOSPITAL,MS,6051 US HIGHWAY 49,HATTIESBURG,39401,FORREST,Acute Care Hospitals,Government - Local,Yes,OP_18b,"Average (median) time patients spent in the emergency department before leaving from the visit, excluding patients transferred to another facility or psychiatric care/mental health patients. A lower number of minutes is better",2024-10-01,2025-09-30,224.0,224,513,,129.0,"25, 26",Minutes,95.0,1,true,true,MS
250081,ANDERSON REGIONAL MEDICAL CENTER SOUTH CAMPUS,MS,1102 CONSTITUTION AVENUE,MERIDIAN,39301,LAUDERDALE,Acute Care Hospitals,Proprietary,Yes,OP_18b,"Average (median) time patients spent in the emergency department before leaving from the visit, excluding patients transferred to another facility or psychiatric care/mental health patients. A lower number of minutes is better",2024-10-01,2025-09-30,,Not Available,Not Available,5,129.0,"25, 26",Minutes,,,true,true,MS
250082,DELTA HEALTH SYSTEM - THE MEDICAL CENTER,MS,1400 E UNION ST,GREENVILLE,38701,WASHINGTON,Acute Care Hospitals,Government - Local,Yes,OP_18b,"Average (median) time patients spent in the emergency department before leaving from the visit, excluding patients transferred to another facility or psychiatric care/mental health patients. A lower number of minutes is better",2024-10-01,2025-09-30,270.0,270,174,,129.0,"25, 26",Minutes,141.0,1,true,true,MS
250084,MERIT HEALTH NATCHEZ,MS,52 SERGEANT PRENTISS DRIVE,NATCHEZ,39120,ADAMS,Acute Care Hospitals,Proprietary,Yes,OP_18b,"Average (median) time patients spent in the emergency department before leaving from the visit, excluding patients transferred to another facility or psychiatric care/mental health patients. A lower number of minutes is better",2024-10-01,2025-09-30,175.0,175,394,,129.0,"25, 26",Minutes,46.0,1,true,true,MS
250085,MARION GENERAL HOSPITAL,MS,1560 SUMRALL RD,COLUMBIA,39429,MARION,Acute Care Hospitals,Government - Local,Yes,OP_18b,"Average (median) time patients spent in the emergency department before leaving from the visit, excluding patients transferred to another facility or psychiatric care/mental health patients. A lower number of minutes is better",2024-10-01,2025-09-30,126.0,126,359,,129.0,"25, 26",Minutes,-3.0,0,true,true,MS
250093,BOLIVAR MEDICAL CENTER,MS,901 E SUNFLOWER RD,CLEVELAND,38732,BOLIVAR,Acute Care Hospitals,Proprietary,Yes,OP_18b,"Average (median) time patients spent in the emergency department before leaving from the visit, excluding patients transferred to another facility or psychiatric care/mental health patients. A lower number of minutes is better",2024-10-01,2025-09-30,127.0,127,391,,129.0,"25, 26",Minutes,-2.0,0,true,true,MS
250094,MERIT HEALTH WESLEY,MS,5001 W HARDY ST,HATTIESBURG,39402,LAMAR,Acute Care Hospitals,Voluntary non-profit - Private,Yes,OP_18b,"Average (median) time patients spent in the emergency department before leaving from the visit, excluding patients transferred to another facility or psychiatric care/mental health patients. A lower number of minutes is better",2024-10-01,2025-09-30,154.0,154,415,,129.0,"25, 26",Minutes,25.0,1,true,true,MS
250095,SOUTH SUNFLOWER COUNTY HOSPITAL,MS,121 EAST BAKER STREET,INDIANOLA,38751,SUNFLOWER,Acute Care Hospitals,Government - Local,Yes,OP_18b,"Average (median) time patients spent in the emergency department before leaving from the visit, excluding patients transferred to another facility or psychiatric care/mental health patients. A lower number of minutes is better",2024-10-01,2025-09-30,,Not Available,Not Available,5,129.0,"25, 26",Minutes,,,true,true,MS
250096,CROSSGATES RIVER OAKS HOSPITAL,MS,350 CROSSGATES BLVD,BRANDON,39042,RANKIN,Acute Care Hospitals,Proprietary,Yes,OP_18b,"Average (median) time patients spent in the emergency department before leaving from the visit, excluding patients transferred to another facility or psychiatric care/mental health patients. A lower number of minutes is better",2024-10-01,2025-09-30,95.0,95,410,,129.0,"25, 26",Minutes,-34.0,0,true,true,MS
250097,SOUTHWEST MS REGIONAL MEDICAL CENTER,MS,215 MARION AV BOX 1307,MCCOMB,39649,PIKE,Acute Care Hospitals,Government - Local,Yes,OP_18b,"Average (median) time patients spent in the emergency department before leaving from the visit, excluding patients transferred to another facility or psychiatric care/mental health patients. A lower number of minutes is better",2024-10-01,2025-09-30,121.0,121,505,,129.0,"25, 26",Minutes,-8.0,0,true,true,MS
250099,GREENWOOD LEFLORE HOSPITAL,MS,1401 RIVER RD,GREENWOOD,38930,LEFLORE,Acute Care Hospitals,Government - Local,Yes,OP_18b,"Average (median) time patients spent in the emergency department before leaving from the visit, excluding patients transferred to another facility or psychiatric care/mental health patients. A lower number of minutes is better",2024-10-01,2025-09-30,194.0,194,410,,129.0,"25, 26",Minutes,65.0,1,true,true,MS
250100,BMH-GOLDEN TRIANGLE,MS,2520 5TH STREET N,COLUMBUS,39705,LOWNDES,Acute Care Hospitals,Voluntary non-profit - Private,Yes,OP_18b,"Average (median) time patients spent in the emergency department before leaving from the visit, excluding patients transferred to another facility or psychiatric care/mental health patients. A lower number of minutes is better",2024-10-01,2025-09-30,138.0,138,534,,129.0,"25, 26",Minutes,9.0,1,true,true,MS
250102,MISSISSIPPI BAPTIST MEDICAL CENTER,MS,1225 N STATE ST,JACKSON,39202,HINDS,Acute Care Hospitals,Voluntary non-profit - Private,Yes,OP_18b,"Average (median) time patients spent in the emergency department before leaving from the visit, excluding patients transferred to another facility or psychiatric care/mental health patients. A lower number of minutes is better",2024-10-01,2025-09-30,211.0,211,488,,129.0,"25, 26",Minutes,82.0,1,true,true,MS
250104,ANDERSON REGIONAL MEDICAL CENTER,MS,2124 14TH STREET,MERIDIAN,39301,LAUDERDALE,Acute Care Hospitals,Voluntary non-profit - Private,Yes,OP_18b,"Average (median) time patients spent in the emergency department before leaving from the visit, excluding patients transferred to another facility or psychiatric care/mental health patients. A lower number of minutes is better",2024-10-01,2025-09-30,185.0,185,376,,129.0,"25, 26",Minutes,56.0,1,true,true,MS
250117,HIGHLAND COMMUNITY  HOSPITAL,MS,130 HIGHLAND PKWY,PICAYUNE,39466,PEARL RIVER,Acute Care Hospitals,Government - Local,Yes,OP_18b,"Average (median) time patients spent in the emergency department before leaving from the visit, excluding patients transferred to another facility or psychiatric care/mental health patients. A lower number of minutes is better",2024-10-01,2025-09-30,124.0,124,375,,129.0,"25, 26",Minutes,-5.0,0,true,true,MS
250123,SINGING RIVER GULFPORT,MS,15200 COMMUNITY ROAD,GULFPORT,39503,HARRISON,Acute Care Hospitals,Proprietary,Yes,OP_18b,"Average (median) time patients spent in the emergency department before leaving from the visit, excluding patients transferred to another facility or psychiatric care/mental health patients. A lower number of minutes is better",2024-10-01,2025-09-30,165.0,165,506,,129.0,"25, 26",Minutes,36.0,1,true,true,MS
250124,MAGEE GENERAL HOSPITAL,MS,300 3RD AVE SE,MAGEE,39111,SIMPSON,Acute Care Hospitals,Voluntary non-profit - Private,Yes,OP_18b,"Average (median) time patients spent in the emergency department before leaving from the visit, excluding patients transferred to another facility or psychiatric care/mental health patients. A lower number of minutes is better",2024-10-01,2025-09-30,84.0,84,454,,129.0,"25, 26",Minutes,-45.0,0,true,true,MS
250127,CHOCTAW HEALTH CENTER,MS,ROUTE 7 BOX R50,PHILADELPHIA,39350,NESHOBA,Acute Care Hospitals,Government - Federal,Yes,OP_18b,"Average (median) time patients spent in the emergency department before leaving from the visit, excluding patients transferred to another facility or psychiatric care/mental health patients. A lower number of minutes is better",2024-10-01,2025-09-30,91.0,91,427,,129.0,"25, 26",Minutes,-38.0,0,true,true,MS
250134,WHITFIELD MEDICAL SURGICAL HOSPITAL,MS,"3550 HWY 468 W, BLDG 60",WHITFIELD,39193,RANKIN,Acute Care Hospitals,Government - State,No,OP_18b,"Average (median) time patients spent in the emergency department before leaving from the visit, excluding patients transferred to another facility or psychiatric care/mental health patients. A lower number of minutes is better",2024-10-01,2025-09-30,,Not Available,Not Available,5,129.0,"25, 26",Minutes,,,true,true,MS
250136,MERIT HEALTH WOMEN'S HOSPITAL,MS,1026 RIVER OAKS DRIVE,FLOWOOD,39232,RANKIN,Acute Care Hospitals,Proprietary,No,OP_18b,"Average (median) time patients spent in the emergency department before leaving from the visit, excluding patients transferred to another facility or psychiatric care/mental health patients. A lower number of minutes is better",2024-10-01,2025-09-30,,Not Available,Not Available,5,129.0,"25, 26",Minutes,,,true,true,MS
250138,MERIT HEALTH RIVER OAKS,MS,1030 RIVER OAKS DRIVE,FLOWOOD,39232,RANKIN,Acute Care Hospitals,Proprietary,Yes,OP_18b,"Average (median) time patients spent in the emergency department before leaving from the visit, excluding patients transferred to another facility or psychiatric care/mental health patients. A lower number of minutes is better",2024-10-01,2025-09-30,134.0,134,412,,129.0,"25, 26",Minutes,5.0,1,true,true,MS
250141,BAPTIST MEMORIAL HOSPITAL DESOTO,MS,7601 SOUTHCREST PARKWAY,SOUTHAVEN,38671,DE SOTO,Acute Care Hospitals,Proprietary,Yes,OP_18b,"Average (median) time patients spent in the emergency department before leaving from the visit, excluding patients transferred to another facility or psychiatric care/mental health patients. A lower number of minutes is better",2024-10-01,2025-09-30,259.0,259,394,,129.0,"25, 26",Minutes,130.0,1,true,true,MS
250151,ALLIANCE HEALTH CENTER,MS,5000 HIGHWAY 39 NORTH,MERIDIAN,39301,LAUDERDALE,Acute Care Hospitals,Proprietary,No,OP_18b,"Average (median) time patients spent in the emergency department before leaving from the visit, excluding patients transferred to another facility or psychiatric care/mental health patients. A lower number of minutes is better",2024-10-01,2025-09-30,,Not Available,Not Available,5,129.0,"25, 26",Minutes,,,true,true,MS
250152,MISSISSIPPI METHODIST REHAB CTR,MS,1350 E WOODROW WILSON DR,JACKSON,39216,HINDS,Acute Care Hospitals,Voluntary non-profit - Private,No,OP_18b,"Average (median) time patients spent in the emergency department before leaving from the visit, excluding patients transferred to another facility or psychiatric care/mental health patients. A lower number of minutes is better",2024-10-01,2025-09-30,,Not Available,Not Available,5,129.0,"25, 26",Minutes,,,true,true,MS
250162,OCHSNER MEDICAL CENTER-HANCOCK,MS,149 DRINKWATER BLVD,BAY SAINT LOUIS,39520,HANCOCK,Acute Care Hospitals,Government - Local,Yes,OP_18b,"Average (median) time patients spent in the emergency department before leaving from the visit, excluding patients transferred to another facility or psychiatric care/mental health patients. A lower number of minutes is better",2024-10-01,2025-09-30,147.0,147,369,,129.0,"25, 26",Minutes,18.0,1,true,true,MS
250167,METHODIST HEALTHCARE - OLIVE BRANCH HOSPITAL,MS,4250 BETHEL ROAD,OLIVE BRANCH,38654,DE SOTO,Acute Care Hospitals,Voluntary non-profit - Private,Yes,OP_18b,"Average (median) time patients spent in the emergency department before leaving from the visit, excluding patients transferred to another facility or psychiatric care/mental health patients. A lower number of minutes is better",2024-10-01,2025-09-30,222.0,222,423,,129.0,"25, 26",Minutes,93.0,1,true,true,MS
250168,UNIVERSITY OF MISSISSIPPI MEDICAL CENTER- GRENADA,MS,960 AVENT DRIVE,GRENADA,38901,GRENADA,Acute Care Hospitals,Government - State,Yes,OP_18b,"Average (median) time patients spent in the emergency department before leaving from the visit, excluding patients transferred to another facility or psychiatric care/mental health patients. A lower number of minutes is better",2024-10-01,2025-09-30,114.0,114,373,,129.0,"25, 26",Minutes,-15.0,0,true,true,MS
250172,HIGHLAND HILLS MEDICAL CENTER,MS,401 GETWELL DRIVE,SENATOBIA,38668,TATE,Acute Care Hospitals,Voluntary non-profit - Private,Yes,OP_18b,"Average (median) time patients spent in the emergency department before leaving from the visit, excluding patients transferred to another facility or psychiatric care/mental health patients. A lower number of minutes is better",2024-10-01,2025-09-30,125.0,125,349,,129.0,"25, 26",Minutes,-4.0,0,true,true,MS
250174,"ALLIANCE HEALTHCARE SYSTEM, INC",MS,1430 MS HIGHWAY 4 E,HOLLY SPRINGS,38635,MARSHALL,Acute Care Hospitals,Proprietary,No,OP_18b,"Average (median) time patients spent in the emergency department before leaving from the visit, excluding patients transferred to another facility or psychiatric care/mental health patients. A lower number of minutes is better",2024-10-01,2025-09-30,,Not Available,Not Available,19,129.0,"25, 26",Minutes,,,true,true,MS
25039F,81st Medical Group (Keesler AFB),MS,81 MDG 301 Fisher St Suite 109,Biloxi,39534,HARRISON,Acute Care - Department of Defense,Department of Defense,Yes,OP_18b,"Average (median) time patients spent in the emergency department before leaving from the visit, excluding patients transferred to another facility or psychiatric care/mental health patients. A lower number of minutes is better",2024-10-01,2025-09-30,115.0,115,390,,129.0,"25, 26",Minutes,-14.0,0,true,true,MS
250780,JEFFERSON COUNTY HOSPITAL,MS,870 S MAIN,FAYETTE,39069,JEFFERSON,Rural Emergency Hospital,Proprietary,Yes,OP_18b,"Average (median) time patients spent in the emergency department before leaving from the visit, excluding patients transferred to another facility or psychiatric care/mental health patients. A lower number of minutes is better",2024-10-01,2025-09-30,,Not Available,Not Available,19,129.0,"25, 26",Minutes,,,true,true,MS
250781,PANOLA MEDICAL CENTER,MS,303 MEDICAL CENTER DRIVE,BATESVILLE,38606,PANOLA,Rural Emergency Hospital,Proprietary,Yes,OP_18b,"Average (median) time patients spent in the emergency department before leaving from the visit, excluding patients transferred to another facility or psychiatric care/mental health patients. A lower number of minutes is better",2024-10-01,2025-09-30,,Not Available,Not Available,19,129.0,"25, 26",Minutes,,,true,true,MS
250782,GREENE COUNTY HOSPITAL,MS,1017 JACKSON STREET,LEAKESVILLE,39451,GREENE,Rural Emergency Hospital,Government - Local,Yes,OP_18b,"Average (median) time patients spent in the emergency department before leaving from the visit, excluding patients transferred to another facility or psychiatric care/mental health patients. A lower number of minutes is better",2024-10-01,2025-09-30,,Not Available,Not Available,19,129.0,"25, 26",Minutes,,,true,true,MS
250783,PERRY COUNTY GENERAL HOSPITAL,MS,206 BAY ST,RICHTON,39476,GREENE,Rural Emergency Hospital,Government - Local,Yes,OP_18b,"Average (median) time patients spent in the emergency department before leaving from the visit, excluding patients transferred to another facility or psychiatric care/mental health patients. A lower number of minutes is better",2024-10-01,2025-09-30,,Not Available,Not Available,19,129.0,"25, 26",Minutes,,,true,true,MS
250784,SHARKEY ISSAQUENA COMMUNITY HOSPITAL,MS,47 SOUTH FOURTH ST,ROLLING FORK,39159,SHARKEY,Rural Emergency Hospital,Government - Local,Yes,OP_18b,"Average (median) time patients spent in the emergency department before leaving from the visit, excluding patients transferred to another facility or psychiatric care/mental health patients. A lower number of minutes is better",2024-10-01,2025-09-30,,Not Available,Not Available,19,129.0,"25, 26",Minutes,,,true,true,MS
250785,PROGRESSIVE HEALTH GROUP OF HOUSTON,MS,1002 EAST MADISON STREET,HOUSTON,38851,CHICKASAW,Rural Emergency Hospital,Proprietary,Yes,OP_18b,"Average (median) time patients spent in the emergency department before leaving from the visit, excluding patients transferred to another facility or psychiatric care/mental health patients. A lower number of minutes is better",2024-10-01,2025-09-30,,Not Available,Not Available,19,129.0,"25, 26",Minutes,,,true,true,MS
250786,SMITH COUNTY  EMERGENCY HOSPITAL,MS,347 MAGNOLIA DRIVE,RALEIGH,39153,SMITH,Rural Emergency Hospital,Government - Local,Yes,OP_18b,"Average (median) time patients spent in the emergency department before leaving from the visit, excluding patients transferred to another facility or psychiatric care/mental health patients. A lower number of minutes is better",2024-10-01,2025-09-30,,Not Available,Not Available,19,129.0,"25, 26",Minutes,,,true,true,MS
251300,S E LACKEY MEMORIAL HOSPITAL,MS,330 N BROAD STREET,FOREST,39074,SCOTT,Critical Access Hospitals,Voluntary non-profit - Private,Yes,OP_18b,"Average (median) time patients spent in the emergency department before leaving from the visit, excluding patients transferred to another facility or psychiatric care/mental health patients. A lower number of minutes is better",2024-10-01,2025-09-30,97.0,97,353,,129.0,"25, 26",Minutes,-32.0,0,true,true,MS
251302,MONROE REGIONAL HOSPITAL,MS,400 SOUTH CHESTNUT STREET,ABERDEEN,39730,MONROE,Critical Access Hospitals,Voluntary non-profit - Private,Yes,OP_18b,"Average (median) time patients spent in the emergency department before leaving from the visit, excluding patients transferred to another facility or psychiatric care/mental health patients. A lower number of minutes is better",2024-10-01,2025-09-30,,Not Available,Not Available,5,129.0,"25, 26",Minutes,,,true,true,MS
251304,TALLAHATCHIE GENERAL HOSPITAL-CAH,MS,141 DR. T.T. LEWIS CIRCLE / PO BOX 230,CHARLESTON,38921,TALLAHATCHIE,Critical Access Hospitals,Government - Local,Yes,OP_18b,"Average (median) time patients spent in the emergency department before leaving from the visit, excluding patients transferred to another facility or psychiatric care/mental health patients. A lower number of minutes is better",2024-10-01,2025-09-30,99.0,99,2201,,129.0,"25, 26",Minutes,-30.0,0,true,true,MS
251305,LAWRENCE COUNTY HOSPITAL CAH,MS,1065 EAST BROAD ST,MONTICELLO,39654,LAWRENCE,Critical Access Hospitals,Government - Local,Yes,OP_18b,"Average (median) time patients spent in the emergency department before leaving from the visit, excluding patients transferred to another facility or psychiatric care/mental health patients. A lower number of minutes is better",2024-10-01,2025-09-30,,Not Available,Not Available,5,129.0,"25, 26",Minutes,,,true,true,MS
251307,NOXUBEE GENERAL CRITICAL ACCESS HOSP,MS,78 HOSPITAL ROAD,MACON,39341,NOXUBEE,Critical Access Hospitals,Government - State,Yes,OP_18b,"Average (median) time patients spent in the emergency department before leaving from the visit, excluding patients transferred to another facility or psychiatric care/mental health patients. A lower number of minutes is better",2024-10-01,2025-09-30,,Not Available,Not Available,19,129.0,"25, 26",Minutes,,,true,true,MS
251308,PONTOTOC HEALTH SERVICE INC CAH,MS,176 SOUTH MAIN STREET,PONTOTOC,38863,PONTOTOC,Critical Access Hospitals,Voluntary non-profit - Private,Yes,OP_18b,"Average (median) time patients spent in the emergency department before leaving from the visit, excluding patients transferred to another facility or psychiatric care/mental health patients. A lower number of minutes is better",2024-10-01,2025-09-30,88.0,88,379,,129.0,"25, 26",Minutes,-41.0,0,true,true,MS
251309,FIELD HEALTH SYSTEM,MS,178 HIGHWAY 24,CENTREVILLE,39631,WILKINSON,Critical Access Hospitals,Government - Local,Yes,OP_18b,"Average (median) time patients spent in the emergency department before leaving from the visit, excluding patients transferred to another facility or psychiatric care/mental health patients. A lower number of minutes is better",2024-10-01,2025-09-30,116.0,116,425,,129.0,"25, 26",Minutes,-13.0,0,true,true,MS
251312,TYLER HOLMES MEMORIAL HOSPITAL CAH,MS,409 TYLER HOLMES DRIVE,WINONA,38967,MONTGOMERY,Critical Access Hospitals,Government - Local,Yes,OP_18b,"Average (median) time patients spent in the emergency department before leaving from the visit, excluding patients transferred to another facility or psychiatric care/mental health patients. A lower number of minutes is better",2024-10-01,2025-09-30,105.0,105,410,,129.0,"25, 26",Minutes,-24.0,0,true,true,MS
251313,BAPTIST MEDICAL CENTER-YAZOO,MS,823 GRAND AVENUE,YAZOO CITY,39194,YAZOO,Critical Access Hospitals,Voluntary non-profit - Private,Yes,OP_18b,"Average (median) time patients spent in the emergency department before leaving from the visit, excluding patients transferred to another facility or psychiatric care/mental health patients. A lower number of minutes is better",2024-10-01,2025-09-30,82.0,82,412,,129.0,"25, 26",Minutes,-47.0,0,true,true,MS
251315,BAPTIST MEDICAL CENTER-LEAKE,MS,1100 HIGHWAY 16 EAST,CARTHAGE,39051,LEAKE,Critical Access Hospitals,Voluntary non-profit - Private,Yes,OP_18b,"Average (median) time patients spent in the emergency department before leaving from the visit, excluding patients transferred to another facility or psychiatric care/mental health patients. A lower number of minutes is better",2024-10-01,2025-09-30,94.0,94,359,,129.0,"25, 26",Minutes,-35.0,0,true,true,MS
251316,OCHSNER WATKINS HOSPITAL,MS,605 SOUTH ARCHUSA AVENUE,QUITMAN,39355,CLARKE,Critical Access Hospitals,Voluntary non-profit - Private,Yes,OP_18b,"Average (median) time patients spent in the emergency department before leaving from the visit, excluding patients transferred to another facility or psychiatric care/mental health patients. A lower number of minutes is better",2024-10-01,2025-09-30,90.0,90,370,,129.0,"25, 26",Minutes,-39.0,0,true,true,MS
251317,SIMPSON GENERAL HOSPITAL CAH,MS,1842 SIMPSON HIGHWAY 149,MENDENHALL,39114,SIMPSON,Critical Access Hospitals,Voluntary non-profit - Private,Yes,OP_18b,"Average (median) time patients spent in the emergency department before leaving from the visit, excluding patients transferred to another facility or psychiatric care/mental health patients. A lower number of minutes is better",2024-10-01,2025-09-30,96.0,96,234,,129.0,"25, 26",Minutes,-33.0,0,true,true,MS
251318,NORTH SUNFLOWER MEDICAL CENTER CAH,MS,840 NORTH OAK AVENUE,RULEVILLE,38771,SUNFLOWER,Critical Access Hospitals,Government - Local,Yes,OP_18b,"Average (median) time patients spent in the emergency department before leaving from the visit, excluding patients transferred to another facility or psychiatric care/mental health patients. A lower number of minutes is better",2024-10-01,2025-09-30,,Not Available,Not Available,5,129.0,"25, 26",Minutes,,,true,true,MS
251319,HOLMES COUNTY HOSPITAL AND CLINICS,MS,239 BOWLING GREEN ROAD,LEXINGTON,39095,HOLMES,Critical Access Hospitals,Government - State,Yes,OP_18b,"Average (median) time patients spent in the emergency department before leaving from the visit, excluding patients transferred to another facility or psychiatric care/mental health patients. A lower number of minutes is better",2024-10-01,2025-09-30,101.0,101,344,,129.0,"25, 26",Minutes,-28.0,0,true,true,MS
251320,CLAIBORNE COUNTY HOSPITAL,MS,123 MCCOMB AVENUE,PORT GIBSON,39150,CLAIBORNE,Critical Access Hospitals,Government - Local,Yes,OP_18b,"Average (median) time patients spent in the emergency department before leaving from the visit, excluding patients transferred to another facility or psychiatric care/mental health patients. A lower number of minutes is better",2024-10-01,2025-09-30,,Not Available,Not Available,5,129.0,"25, 26",Minutes,,,true,true,MS
251322,OCHSNER LAIRD HOSPITAL,MS,25117 HIGHWAY 15,UNION,39365,NESHOBA,Critical Access Hospitals,Voluntary non-profit - Private,Yes,OP_18b,"Average (median) time patients spent in the emergency department before leaving from the visit, excluding patients transferred to another facility or psychiatric care/mental health patients. A lower number of minutes is better",2024-10-01,2025-09-30,102.0,102,370,,129.0,"25, 26",Minutes,-27.0,0,true,true,MS
251323,OCHSNER SCOTT REGIONAL,MS,317 HIGHWAY 13 SOUTH,MORTON,39117,SCOTT,Critical Access Hospitals,Voluntary non-profit - Private,Yes,OP_18b,"Average (median) time patients spent in the emergency department before leaving from the visit, excluding patients transferred to another facility or psychiatric care/mental health patients. A lower number of minutes is better",2024-10-01,2025-09-30,82.0,82,371,,129.0,"25, 26",Minutes,-47.0,0,true,true,MS
251324,WALTHALL COUNTY GENERAL HOSPITAL CAH,MS,100 HOSPITAL DRIVE,TYLERTOWN,39667,WALTHALL,Critical Access Hospitals,Government - Local,Yes,OP_18b,"Average (median) time patients spent in the emergency department before leaving from the visit, excluding patients transferred to another facility or psychiatric care/mental health patients. A lower number of minutes is better",2024-10-01,2025-09-30,,Not Available,Not Available,5,129.0,"25, 26",Minutes,,,true,true,MS
251325,COVINGTON COUNTY HOSPITAL CAH,MS,701 SOUTH HOLLY AVENUE,COLLINS,39428,COVINGTON,Critical Access Hospitals,Government - Local,Yes,OP_18b,"Average (median) time patients spent in the emergency department before leaving from the visit, excluding patients transferred to another facility or psychiatric care/mental health patients. A lower number of minutes is better",2024-10-01,2025-09-30,74.0,74,206,3,129.0,"25, 26",Minutes,-55.0,0,true,true,MS
251326,JEFFERSON DAVIS COMMUNITY HOSPITAL CAH,MS,1102 ROSE STREET,PRENTISS,39474,JEFFERSON DAVIS,Critical Access Hospitals,Government - Local,Yes,OP_18b,"Average (median) time patients spent in the emergency department before leaving from the visit, excluding patients transferred to another facility or psychiatric care/mental health patients. A lower number of minutes is better",2024-10-01,2025-09-30,,Not Available,Not Available,5,129.0,"25, 26",Minutes,,,true,true,MS
251327,COPIAH COUNTY MEDICAL CENTER,MS,21790 HIGHWAY 28,HAZLEHURST,39083,COPIAH,Critical Access Hospitals,Government - Local,Yes,OP_18b,"Average (median) time patients spent in the emergency department before leaving from the visit, excluding patients transferred to another facility or psychiatric care/mental health patients. A lower number of minutes is better",2024-10-01,2025-09-30,,Not Available,Not Available,5,129.0,"25, 26",Minutes,,,true,true,MS
251330,FRANKLIN COUNTY MEMORIAL HOSPITAL,MS,HWY 84 BOX 636,MEADVILLE,39653,FRANKLIN,Critical Access Hospitals,Government - Local,Yes,OP_18b,"Average (median) time patients spent in the emergency department before leaving from the visit, excluding patients transferred to another facility or psychiatric care/mental health patients. A lower number of minutes is better",2024-10-01,2025-09-30,95.0,95,207,,129.0,"25, 26",Minutes,-34.0,0,true,true,MS
251331,BMH-CALHOUN,MS,140 BURKE-CALHOUN CITY ROAD,CALHOUN CITY,38916,CALHOUN,Critical Access Hospitals,Voluntary non-profit - Private,Yes,OP_18b,"Average (median) time patients spent in the emergency department before leaving from the visit, excluding patients transferred to another facility or psychiatric care/mental health patients. A lower number of minutes is better",2024-10-01,2025-09-30,83.0,83,352,,129.0,"25, 26",Minutes,-46.0,0,true,true,MS
251333,PEARL RIVER COUNTY HOSPITAL,MS,305 WEST MOODY STREET,POPLARVILLE,39470,PEARL RIVER,Critical Access Hospitals,Government - Local,Yes,OP_18b,"Average (median) time patients spent in the emergency department before leaving from the visit, excluding patients transferred to another facility or psychiatric care/mental health patients. A lower number of minutes is better",2024-10-01,2025-09-30,,Not Available,Not Available,5,129.0,"25, 26",Minutes,,,true,true,MS
251334,CHOCTAW REGIONAL MEDICAL CENTER,MS,8613 MS HWY 12,ACKERMAN,39735,CHOCTAW,Critical Access Hospitals,Government - Local,Yes,OP_18b,"Average (median) time patients spent in the emergency department before leaving from the visit, excluding patients transferred to another facility or psychiatric care/mental health patients. A lower number of minutes is better",2024-10-01,2025-09-30,109.0,109,335,,129.0,"25, 26",Minutes,-20.0,0,true,true,MS
251335,OCHSNER STENNIS MEMORIAL HOSPITAL,MS,14365 HIGHWAY 16 WEST,DE KALB,39328,KEMPER,Critical Access Hospitals,Voluntary non-profit - Private,Yes,OP_18b,"Average (median) time patients spent in the emergency department before leaving from the visit, excluding patients transferred to another facility or psychiatric care/mental health patients. A lower number of minutes is better",2024-10-01,2025-09-30,90.0,90,360,,129.0,"25, 26",Minutes,-39.0,0,true,true,MS
251336,BAPTIST MEDICAL CENTER ATTALA,MS,220 HWY 12 WEST,KOSCIUSKO,39090,ATTALA,Critical Access Hospitals,Voluntary non-profit - Other,Yes,OP_18b,"Average (median) time patients spent in the emergency department before leaving from the visit, excluding patients transferred to another facility or psychiatric care/mental health patients. A lower number of minutes is better",2024-10-01,2025-09-30,77.0,77,365,,129.0,"25, 26",Minutes,-52.0,0,true,true,MS
251337,TIPPAH COUNTY HOSPITAL,MS,1005 CITY AVE NORTH,RIPLEY,38663,TIPPAH,Critical Access Hospitals,Government - Local,Yes,OP_18b,"Average (median) time patients spent in the emergency department before leaving from the visit, excluding patients transferred to another facility or psychiatric care/mental health patients. A lower number of minutes is better",2024-10-01,2025-09-30,80.0,80,501,,129.0,"25, 26",Minutes,-49.0,0,true,true,MS
251339,QUITMAN COMMUNITY HOSPITAL,MS,340 GETWELL DRIVE,MARKS,38646,QUITMAN,Critical Access Hospitals,Government - Local,Yes,OP_18b,"Average (median) time patients spent in the emergency department before leaving from the visit, excluding patients transferred to another facility or psychiatric care/mental health patients. A lower number of minutes is better",2024-10-01,2025-09-30,,Not Available,Not Available,5,129.0,"25, 26",Minutes,,,true,true,MS
251340,NESHOBA COUNTY GENERAL HOSPITAL,MS,1001 HOLLAND AVENUE,PHILADELPHIA,39350,NESHOBA,Critical Access Hospitals,Government - Local,Yes,OP_18b,"Average (median) time patients spent in the emergency department before leaving from the visit, excluding patients transferred to another facility or psychiatric care/mental health patients. A lower number of minutes is better",2024-10-01,2025-09-30,,Not Available,Not Available,19,129.0,"25, 26",Minutes,,,true,true,MS
010001,SOUTHEAST HEALTH MEDICAL CENTER,AL,1108 ROSS CLARK CIRCLE,DOTHAN,36301,HOUSTON,Acute Care Hospitals,Government - Hospital District or Authority,Yes,OP_22,Left before being seen,2024-01-01,2024-12-31,3.0,3,62163,,2.0,"25, 26",Percent,1.0,1,true,true,AL
010005,MARSHALL MEDICAL CENTERS,AL,2505 U S HIGHWAY 431 NORTH,BOAZ,35957,MARSHALL,Acute Care Hospitals,Government - Hospital District or Authority,Yes,OP_22,Left before being seen,2024-01-01,2024-12-31,3.0,3,60663,,2.0,"25, 26",Percent,1.0,1,true,true,AL
010006,NORTH ALABAMA MEDICAL CENTER,AL,1701 VETERANS DRIVE,FLORENCE,35630,LAUDERDALE,Acute Care Hospitals,Proprietary,Yes,OP_22,Left before being seen,2024-01-01,2024-12-31,1.0,1,46884,,2.0,"25, 26",Percent,-1.0,0,true,true,AL
010007,MIZELL MEMORIAL HOSPITAL,AL,702 N MAIN ST,OPP,36467,COVINGTON,Acute Care Hospitals,Voluntary non-profit - Private,Yes,OP_22,Left before being seen,2024-01-01,2024-12-31,1.0,1,11011,,2.0,"25, 26",Percent,-1.0,0,true,true,AL
010011,ST. VINCENT'S EAST,AL,50 MEDICAL PARK EAST DRIVE,BIRMINGHAM,35235,JEFFERSON,Acute Care Hospitals,Voluntary non-profit - Private,Yes,OP_22,Left before being seen,2024-01-01,2024-12-31,,Not Available,Not Available,5,2.0,"25, 26",Percent,,,true,true,AL
010012,DEKALB REGIONAL MEDICAL CENTER,AL,200 MED CENTER DRIVE,FORT PAYNE,35968,DE KALB,Acute Care Hospitals,Proprietary,Yes,OP_22,Left before being seen,2024-01-01,2024-12-31,2.0,2,20366,,2.0,"25, 26",Percent,0.0,0,true,true,AL
010016,SHELBY BAPTIST MEDICAL CENTER,AL,1000 FIRST STREET NORTH,ALABASTER,35007,SHELBY,Acute Care Hospitals,Voluntary non-profit - Private,Yes,OP_22,Left before being seen,2024-01-01,2024-12-31,2.0,2,31532,,2.0,"25, 26",Percent,0.0,0,true,true,AL
010019,HELEN KELLER HOSPITAL,AL,1300 SOUTH MONTGOMERY AVENUE,SHEFFIELD,35660,COLBERT,Acute Care Hospitals,Government - Hospital District or Authority,Yes,OP_22,Left before being seen,2024-01-01,2024-12-31,3.0,3,34390,,2.0,"25, 26",Percent,1.0,1,true,true,AL
010021,DALE MEDICAL CENTER,AL,126 HOSPITAL AVE,OZARK,36360,DALE,Acute Care Hospitals,Government - Hospital District or Authority,Yes,OP_22,Left before being seen,2024-01-01,2024-12-31,2.0,2,17154,,2.0,"25, 26",Percent,0.0,0,true,true,AL
010022,FLOYD CHEROKEE MEDICAL CENTER,AL,400 NORTHWOOD DR,CENTRE,35960,CHEROKEE,Acute Care Hospitals,Proprietary,Yes,OP_22,Left before being seen,2024-01-01,2024-12-31,0.0,0,8983,,2.0,"25, 26",Percent,-2.0,0,true,true,AL
010023,BAPTIST MEDICAL CENTER SOUTH,AL,2105 EAST SOUTH BOULEVARD,MONTGOMERY,36116,MONTGOMERY,Acute Care Hospitals,Government - Hospital District or Authority,Yes,OP_22,Left before being seen,2024-01-01,2024-12-31,2.0,2,55999,,2.0,"25, 26",Percent,0.0,0,true,true,AL
010024,JACKSON HOSPITAL & CLINIC INC,AL,1725 PINE STREET,MONTGOMERY,36106,MONTGOMERY,Acute Care Hospitals,Voluntary non-profit - Private,Yes,OP_22,Left before being seen,2024-01-01,2024-12-31,1.0,1,53927,,2.0,"25, 26",Percent,-1.0,0,true,true,AL
010029,THE EAST ALABAMA HEALTHCARE AUTHORITY,AL,2000 PEPPERELL PARKWAY,OPELIKA,36801,LEE,Acute Care Hospitals,Government - Hospital District or Authority,Yes,OP_22,Left before being seen,2024-01-01,2024-12-31,5.0,5,55362,,2.0,"25, 26",Percent,3.0,1,true,true,AL
010033,UNIVERSITY OF ALABAMA HOSPITAL,AL,619 SOUTH 19TH STREET,BIRMINGHAM,35233,JEFFERSON,Acute Care Hospitals,Government - State,Yes,OP_22,Left before being seen,2024-01-01,2024-12-31,2.0,2,142026,,2.0,"25, 26",Percent,0.0,0,true,true,AL
010034,COMMUNITY HOSPITAL INC,AL,805 FRIENDSHIP ROAD,TALLASSEE,36078,ELMORE,Acute Care Hospitals,Voluntary non-profit - Private,Yes,OP_22,Left before being seen,2024-01-01,2024-12-31,2.0,2,7495,,2.0,"25, 26",Percent,0.0,0,true,true,AL
010035,CULLMAN REGIONAL MEDICAL CENTER,AL,1912 ALABAMA HIGHWAY 157,CULLMAN,35058,CULLMAN,Acute Care Hospitals,Government - Hospital District or Authority,Yes,OP_22,Left before being seen,2024-01-01,2024-12-31,1.0,1,49612,,2.0,"25, 26",Percent,-1.0,0,true,true,AL
010036,ANDALUSIA HEALTH,AL,849 SOUTH THREE NOTCH STREET,ANDALUSIA,36420,COVINGTON,Acute Care Hospitals,Proprietary,Yes,OP_22,Left before being seen,2024-01-01,2024-12-31,3.0,3,19363,,2.0,"25, 26",Percent,1.0,1,true,true,AL
010039,HUNTSVILLE HOSPITAL,AL,101 SIVLEY RD,HUNTSVILLE,35801,MADISON,Acute Care Hospitals,Government - Hospital District or Authority,Yes,OP_22,Left before being seen,2024-01-01,2024-12-31,1.0,1,174551,,2.0,"25, 26",Percent,-1.0,0,true,true,AL
010040,GADSDEN REGIONAL MEDICAL CENTER,AL,1007 GOODYEAR AVENUE,GADSDEN,35903,ETOWAH,Acute Care Hospitals,Proprietary,Yes,OP_22,Left before being seen,2024-01-01,2024-12-31,2.0,2,32394,,2.0,"25, 26",Percent,0.0,0,true,true,AL
010044,MARION REGIONAL MEDICAL CENTER,AL,1256 MILITARY STREET SOUTH,HAMILTON,35570,MARION,Acute Care Hospitals,Voluntary non-profit - Private,Yes,OP_22,Left before being seen,2024-01-01,2024-12-31,2.0,2,6671,,2.0,"25, 26",Percent,0.0,0,true,true,AL
010045,FAYETTE MEDICAL CENTER,AL,1653 TEMPLE AVENUE NORTH,FAYETTE,35555,FAYETTE,Acute Care Hospitals,Voluntary non-profit - Other,Yes,OP_22,Left before being seen,2024-01-01,2024-12-31,3.0,3,9867,,2.0,"25, 26",Percent,1.0,1,true,true,AL
010046,RIVERVIEW REGIONAL MEDICAL CENTER,AL,600 SOUTH THIRD STREET,GADSDEN,35901,ETOWAH,Acute Care Hospitals,Proprietary,Yes,OP_22,Left before being seen,2024-01-01,2024-12-31,2.0,2,27912,,2.0,"25, 26",Percent,0.0,0,true,true,AL
010049,MEDICAL CENTER ENTERPRISE,AL,400 N EDWARDS STREET,ENTERPRISE,36330,COFFEE,Acute Care Hospitals,Proprietary,Yes,OP_22,Left before being seen,2024-01-01,2024-12-31,1.0,1,32588,,2.0,"25, 26",Percent,-1.0,0,true,true,AL
010051,GREENE COUNTY HOSPITAL,AL,509 WILSON AVENUE,EUTAW,35462,GREENE,Acute Care Hospitals,Voluntary non-profit - Other,Yes,OP_22,Left before being seen,2024-01-01,2024-12-31,1.0,1,4065,,2.0,"25, 26",Percent,-1.0,0,true,true,AL
010052,LAKE MARTIN COMMUNITY HOSPITAL,AL,201 MARIARDEN ROAD,DADEVILLE,36853,TALLAPOOSA,Acute Care Hospitals,Proprietary,Yes,OP_22,Left before being seen,2024-01-01,2024-12-31,0.0,0,6126,,2.0,"25, 26",Percent,-2.0,0,true,true,AL
010055,FLOWERS HOSPITAL,AL,4370 WEST MAIN STREET,DOTHAN,36302,HOUSTON,Acute Care Hospitals,Proprietary,Yes,OP_22,Left before being seen,2024-01-01,2024-12-31,5.0,5,40287,,2.0,"25, 26",Percent,3.0,1,true,true,AL
010056,ST VINCENT'S BIRMINGHAM,AL,810 ST VINCENT'S DRIVE,BIRMINGHAM,35205,JEFFERSON,Acute Care Hospitals,Voluntary non-profit - Private,Yes,OP_22,Left before being seen,2024-01-01,2024-12-31,,Not Available,Not Available,5,2.0,"25, 26",Percent,,,true,true,AL
010058,BIBB MEDICAL CENTER,AL,208 PIERSON AVE,CENTREVILLE,35042,BIBB,Acute Care Hospitals,Government - Hospital District or Authority,Yes,OP_22,Left before being seen,2024-01-01,2024-12-31,3.0,3,14793,,2.0,"25, 26",Percent,1.0,1,true,true,AL
010061,HIGHLANDS MEDICAL CENTER,AL,380 WOODS COVE ROAD,SCOTTSBORO,35768,JACKSON,Acute Care Hospitals,Government - Hospital District or Authority,Yes,OP_22,Left before being seen,2024-01-01,2024-12-31,3.0,3,18118,,2.0,"25, 26",Percent,1.0,1,true,true,AL
010062,WIREGRASS MEDICAL CENTER,AL,1200 W MAPLE AVENUE,GENEVA,36340,GENEVA,Acute Care Hospitals,Government - Hospital District or Authority,Yes,OP_22,Left before being seen,2024-01-01,2024-12-31,4.0,4,9281,,2.0,"25, 26",Percent,2.0,1,true,true,AL
010065,RUSSELL MEDICAL CENTER,AL,3316 HIGHWAY 280,ALEXANDER CITY,35010,TALLAPOOSA,Acute Care Hospitals,Voluntary non-profit - Private,Yes,OP_22,Left before being seen,2024-01-01,2024-12-31,2.0,2,20291,,2.0,"25, 26",Percent,0.0,0,true,true,AL
010073,CLAY COUNTY HOSPITAL,AL,83825 HIGHWAY 9    P O BOX 1270,ASHLAND,36251,CLAY,Acute Care Hospitals,Government - Hospital District or Authority,Yes,OP_22,Left before being seen,2024-01-01,2024-12-31,0.0,0,4633,,2.0,"25, 26",Percent,-2.0,0,true,true,AL
010078,NORTHEAST ALABAMA REGIONAL MEDICAL CENTER,AL,400 EAST 10TH STREET,ANNISTON,36207,CALHOUN,Acute Care Hospitals,Government - Local,Yes,OP_22,Left before being seen,2024-01-01,2024-12-31,4.0,4,39422,,2.0,"25, 26",Percent,2.0,1,true,true,AL
010079,ATHENS LIMESTONE HOSPITAL,AL,700 WEST MARKET STREET,ATHENS,35611,LIMESTONE,Acute Care Hospitals,Government - Hospital District or Authority,Yes,OP_22,Left before being seen,2024-01-01,2024-12-31,2.0,2,29677,,2.0,"25, 26",Percent,0.0,0,true,true,AL
010083,BALDWIN HEALTH,AL,1613 NORTH MCKENZIE STREET,FOLEY,36535,BALDWIN,Acute Care Hospitals,Proprietary,Yes,OP_22,Left before being seen,2024-01-01,2024-12-31,2.0,2,58281,,2.0,"25, 26",Percent,0.0,0,true,true,AL
010085,DECATUR MORGAN HOSPITAL - DECATUR CAMPUS,AL,1201 7TH STREET SE,DECATUR,35601,MORGAN,Acute Care Hospitals,Government - Hospital District or Authority,Yes,OP_22,Left before being seen,2024-01-01,2024-12-31,1.0,1,55013,,2.0,"25, 26",Percent,-1.0,0,true,true,AL
010086,NORTH MISSISSIPPI HEALTH SERVICES - SOUTH MARION,AL,1530 U S HIGHWAY 43,WINFIELD,35594,FAYETTE,Acute Care Hospitals,Proprietary,Yes,OP_22,Left before being seen,2024-01-01,2024-12-31,4.0,4,11379,,2.0,"25, 26",Percent,2.0,1,true,true,AL
010087,USA HEALTH UNIVERSITY HOSPITAL,AL,2451 FILLINGIM STREET,MOBILE,36617,MOBILE,Acute Care Hospitals,Government - State,Yes,OP_22,Left before being seen,2024-01-01,2024-12-31,2.0,2,34917,,2.0,"25, 26",Percent,0.0,0,true,true,AL
010089,WALKER BAPTIST MEDICAL CENTER,AL,3400 HIGHWAY 78 EAST,JASPER,35502,WALKER,Acute Care Hospitals,Proprietary,Yes,OP_22,Left before being seen,2024-01-01,2024-12-31,3.0,3,31684,,2.0,"25, 26",Percent,1.0,1,true,true,AL
010090,"USA HEALTH HCA PROVIDENCE HOSPITAL, LLC",AL,6801 AIRPORT BOULEVARD,MOBILE,36608,MOBILE,Acute Care Hospitals,Voluntary non-profit - Church,Yes,OP_22,Left before being seen,2024-01-01,2024-12-31,6.0,6,39611,,2.0,"25, 26",Percent,4.0,1,true,true,AL
010091,GROVE HILL MEMORIAL HOSPITAL,AL,295 JACKSON HWY S,GROVE HILL,36451,CLARKE,Acute Care Hospitals,Government - Hospital District or Authority,Yes,OP_22,Left before being seen,2024-01-01,2024-12-31,2.0,2,6138,,2.0,"25, 26",Percent,0.0,0,true,true,AL
010092,DCH REGIONAL MEDICAL CENTER,AL,809 UNIVERSITY BOULEVARD EAST,TUSCALOOSA,35401,TUSCALOOSA,Acute Care Hospitals,Government - Hospital District or Authority,Yes,OP_22,Left before being seen,2024-01-01,2024-12-31,4.0,4,100971,,2.0,"25, 26",Percent,2.0,1,true,true,AL
010095,HALE COUNTY HOSPITAL,AL,508 GREENE STREET,GREENSBORO,36744,HALE,Acute Care Hospitals,Government - Hospital District or Authority,Yes,OP_22,Left before being seen,2024-01-01,2024-12-31,4.0,4,10002,,2.0,"25, 26",Percent,2.0,1,true,true,AL
010097,ELMORE COMMUNITY HOSPITAL,AL,500 HOSPITAL DRIVE,WETUMPKA,36092,ELMORE,Acute Care Hospitals,Proprietary,Yes,OP_22,Left before being seen,2024-01-01,2024-12-31,3.0,3,10773,,2.0,"25, 26",Percent,1.0,1,true,true,AL
010099,D W MCMILLAN MEMORIAL HOSPITAL,AL,1301 BELLEVILLE AVENUE,BREWTON,36426,ESCAMBIA,Acute Care Hospitals,Government - Hospital District or Authority,Yes,OP_22,Left before being seen,2024-01-01,2024-12-31,4.0,4,11562,,2.0,"25, 26",Percent,2.0,1,true,true,AL
010100,THOMAS HOSPITAL,AL,750 MORPHY AVENUE,FAIRHOPE,36532,BALDWIN,Acute Care Hospitals,Voluntary non-profit - Private,Yes,OP_22,Left before being seen,2024-01-01,2024-12-31,5.0,5,28834,,2.0,"25, 26",Percent,3.0,1,true,true,AL
010101,CITIZENS BAPTIST MEDICAL CENTER,AL,604 STONE AVENUE,TALLADEGA,35160,TALLADEGA,Acute Care Hospitals,Voluntary non-profit - Private,Yes,OP_22,Left before being seen,2024-01-01,2024-12-31,1.0,1,17410,,2.0,"25, 26",Percent,-1.0,0,true,true,AL
010103,PRINCETON BAPTIST MEDICAL CENTER,AL,701 PRINCETON AVENUE SOUTHWEST,BIRMINGHAM,35211,JEFFERSON,Acute Care Hospitals,Voluntary non-profit - Church,Yes,OP_22,Left before being seen,2024-01-01,2024-12-31,1.0,1,27799,,2.0,"25, 26",Percent,-1.0,0,true,true,AL
010104,GRANDVIEW MEDICAL CENTER,AL,3690 GRANDVIEW PARKWAY,BIRMINGHAM,35243,JEFFERSON,Acute Care Hospitals,Proprietary,Yes,OP_22,Left before being seen,2024-01-01,2024-12-31,1.0,1,62315,,2.0,"25, 26",Percent,-1.0,0,true,true,AL
010108,PRATTVILLE BAPTIST HOSPITAL,AL,124 S MEMORIAL DR,PRATTVILLE,36067,AUTAUGA,Acute Care Hospitals,Government - Hospital District or Authority,Yes,OP_22,Left before being seen,2024-01-01,2024-12-31,6.0,6,29793,,2.0,"25, 26",Percent,4.0,1,true,true,AL
010110,BULLOCK COUNTY HOSPITAL,AL,102 WEST CONECUH AVENUE,UNION SPRINGS,36089,BULLOCK,Acute Care Hospitals,Proprietary,Yes,OP_22,Left before being seen,2024-01-01,2024-12-31,,Not Available,Not Available,5,2.0,"25, 26",Percent,,,true,true,AL
010112,WHITFIELD REGIONAL HOSPITAL,AL,105 HIGHWAY 80 EAST,DEMOPOLIS,36732,MARENGO,Acute Care Hospitals,Government - Hospital District or Authority,Yes,OP_22,Left before being seen,2024-01-01,2024-12-31,0.0,0,10524,,2.0,"25, 26",Percent,-2.0,0,true,true,AL
010113,MOBILE INFIRMARY MEDICAL CENTER,AL,5 MOBILE INFIRMARY CIRCLE,MOBILE,36607,MOBILE,Acute Care Hospitals,Voluntary non-profit - Private,Yes,OP_22,Left before being seen,2024-01-01,2024-12-31,4.0,4,38694,,2.0,"25, 26",Percent,2.0,1,true,true,AL
010114,"MEDICAL WEST, AN AFFILIATE OF UAB HEALTH SYSTEM",AL,995 9TH AVENUE SOUTHWEST,BESSEMER,35022,JEFFERSON,Acute Care Hospitals,Government - Hospital District or Authority,Yes,OP_22,Left before being seen,2024-01-01,2024-12-31,2.0,2,36206,,2.0,"25, 26",Percent,0.0,0,true,true,AL
010118,VAUGHAN REGIONAL MEDICAL CENTER PARKWAY CAMPUS,AL,1015 MEDICAL CENTER PARKWAY,SELMA,36701,DALLAS,Acute Care Hospitals,Proprietary,Yes,OP_22,Left before being seen,2024-01-01,2024-12-31,2.0,2,20746,,2.0,"25, 26",Percent,0.0,0,true,true,AL
010125,LAKELAND COMMUNITY HOSPITAL,AL,42024 HIGHWAY 195 E,HALEYVILLE,35565,WINSTON,Acute Care Hospitals,Proprietary,Yes,OP_22,Left before being seen,2024-01-01,2024-12-31,2.0,2,8628,,2.0,"25, 26",Percent,0.0,0,true,true,AL
010126,TROY REGIONAL MEDICAL CENTER,AL,1330 HIGHWAY 231 SOUTH,TROY,36081,PIKE,Acute Care Hospitals,Government - Federal,Yes,OP_22,Left before being seen,2024-01-01,2024-12-31,1.0,1,20684,,2.0,"25, 26",Percent,-1.0,0,true,true,AL
010128,JACKSON MEDICAL CENTER,AL,220 HOSPITAL DRIVE,JACKSON,36545,CLARKE,Acute Care Hospitals,Proprietary,Yes,OP_22,Left before being seen,2024-01-01,2024-12-31,6.0,6,4071,,2.0,"25, 26",Percent,4.0,1,true,true,AL
010129,NORTH BALDWIN INFIRMARY,AL,1815 HAND AVENUE,BAY MINETTE,36507,BALDWIN,Acute Care Hospitals,Voluntary non-profit - Private,Yes,OP_22,Left before being seen,2024-01-01,2024-12-31,4.0,4,16857,,2.0,"25, 26",Percent,2.0,1,true,true,AL
010130,ST VINCENT'S ST CLAIR,AL,7063 VETERANS PARKWAY,PELL CITY,35125,ST. CLAIR,Acute Care Hospitals,Voluntary non-profit - Private,Yes,OP_22,Left before being seen,2024-01-01,2024-12-31,,Not Available,Not Available,5,2.0,"25, 26",Percent,,,true,true,AL
010131,CRESTWOOD MEDICAL CENTER,AL,ONE HOSPITAL DR SE,HUNTSVILLE,35801,MADISON,Acute Care Hospitals,Proprietary,Yes,OP_22,Left before being seen,2024-01-01,2024-12-31,0.0,0,48403,,2.0,"25, 26",Percent,-2.0,0,true,true,AL
010138,HILL HOSPITAL OF SUMTER COUNTY,AL,751 DERBY DRIVE,YORK,36925,SUMTER,Acute Care Hospitals,Government - Hospital District or Authority,Yes,OP_22,Left before being seen,2024-01-01,2024-12-31,2.0,2,2458,,2.0,"25, 26",Percent,0.0,0,true,true,AL
010139,BAPTIST HEALTH BROOKWOOD HOSPITAL,AL,2010 BROOKWOOD MEDICAL CENTER DRIVE,BIRMINGHAM,35209,JEFFERSON,Acute Care Hospitals,Proprietary,Yes,OP_22,Left before being seen,2024-01-01,2024-12-31,2.0,2,34319,,2.0,"25, 26",Percent,0.0,0,true,true,AL
010144,SPRINGHILL MEDICAL CENTER,AL,3719 DAUPHIN STREET,MOBILE,36608,MOBILE,Acute Care Hospitals,Proprietary,Yes,OP_22,Left before being seen,2024-01-01,2024-12-31,2.0,2,46504,,2.0,"25, 26",Percent,0.0,0,true,true,AL
010148,EVERGREEN MEDICAL CENTER,AL,101 CRESTVIEW AVENUE,EVERGREEN,36401,CONECUH,Acute Care Hospitals,Proprietary,Yes,OP_22,Left before being seen,2024-01-01,2024-12-31,2.0,2,5909,,2.0,"25, 26",Percent,0.0,0,true,true,AL
010149,BAPTIST MEDICAL CENTER EAST,AL,400 TAYLOR ROAD,MONTGOMERY,36117,MONTGOMERY,Acute Care Hospitals,Government - Hospital District or Authority,Yes,OP_22,Left before being seen,2024-01-01,2024-12-31,6.0,6,54340,,2.0,"25, 26",Percent,4.0,1,true,true,AL
010150,THE HEALTH CARE AUTHORITY OF THE CITY OF GREENVILLE- LV STABLER HOSPITAL,AL,29 L V STABLER DRIVE,GREENVILLE,36037,BUTLER,Acute Care Hospitals,Proprietary,Yes,OP_22,Left before being seen,2024-01-01,2024-12-31,1.0,1,11416,,2.0,"25, 26",Percent,-1.0,0,true,true,AL
010157,NORTH ALABAMA SHOALS HOSPITAL,AL,201 WEST AVALON AVENUE,MUSCLE SHOALS,35661,COLBERT,Acute Care Hospitals,Proprietary,Yes,OP_22,Left before being seen,2024-01-01,2024-12-31,1.0,1,9078,,2.0,"25, 26",Percent,-1.0,0,true,true,AL
010158,RUSSELLVILLE HOSPITAL,AL,15155 HIGHWAY 43,RUSSELLVILLE,35653,FRANKLIN,Acute Care Hospitals,Proprietary,Yes,OP_22,Left before being seen,2024-01-01,2024-12-31,1.0,1,9745,,2.0,"25, 26",Percent,-1.0,0,true,true,AL
010164,COOSA VALLEY MEDICAL CENTER,AL,315 W HICKORY ST,SYLACAUGA,35150,TALLADEGA,Acute Care Hospitals,Government - Hospital District or Authority,Yes,OP_22,Left before being seen,2024-01-01,2024-12-31,0.0,0,22720,,2.0,"25, 26",Percent,-2.0,0,true,true,AL
010168,JACK HUGHSTON MEMORIAL HOSPITAL,AL,4401 RIVER CHASE DRIVE,PHENIX CITY,36867,RUSSELL,Acute Care Hospitals,Government - State,Yes,OP_22,Left before being seen,2024-01-01,2024-12-31,1.0,1,17625,,2.0,"25, 26",Percent,-1.0,0,true,true,AL
010169,ATMORE COMMUNITY HOSPITAL,AL,401 MEDICAL PARK DRIVE,ATMORE,36502,ESCAMBIA,Acute Care Hospitals,Government - Hospital District or Authority,Yes,OP_22,Left before being seen,2024-01-01,2024-12-31,3.0,3,10808,,2.0,"25, 26",Percent,1.0,1,true,true,AL
010173,ST VINCENT'S CHILTON,AL,2030 LAY DAM ROAD,CLANTON,35045,CHILTON,Acute Care Hospitals,Voluntary non-profit - Church,Yes,OP_22,Left before being seen,2024-01-01,2024-12-31,,Not Available,Not Available,5,2.0,"25, 26",Percent,,,true,true,AL
010779,BULLOCK COUNTY HOSPITAL,AL,102 WEST CONECUH AVENUE,UNION SPRINGS,36089,BULLOCK,Rural Emergency Hospital,Proprietary,Yes,OP_22,Left before being seen,2024-01-01,2024-12-31,,Not Available,Not Available,19,2.0,"25, 26",Percent,,,true,true,AL
010780,EAMC - LANIER,AL,4800 48TH STREET,VALLEY,36854,CHAMBERS,Rural Emergency Hospital,Government - Hospital District or Authority,Yes,OP_22,Left before being seen,2024-01-01,2024-12-31,,Not Available,Not Available,19,2.0,"25, 26",Percent,,,true,true,AL
010781,J PAUL JONES HOSPITAL,AL,317 MCWILLIAMS AVENUE,CAMDEN,36726,WILCOX,Rural Emergency Hospital,Government - Local,Yes,OP_22,Left before being seen,2024-01-01,2024-12-31,,Not Available,Not Available,19,2.0,"25, 26",Percent,,,true,true,AL
011300,WASHINGTON COUNTY HOSPITAL,AL,14600 ST. STEPHENS AVENUE,CHATOM,36518,WASHINGTON,Critical Access Hospitals,Government - Local,Yes,OP_22,Left before being seen,2024-01-01,2024-12-31,,Not Available,Not Available,5,2.0,"25, 26",Percent,,,true,true,AL
011302,RED BAY HOSPITAL,AL,211 HOSPITAL ROAD,RED BAY,35582,FRANKLIN,Critical Access Hospitals,Government - Hospital District or Authority,Yes,OP_22,Left before being seen,2024-01-01,2024-12-31,1.0,1,3575,,2.0,"25, 26",Percent,-1.0,0,true,true,AL
011304,OCHSNER CHOCTAW GENERAL,AL,"401 VANITY FAIR LANE, PO BOX 618",BUTLER,36904,CHOCTAW,Critical Access Hospitals,Voluntary non-profit - Private,Yes,OP_22,Left before being seen,2024-01-01,2024-12-31,1.0,1,5990,,2.0,"25, 26",Percent,-1.0,0,true,true,AL
011305,ST VINCENTS BLOUNT,AL,150 GILBREATH DRIVE,ONEONTA,35121,BLOUNT,Critical Access Hospitals,Voluntary non-profit - Private,No,OP_22,Left before being seen,2024-01-01,2024-12-31,2.0,2,13794,,2.0,"25, 26",Percent,0.0,0,true,true,AL
011306,TANNER MEDICAL CENTER-EAST ALABAMA,AL,1032 MAIN STREET SOUTH,WEDOWEE,36278,RANDOLPH,Critical Access Hospitals,Government - Hospital District or Authority,Yes,OP_22,Left before being seen,2024-01-01,2024-12-31,0.0,0,14844,,2.0,"25, 26",Percent,-2.0,0,true,true,AL
011307,MEDICAL CENTER BARBOUR,AL,820 W WASHINGTON ST,EUFAULA,36027,BARBOUR,Critical Access Hospitals,Government - Hospital District or Authority,Yes,OP_22,Left before being seen,2024-01-01,2024-12-31,8.0,8,16319,,2.0,"25, 26",Percent,6.0,1,true,true,AL
011308,CRENSHAW COMMUNITY HOSPITAL,AL,101 HOSPITAL CIRCLE,LUVERNE,36049,CRENSHAW,Critical Access Hospitals,Government - Hospital District or Authority,Yes,OP_22,Left before being seen,2024-01-01,2024-12-31,,Not Available,Not Available,5,2.0,"25, 26",Percent,,,true,true,AL
011309,WIREGRASS MEDICAL CENTER,AL,1200 W MAPLE AVENUE,GENEVA,36340,GENEVA,Critical Access Hospitals,Government - Hospital District or Authority,Yes,OP_22,Left before being seen,2024-01-01,2024-12-31,,Not Available,Not Available,5,2.0,"25, 26",Percent,,,true,true,AL
011311,LAKELAND COMMUNITY HOSPITAL,AL,42024 HIGHWAY 195 E,HALEYVILLE,35565,WINSTON,Critical Access Hospitals,Proprietary,Yes,OP_22,Left before being seen,2024-01-01,2024-12-31,,Not Available,Not Available,5,2.0,"25, 26",Percent,,,true,true,AL
013300,THE CHILDREN'S HOSPITAL OF ALABAMA,AL,1600 SEVENTH AVENUE SOUTH,BIRMINGHAM,35233,JEFFERSON,Childrens,Voluntary non-profit - Private,Yes,OP_22,Left before being seen,2024-01-01,2024-12-31,,Not Available,Not Available,19,2.0,"25, 26",Percent,,,true,true,AL
013301,USA HEALTH CHILDREN'S & WOMEN'S HOSPITAL,AL,1700 CENTER STREET,MOBILE,36604,MOBILE,Childrens,Government - State,Yes,OP_22,Left before being seen,2024-01-01,2024-12-31,,Not Available,Not Available,19,2.0,"25, 26",Percent,,,true,true,AL
190002,OCHSNER LAFAYETTE GENERAL MEDICAL CENTER,LA,1214 COOLIDGE AVENUE,LAFAYETTE,70503,LAFAYETTE,Acute Care Hospitals,Voluntary non-profit - Private,Yes,OP_22,Left before being seen,2024-01-01,2024-12-31,1.0,1,70152,,2.0,"25, 26",Percent,-1.0,0,true,true,LA
190004,THIBODAUX REGIONAL MEDICAL CENTER,LA,602 N ACADIA ROAD,THIBODAUX,70301,LAFOURCHE,Acute Care Hospitals,Voluntary non-profit - Private,Yes,OP_22,Left before being seen,2024-01-01,2024-12-31,3.0,3,36488,,2.0,"25, 26",Percent,1.0,1,true,true,LA
190005,UNIVERSITY MEDICAL CENTER NEW ORLEANS,LA,2000 CANAL STREET,NEW ORLEANS,70112,ORLEANS,Acute Care Hospitals,Voluntary non-profit - Private,Yes,OP_22,Left before being seen,2024-01-01,2024-12-31,3.0,3,64728,,2.0,"25, 26",Percent,1.0,1,true,true,LA
190006,OCHSNER UNIVERSITY HOSPITAL AND CLINICS,LA,2390 WEST CONGRESS,LAFAYETTE,70506,LAFAYETTE,Acute Care Hospitals,Voluntary non-profit - Private,Yes,OP_22,Left before being seen,2024-01-01,2024-12-31,2.0,2,38348,,2.0,"25, 26",Percent,0.0,0,true,true,LA
190007,NATCHITOCHES REGIONAL MEDICAL CENTER,LA,501 KEYSER AVE,NATCHITOCHES,71457,NATCHITOCHES,Acute Care Hospitals,Government - Hospital District or Authority,Yes,OP_22,Left before being seen,2024-01-01,2024-12-31,3.0,3,18910,,2.0,"25, 26",Percent,1.0,1,true,true,LA
190008,TERREBONNE GENERAL MEDICAL CENTER - PARISH,LA,8166 MAIN STREET,HOUMA,70360,TERREBONNE,Acute Care Hospitals,Government - Hospital District or Authority,Yes,OP_22,Left before being seen,2024-01-01,2024-12-31,3.0,3,37931,,2.0,"25, 26",Percent,1.0,1,true,true,LA
190011,OCHSNER LSU HEALTH MONROE,LA,4864 JACKSON STREET,MONROE,71202,OUACHITA,Acute Care Hospitals,Voluntary non-profit - Private,Yes,OP_22,Left before being seen,2024-01-01,2024-12-31,6.0,6,36612,,2.0,"25, 26",Percent,4.0,1,true,true,LA
190013,WEST CALCASIEU CAMERON HOSPITAL,LA,701 EAST CYPRESS STREET,SULPHUR,70663,CALCASIEU,Acute Care Hospitals,Government - Hospital District or Authority,Yes,OP_22,Left before being seen,2024-01-01,2024-12-31,1.0,1,22442,,2.0,"25, 26",Percent,-1.0,0,true,true,LA
190014,OCHSNER ST MARY,LA,1125 MARGUERITE STREET,MORGAN CITY,70380,ST. MARY,Acute Care Hospitals,Voluntary non-profit - Private,Yes,OP_22,Left before being seen,2024-01-01,2024-12-31,1.0,1,23224,,2.0,"25, 26",Percent,-1.0,0,true,true,LA
190015,NORTH OAKS MEDICAL CENTER,LA,15790 PAUL VEGA MD DRIVE,HAMMOND,70403,TANGIPAHOA,Acute Care Hospitals,Government - Hospital District or Authority,Yes,OP_22,Left before being seen,2024-01-01,2024-12-31,6.0,6,65984,,2.0,"25, 26",Percent,4.0,1,true,true,LA
190017,OPELOUSAS GENERAL HEALTH SYSTEM,LA,539 EAST PRUDHOMME STREET,OPELOUSAS,70570,ST. LANDRY,Acute Care Hospitals,Government - Hospital District or Authority,Yes,OP_22,Left before being seen,2024-01-01,2024-12-31,2.0,2,42526,,2.0,"25, 26",Percent,0.0,0,true,true,LA
190019,CHRISTUS ST FRANCES CABRINI HOSPITAL,LA,3330 MASONIC DRIVE,ALEXANDRIA,71301,RAPIDES,Acute Care Hospitals,Voluntary non-profit - Private,Yes,OP_22,Left before being seen,2024-01-01,2024-12-31,1.0,1,53013,,2.0,"25, 26",Percent,-1.0,0,true,true,LA
190020,LANE REGIONAL MEDICAL CENTER,LA,6300 MAIN STREET,ZACHARY,70791,E. BATON ROUGE,Acute Care Hospitals,Government - Hospital District or Authority,Yes,OP_22,Left before being seen,2024-01-01,2024-12-31,2.0,2,24349,,2.0,"25, 26",Percent,0.0,0,true,true,LA
190025,SAVOY MEDICAL CENTER,LA,801 POINCIANA AVENUE,MAMOU,70554,EVANGELINE,Acute Care Hospitals,Voluntary non-profit - Other,Yes,OP_22,Left before being seen,2024-01-01,2024-12-31,0.0,0,6022,,2.0,"25, 26",Percent,-2.0,0,true,true,LA
190026,RAPIDES REGIONAL MEDICAL CENTER,LA,211 4TH STREET,ALEXANDRIA,71301,RAPIDES,Acute Care Hospitals,Proprietary,Yes,OP_22,Left before being seen,2024-01-01,2024-12-31,0.0,0,60272,,2.0,"25, 26",Percent,-2.0,0,true,true,LA
190027,CHRISTUS OCHSNER ST PATRICK HOSPITAL,LA,524 DR MICHAEL DEBAKEY DRIVE,LAKE CHARLES,70601,CALCASIEU,Acute Care Hospitals,Voluntary non-profit - Private,Yes,OP_22,Left before being seen,2024-01-01,2024-12-31,1.0,1,24469,,2.0,"25, 26",Percent,-1.0,0,true,true,LA
190034,ABBEVILLE GENERAL HOSPITAL,LA,118 N HOSPITAL DR,ABBEVILLE,70510,VERMILION,Acute Care Hospitals,Government - Hospital District or Authority,Yes,OP_22,Left before being seen,2024-01-01,2024-12-31,1.0,1,16987,,2.0,"25, 26",Percent,-1.0,0,true,true,LA
190036,OCHSNER MEDICAL CENTER ACUTE,LA,1516 JEFFERSON HWY,NEW ORLEANS,70121,JEFFERSON,Acute Care Hospitals,Voluntary non-profit - Private,Yes,OP_22,Left before being seen,2024-01-01,2024-12-31,1.0,1,195341,,2.0,"25, 26",Percent,-1.0,0,true,true,LA
190039,WEST JEFFERSON MEDICAL CENTER,LA,1101 MEDICAL CENTER BLVD,MARRERO,70072,JEFFERSON,Acute Care Hospitals,Voluntary non-profit - Private,Yes,OP_22,Left before being seen,2024-01-01,2024-12-31,3.0,3,54523,,2.0,"25, 26",Percent,1.0,1,true,true,LA
190040,SLIDELL MEMORIAL HOSPITAL,LA,1001 GAUSE BLVD,SLIDELL,70458,ST. TAMMANY,Acute Care Hospitals,Government - Hospital District or Authority,Yes,OP_22,Left before being seen,2024-01-01,2024-12-31,1.0,1,62115,,2.0,"25, 26",Percent,-1.0,0,true,true,LA
190041,CHRISTUS SHREVEPORT-BOSSIER HEALTH SYSTEM,LA,1453 E BERT KOUNS INDUSTRIAL DRIVE,SHREVEPORT,71105,CADDO,Acute Care Hospitals,Voluntary non-profit - Private,Yes,OP_22,Left before being seen,2024-01-01,2024-12-31,2.0,2,49340,,2.0,"25, 26",Percent,0.0,0,true,true,LA
190044,ACADIA GENERAL HOSPITAL,LA,1305 CROWLEY RAYNE HIGHWAY,CROWLEY,70526,ACADIA,Acute Care Hospitals,Voluntary non-profit - Private,Yes,OP_22,Left before being seen,2024-01-01,2024-12-31,2.0,2,17921,,2.0,"25, 26",Percent,0.0,0,true,true,LA
190045,ST TAMMANY PARISH HOSPITAL,LA,1202 S TYLER STREET,COVINGTON,70433,ST. TAMMANY,Acute Care Hospitals,Government - Hospital District or Authority,Yes,OP_22,Left before being seen,2024-01-01,2024-12-31,1.0,1,51877,,2.0,"25, 26",Percent,-1.0,0,true,true,LA
190046,TOURO INFIRMARY,LA,1401 FOUCHER STREET,NEW ORLEANS,70115,ORLEANS,Acute Care Hospitals,Voluntary non-profit - Private,Yes,OP_22,Left before being seen,2024-01-01,2024-12-31,1.0,1,31045,,2.0,"25, 26",Percent,-1.0,0,true,true,LA
190050,BEAUREGARD MEMORIAL HOSPITAL,LA,600 S PINE STREET,DERIDDER,70634,BEAUREGARD,Acute Care Hospitals,Government - Hospital District or Authority,Yes,OP_22,Left before being seen,2024-01-01,2024-12-31,1.0,1,18496,,2.0,"25, 26",Percent,-1.0,0,true,true,LA
190053,OCHSNER AMERICAN LEGION HOSPITAL,LA,1634 ELTON ROAD,JENNINGS,70546,JEFFRSON DAVIS,Acute Care Hospitals,Voluntary non-profit - Private,Yes,OP_22,Left before being seen,2024-01-01,2024-12-31,2.0,2,14999,,2.0,"25, 26",Percent,0.0,0,true,true,LA
190054,IBERIA MEDICAL CENTER,LA,2315 E MAIN STREET,NEW IBERIA,70560,IBERIA,Acute Care Hospitals,Voluntary non-profit - Private,Yes,OP_22,Left before being seen,2024-01-01,2024-12-31,1.0,1,43784,,2.0,"25, 26",Percent,-1.0,0,true,true,LA
190060,LAKE CHARLES MEMORIAL HOSPITAL,LA,1701 OAK PARK BLVD,LAKE CHARLES,70601,CALCASIEU,Acute Care Hospitals,Voluntary non-profit - Private,Yes,OP_22,Left before being seen,2024-01-01,2024-12-31,2.0,2,50971,,2.0,"25, 26",Percent,0.0,0,true,true,LA
190064,OUR LADY OF THE LAKE REGIONAL MEDICAL CENTER,LA,5000 HENNESSY BLVD,BATON ROUGE,70808,E. BATON ROUGE,Acute Care Hospitals,Voluntary non-profit - Church,Yes,OP_22,Left before being seen,2024-01-01,2024-12-31,1.0,1,210156,,2.0,"25, 26",Percent,-1.0,0,true,true,LA
190065,BATON ROUGE GENERAL MEDICAL CENTER,LA,8585 PICARDY AVE,BATON ROUGE,70809,E. BATON ROUGE,Acute Care Hospitals,Voluntary non-profit - Private,Yes,OP_22,Left before being seen,2024-01-01,2024-12-31,1.0,1,48715,,2.0,"25, 26",Percent,-1.0,0,true,true,LA
190079,ST CHARLES PARISH HOSPITAL,LA,1057 PAUL MAILLARD ROAD,LULING,70070,ST. CHARLES,Acute Care Hospitals,Government - Hospital District or Authority,Yes,OP_22,Left before being seen,2024-01-01,2024-12-31,0.0,0,15185,,2.0,"25, 26",Percent,-2.0,0,true,true,LA
190086,NORTHERN LOUISIANA MEDICAL CENTER,LA,401 EAST VAUGHN AVENUE,RUSTON,71270,LINCOLN,Acute Care Hospitals,Proprietary,Yes,OP_22,Left before being seen,2024-01-01,2024-12-31,2.0,2,20466,,2.0,"25, 26",Percent,0.0,0,true,true,LA
190088,SPRINGHILL MEDICAL CENTER,LA,2001 DOCTORS DRIVE,SPRINGHILL,71075,WEBSTER,Acute Care Hospitals,Voluntary non-profit - Private,Yes,OP_22,Left before being seen,2024-01-01,2024-12-31,3.0,3,6072,,2.0,"25, 26",Percent,1.0,1,true,true,LA
190090,WINN PARISH MEDICAL CENTER,LA,301 W BOUNDARY AVE,WINNFIELD,71483,WINN,Acute Care Hospitals,Proprietary,Yes,OP_22,Left before being seen,2024-01-01,2024-12-31,1.0,1,6484,,2.0,"25, 26",Percent,-1.0,0,true,true,LA
190098,OCHSNER LSU HEALTH SHREVEPORT,LA,1541 KINGS HIGHWAY,SHREVEPORT,71130,CADDO,Acute Care Hospitals,Voluntary non-profit - Private,Yes,OP_22,Left before being seen,2024-01-01,2024-12-31,2.0,2,45450,,2.0,"25, 26",Percent,0.0,0,true,true,LA
190099,AVOYELLES HOSPITAL,LA,4231 HIGHWAY 1192,MARKSVILLE,71351,AVOYELLES,Acute Care Hospitals,Proprietary,Yes,OP_22,Left before being seen,2024-01-01,2024-12-31,2.0,2,10805,,2.0,"25, 26",Percent,0.0,0,true,true,LA
190102,"OUR LADY OF LOURDES REGIONAL MEDICAL CENTER, INC",LA,4801 AMBASSADOR CAFFERY PARKWAY,LAFAYETTE,70508,LAFAYETTE,Acute Care Hospitals,Voluntary non-profit - Private,Yes,OP_22,Left before being seen,2024-01-01,2024-12-31,2.0,2,103284,,2.0,"25, 26",Percent,0.0,0,true,true,LA
190106,OAKDALE COMMUNITY HOSPITAL,LA,130 N HOSPITAL DR,OAKDALE,71463,ALLEN,Acute Care Hospitals,Proprietary,Yes,OP_22,Left before being seen,2024-01-01,2024-12-31,2.0,2,7041,,2.0,"25, 26",Percent,0.0,0,true,true,LA
190111,WILLIS KNIGHTON MEDICAL CENTER,LA,2600 GREENWOOD ROAD,SHREVEPORT,71103,CADDO,Acute Care Hospitals,Voluntary non-profit - Private,Yes,OP_22,Left before being seen,2024-01-01,2024-12-31,4.0,4,151852,,2.0,"25, 26",Percent,2.0,1,true,true,LA
190114,CLAIBORNE MEMORIAL MEDICAL CENTER,LA,620 EAST COLLEGE STREET,HOMER,71040,CLAIBORNE,Acute Care Hospitals,Government - Hospital District or Authority,Yes,OP_22,Left before being seen,2024-01-01,2024-12-31,2.0,2,2207,,2.0,"25, 26",Percent,0.0,0,true,true,LA
190116,MOREHOUSE GENERAL HOSPITAL,LA,323 W WALNUT,BASTROP,71220,MOREHOUSE,Acute Care Hospitals,Government - Hospital District or Authority,Yes,OP_22,Left before being seen,2024-01-01,2024-12-31,2.0,2,10887,,2.0,"25, 26",Percent,0.0,0,true,true,LA
190118,DESOTO REGIONAL HEALTH SYSTEM,LA,207 JEFFERSON STREET,MANSFIELD,71052,DE SOTO,Acute Care Hospitals,Voluntary non-profit - Private,Yes,OP_22,Left before being seen,2024-01-01,2024-12-31,2.0,2,7679,,2.0,"25, 26",Percent,0.0,0,true,true,LA
190125,FMOL HEALTH ST FRANCIS,LA,309 JACKSON STREET,MONROE,71201,OUACHITA,Acute Care Hospitals,Voluntary non-profit - Private,Yes,OP_22,Left before being seen,2024-01-01,2024-12-31,1.0,1,34898,,2.0,"25, 26",Percent,-1.0,0,true,true,LA
190128,WOMANS HOSPITAL,LA,100 WOMAN'S WAY,BATON ROUGE,70817,E. BATON ROUGE,Acute Care Hospitals,Voluntary non-profit - Private,Yes,OP_22,Left before being seen,2024-01-01,2024-12-31,0.0,0,21799,,2.0,"25, 26",Percent,-2.0,0,true,true,LA
190133,ALLEN PARISH HOSPITAL,LA,108 6TH AVENUE,KINDER,70648,ALLEN,Acute Care Hospitals,Government - Hospital District or Authority,Yes,OP_22,Left before being seen,2024-01-01,2024-12-31,1.0,1,5142,,2.0,"25, 26",Percent,-1.0,0,true,true,LA
190140,FRANKLIN MEDICAL CENTER,LA,2106 LOOP ROAD,WINNSBORO,71295,FRANKLIN,Acute Care Hospitals,Government - Hospital District or Authority,Yes,OP_22,Left before being seen,2024-01-01,2024-12-31,4.0,4,11003,,2.0,"25, 26",Percent,2.0,1,true,true,LA
190144,MINDEN MEDICAL CENTER,LA,NO 1 MEDICAL PLAZA,MINDEN,71055,WEBSTER,Acute Care Hospitals,Proprietary,Yes,OP_22,Left before being seen,2024-01-01,2024-12-31,2.0,2,19190,,2.0,"25, 26",Percent,0.0,0,true,true,LA
190145,LASALLE GENERAL HOSPITAL,LA,187 NINTH ST/HWY 84 WEST,JENA,71342,LASALLE,Acute Care Hospitals,Government - Hospital District or Authority,No,OP_22,Left before being seen,2024-01-01,2024-12-31,1.0,1,6516,,2.0,"25, 26",Percent,-1.0,0,true,true,LA
190151,RICHARDSON MEDICAL CENTER,LA,254 HIGHWAY 3048,RAYVILLE,71269,RICHLAND,Acute Care Hospitals,Government - Hospital District or Authority,Yes,OP_22,Left before being seen,2024-01-01,2024-12-31,2.0,2,6679,,2.0,"25, 26",Percent,0.0,0,true,true,LA
190160,GLENWOOD REGIONAL MEDICAL CENTER,LA,503 MCMILLAN ROAD,WEST MONROE,71291,OUACHITA,Acute Care Hospitals,Proprietary,Yes,OP_22,Left before being seen,2024-01-01,2024-12-31,1.0,1,25281,,2.0,"25, 26",Percent,-1.0,0,true,true,LA
190164,BYRD REGIONAL HOSPITAL,LA,1020 FERTITTA BLVD,LEESVILLE,71446,VERNON,Acute Care Hospitals,Proprietary,Yes,OP_22,Left before being seen,2024-01-01,2024-12-31,1.0,1,19018,,2.0,"25, 26",Percent,-1.0,0,true,true,LA
190167,MERCY REGIONAL MEDICAL CENTER,LA,800 E MAIN,VILLE PLATTE,70586,EVANGELINE,Acute Care Hospitals,Proprietary,Yes,OP_22,Left before being seen,2024-01-01,2024-12-31,3.0,3,10350,,2.0,"25, 26",Percent,1.0,1,true,true,LA
190176,EAST JEFFERSON GENERAL HOSPITAL,LA,4200 HOUMA BLVD,METAIRIE,70006,JEFFERSON,Acute Care Hospitals,Voluntary non-profit - Private,Yes,OP_22,Left before being seen,2024-01-01,2024-12-31,2.0,2,91681,,2.0,"25, 26",Percent,0.0,0,true,true,LA
190183,LEONARD J CHABERT MEDICAL CENTER,LA,1978 INDUSTRIAL BLVD,HOUMA,70363,TERREBONNE,Acute Care Hospitals,Voluntary non-profit - Other,Yes,OP_22,Left before being seen,2024-01-01,2024-12-31,1.0,1,26564,,2.0,"25, 26",Percent,-1.0,0,true,true,LA
190184,CITIZENS MEDICAL CENTER,LA,7939 U S HWY 165 SOUTH,COLUMBIA,71418,CALDWELL,Acute Care Hospitals,Government - Hospital District or Authority,Yes,OP_22,Left before being seen,2024-01-01,2024-12-31,1.0,1,5026,,2.0,"25, 26",Percent,-1.0,0,true,true,LA
190190,"CALDWELL MEMORIAL HOSPITAL, INC",LA,411 MAIN STREET,COLUMBIA,71418,CALDWELL,Acute Care Hospitals,Proprietary,No,OP_22,Left before being seen,2024-01-01,2024-12-31,,Not Available,Not Available,5,2.0,"25, 26",Percent,,,true,true,LA
190201,CHRISTUS OCHSNER LAKE AREA HOSPITAL,LA,4200 NELSON ROAD,LAKE CHARLES,70605,CALCASIEU,Acute Care Hospitals,Voluntary non-profit - Private,Yes,OP_22,Left before being seen,2024-01-01,2024-12-31,1.0,1,27129,,2.0,"25, 26",Percent,-1.0,0,true,true,LA
190202,OCHSNER MEDICAL CENTER - BATON ROUGE,LA,17000 MEDICAL CENTER DR,BATON ROUGE,70816,E. BATON ROUGE,Acute Care Hospitals,Voluntary non-profit - Private,Yes,OP_22,Left before being seen,2024-01-01,2024-12-31,2.0,2,60196,,2.0,"25, 26",Percent,0.0,0,true,true,LA
190208,EAST CARROLL PARISH HOSPITAL,LA,336 NORTH HOOD STREET,LAKE PROVIDENCE,71254,EAST CARROLL,Acute Care Hospitals,Government - Hospital District or Authority,Yes,OP_22,Left before being seen,2024-01-01,2024-12-31,1.0,1,4004,,2.0,"25, 26",Percent,-1.0,0,true,true,LA
190218,SABINE MEDICAL CENTER,LA,240 HIGHLAND DRIVE,MANY,71449,SABINE,Acute Care Hospitals,Proprietary,Yes,OP_22,Left before being seen,2024-01-01,2024-12-31,0.0,0,8042,,2.0,"25, 26",Percent,-2.0,0,true,true,LA
190241,PHYSICIANS MEDICAL CENTER,LA,218 CORPORATE DRIVE,HOUMA,70360,TERREBONNE,Acute Care Hospitals,Physician,No,OP_22,Left before being seen,2024-01-01,2024-12-31,,Not Available,Not Available,5,2.0,"25, 26",Percent,,,true,true,LA
190245,MONROE SURGICAL HOSPITAL,LA,2408 BROADMOOR BLVD,MONROE,71201,OUACHITA,Acute Care Hospitals,Proprietary,No,OP_22,Left before being seen,2024-01-01,2024-12-31,,Not Available,Not Available,5,2.0,"25, 26",Percent,,,true,true,LA
190251,SURGICAL SPECIALTY CENTER OF BATON ROUGE,LA,8080 BLUEBONNET BLVD,BATON ROUGE,70810,E. BATON ROUGE,Acute Care Hospitals,Physician,No,OP_22,Left before being seen,2024-01-01,2024-12-31,,Not Available,Not Available,5,2.0,"25, 26",Percent,,,true,true,LA
190255,PARK PLACE SURGICAL HOSPITAL,LA,4811 AMBASSADOR CAFFERY PARKWAY,LAFAYETTE,70508,LAFAYETTE,Acute Care Hospitals,Proprietary,No,OP_22,Left before being seen,2024-01-01,2024-12-31,,Not Available,Not Available,5,2.0,"25, 26",Percent,,,true,true,LA
190256,STERLING SURGICAL HOSPITAL,LA,989 ROBERT BLVD,SLIDELL,70458,ST. TAMMANY,Acute Care Hospitals,Proprietary,No,OP_22,Left before being seen,2024-01-01,2024-12-31,,Not Available,Not Available,5,2.0,"25, 26",Percent,,,true,true,LA
190259,LAFAYETTE SURGICAL SPECIALTY HOSPITAL,LA,1101 KALISTE SALOOM RD,LAFAYETTE,70508,LAFAYETTE,Acute Care Hospitals,Physician,No,OP_22,Left before being seen,2024-01-01,2024-12-31,,Not Available,Not Available,5,2.0,"25, 26",Percent,,,true,true,LA
190266,THE SPINE HOSPITAL OF LOUISIANA,LA,"10105 PARK ROW CIRCLE, SUITE 250",BATON ROUGE,70810,E. BATON ROUGE,Acute Care Hospitals,Physician,No,OP_22,Left before being seen,2024-01-01,2024-12-31,,Not Available,Not Available,5,2.0,"25, 26",Percent,,,true,true,LA
190267,AVALA,LA,67252 INDUSTRY LANE,COVINGTON,70433,ST. TAMMANY,Acute Care Hospitals,Physician,No,OP_22,Left before being seen,2024-01-01,2024-12-31,,Not Available,Not Available,5,2.0,"25, 26",Percent,,,true,true,LA
190270,OUR LADY OF THE LAKE SURGICAL HOSPITAL,LA,1700 W LINDBERG DRIVE,SLIDELL,70458,ST. TAMMANY,Acute Care Hospitals,Physician,No,OP_22,Left before being seen,2024-01-01,2024-12-31,,Not Available,Not Available,5,2.0,"25, 26",Percent,,,true,true,LA
190274,OCHSNER MEDICAL CENTER-KENNER,LA,180 WEST ESPLANADE AVENUE,KENNER,70065,JEFFERSON,Acute Care Hospitals,Voluntary non-profit - Private,Yes,OP_22,Left before being seen,2024-01-01,2024-12-31,1.0,1,53193,,2.0,"25, 26",Percent,-1.0,0,true,true,LA
190278,SPECIALISTS HOSPITAL SHREVEPORT,LA,1500 LINE AVENUE,SHREVEPORT,71101,CADDO,Acute Care Hospitals,Proprietary,No,OP_22,Left before being seen,2024-01-01,2024-12-31,,Not Available,Not Available,5,2.0,"25, 26",Percent,,,true,true,LA
190298,CHRISTUS CENTRAL LOUISIANA SURGICAL HOSPITAL,LA,651 NORTH BOLTON AVE,ALEXANDRIA,71301,RAPIDES,Acute Care Hospitals,Proprietary,No,OP_22,Left before being seen,2024-01-01,2024-12-31,,Not Available,Not Available,5,2.0,"25, 26",Percent,,,true,true,LA
190300,ST CHARLES SURGICAL HOSPITAL,LA,1717 ST CHARLES AVE,NEW ORLEANS,70130,ORLEANS,Acute Care Hospitals,Physician,No,OP_22,Left before being seen,2024-01-01,2024-12-31,,Not Available,Not Available,5,2.0,"25, 26",Percent,,,true,true,LA
190302,"OMEGA HOSPITAL, LLC",LA,2525 SEVERN AVENUE,METAIRIE,70002,JEFFERSON,Acute Care Hospitals,Physician,No,OP_22,Left before being seen,2024-01-01,2024-12-31,,Not Available,Not Available,19,2.0,"25, 26",Percent,,,true,true,LA
190303,CYPRESS POINTE SURGICAL HOSPITAL,LA,42570 SOUTH AIRPORT RD,HAMMOND,70403,TANGIPAHOA,Acute Care Hospitals,Proprietary,No,OP_22,Left before being seen,2024-01-01,2024-12-31,,Not Available,Not Available,5,2.0,"25, 26",Percent,,,true,true,LA
190308,ST BERNARD PARISH HOSPITAL,LA,8000 WEST JUDGE PEREZ DRIVE,CHALMETTE,70043,ST. BERNARD,Acute Care Hospitals,Government - Hospital District or Authority,Yes,OP_22,Left before being seen,2024-01-01,2024-12-31,2.0,2,28417,,2.0,"25, 26",Percent,0.0,0,true,true,LA
190312,OUR LADY OF THE ANGELS HOSPITAL,LA,433 PLAZA STREET,BOGALUSA,70427,WASHINGTON,Acute Care Hospitals,Voluntary non-profit - Private,Yes,OP_22,Left before being seen,2024-01-01,2024-12-31,,Not Available,Not Available,5,2.0,"25, 26",Percent,,,true,true,LA
190313,NEW ORLEANS EAST HOSPITAL,LA,5620 READ BLVD,NEW ORLEANS,70127,ORLEANS,Acute Care Hospitals,Government - Hospital District or Authority,Yes,OP_22,Left before being seen,2024-01-01,2024-12-31,2.0,2,32450,,2.0,"25, 26",Percent,0.0,0,true,true,LA
190316,THE GENERAL,LA,"3600 FLORIDA BLVD, SUITE 2020",BATON ROUGE,70806,E. BATON ROUGE,Acute Care Hospitals,Voluntary non-profit - Private,Yes,OP_22,Left before being seen,2024-01-01,2024-12-31,3.0,3,20868,,2.0,"25, 26",Percent,1.0,1,true,true,LA
190317,OCHSNER LSU HEALTH SHREVEPORT-ST MARY MEDICAL CENT,LA,1 ST MARY PLACE,SHREVEPORT,71101,CADDO,Acute Care Hospitals,Voluntary non-profit - Private,No,OP_22,Left before being seen,2024-01-01,2024-12-31,,Not Available,Not Available,5,2.0,"25, 26",Percent,,,true,true,LA
190318,ACADIAN MEDICAL CENTER,LA,3501 HIGHWAY 190 EAST,EUNICE,70535,ST. LANDRY,Acute Care Hospitals,Proprietary,Yes,OP_22,Left before being seen,2024-01-01,2024-12-31,1.0,1,12248,,2.0,"25, 26",Percent,-1.0,0,true,true,LA
190319,ALEXANDRIA HOSPITAL,LA,5900 COLISEUM BLVD,ALEXANDRIA,71303,RAPIDES,Acute Care Hospitals,Proprietary,Yes,OP_22,Left before being seen,2024-01-01,2024-12-31,,Not Available,Not Available,5,2.0,"25, 26",Percent,,,true,true,LA
19050F,Bayne-Jones ACH (Ft Johnson),LA,1585 3rd St,Fort Johnson,71459,VERNON,Acute Care - Department of Defense,Department of Defense,Yes,OP_22,Left before being seen,2024-01-01,2024-12-31,1.0,1,13199,2,2.0,"25, 26",Percent,-1.0,0,true,true,LA
190779,ASSUMPTION COMMUNITY HOSPITAL,LA,135 HIGHWAY 402,NAPOLEONVILLE,70390,ASSUMPTION,Rural Emergency Hospital,Voluntary non-profit - Private,Yes,OP_22,Left before being seen,2024-01-01,2024-12-31,,Not Available,Not Available,19,2.0,"25, 26",Percent,,,true,true,LA
191300,ST HELENA PARISH HOSPITAL,LA,16874 HIGHWAY 43,GREENSBURG,70441,ST. HELENA,Critical Access Hospitals,Government - Hospital District or Authority,Yes,OP_22,Left before being seen,2024-01-01,2024-12-31,1.0,1,4402,,2.0,"25, 26",Percent,-1.0,0,true,true,LA
191301,UNION GENERAL HOSPITAL,LA,901 JAMES AVE,FARMERVILLE,71241,UNION,Critical Access Hospitals,Voluntary non-profit - Private,Yes,OP_22,Left before being seen,2024-01-01,2024-12-31,0.0,0,6630,,2.0,"25, 26",Percent,-2.0,0,true,true,LA
191302,OCHSNER ST MARTIN HOSPITAL,LA,210 CHAMPAGNE BOULEVARD,BREAUX BRIDGE,70517,ST. MARTIN,Critical Access Hospitals,Voluntary non-profit - Private,Yes,OP_22,Left before being seen,2024-01-01,2024-12-31,2.0,2,19164,,2.0,"25, 26",Percent,0.0,0,true,true,LA
191304,NORTH CADDO MEDICAL CENTER,LA,815 SOUTH PINE STREET,VIVIAN,71082,CADDO,Critical Access Hospitals,Government - Hospital District or Authority,Yes,OP_22,Left before being seen,2024-01-01,2024-12-31,2.0,2,5461,,2.0,"25, 26",Percent,0.0,0,true,true,LA
191305,ST JAMES PARISH HOSPITAL,LA,1645 LUTCHER AVENUE,LUTCHER,70071,ST. JAMES,Critical Access Hospitals,Government - Hospital District or Authority,Yes,OP_22,Left before being seen,2024-01-01,2024-12-31,1.0,1,8313,,2.0,"25, 26",Percent,-1.0,0,true,true,LA
191306,WEST FELICIANA PARISH HOSPITAL,LA,"5266 COMMERCE STREET, BUILDING B",SAINT FRANCISVILLE,70775,WEST FELICIANA,Critical Access Hospitals,Government - Hospital District or Authority,Yes,OP_22,Left before being seen,2024-01-01,2024-12-31,1.0,1,5654,,2.0,"25, 26",Percent,-1.0,0,true,true,LA
191307,DEQUINCY MEMORIAL HOSPITAL,LA,110 WEST 4TH STREET,DEQUINCY,70633,CALCASIEU,Critical Access Hospitals,Proprietary,Yes,OP_22,Left before being seen,2024-01-01,2024-12-31,1.0,1,3163,,2.0,"25, 26",Percent,-1.0,0,true,true,LA
191308,PREVOST MEMORIAL HOSPITAL,LA,301 MEMORIAL DR,DONALDSONVILLE,70346,ASCENSION,Critical Access Hospitals,Government - Hospital District or Authority,Yes,OP_22,Left before being seen,2024-01-01,2024-12-31,1.0,1,5590,,2.0,"25, 26",Percent,-1.0,0,true,true,LA
191309,HOOD MEMORIAL HOSPITAL,LA,301 W WALNUT STREET,AMITE,70422,TANGIPAHOA,Critical Access Hospitals,Government - Hospital District or Authority,Yes,OP_22,Left before being seen,2024-01-01,2024-12-31,2.0,2,8823,,2.0,"25, 26",Percent,0.0,0,true,true,LA
191310,BAYOU BEND HEALTH SYSTEM,LA,1097 NORTHWEST BLVD,FRANKLIN,70538,ST. MARY,Critical Access Hospitals,Government - Hospital District or Authority,Yes,OP_22,Left before being seen,2024-01-01,2024-12-31,1.0,1,12773,,2.0,"25, 26",Percent,-1.0,0,true,true,LA
191311,BUNKIE GENERAL HOSPITAL,LA,427 EVERGREEN STREET,BUNKIE,71322,AVOYELLES,Critical Access Hospitals,Government - Hospital District or Authority,Yes,OP_22,Left before being seen,2024-01-01,2024-12-31,2.0,2,6318,,2.0,"25, 26",Percent,0.0,0,true,true,LA
191312,CHRISTUS COUSHATTA HEALTH CARE CENTER,LA,1635 MARVEL STREET,COUSHATTA,71019,RED RIVER,Critical Access Hospitals,Voluntary non-profit - Private,Yes,OP_22,Left before being seen,2024-01-01,2024-12-31,,Not Available,Not Available,5,2.0,"25, 26",Percent,,,true,true,LA
191313,RIVERSIDE MEDICAL CENTER,LA,1900 SOUTH MAIN ST,FRANKLINTON,70438,WASHINGTON,Critical Access Hospitals,Government - Hospital District or Authority,Yes,OP_22,Left before being seen,2024-01-01,2024-12-31,1.0,1,14061,,2.0,"25, 26",Percent,-1.0,0,true,true,LA
191314,MADISON PARISH HOSPITAL,LA,900 JOHNSON STREET,TALLULAH,71282,MADISON,Critical Access Hospitals,Government - Hospital District or Authority,Yes,OP_22,Left before being seen,2024-01-01,2024-12-31,1.0,1,6089,,2.0,"25, 26",Percent,-1.0,0,true,true,LA
191315,HARDTNER MEDICAL CENTER,LA,1102 N PINE ROAD,OLLA,71465,LASALLE,Critical Access Hospitals,Government - Hospital District or Authority,Yes,OP_22,Left before being seen,2024-01-01,2024-12-31,0.0,0,4774,,2.0,"25, 26",Percent,-2.0,0,true,true,LA
191316,POINTE COUPEE GENERAL HOSPITAL,LA,2202 FALSE RIVER DRIVE,NEW ROADS,70760,POINTE COUPEE,Critical Access Hospitals,Government - Hospital District or Authority,Yes,OP_22,Left before being seen,2024-01-01,2024-12-31,1.0,1,9509,,2.0,"25, 26",Percent,-1.0,0,true,true,LA
191317,JACKSON PARISH HOSPITAL,LA,165 BEECH SPRINGS ROAD,JONESBORO,71251,JACKSON,Critical Access Hospitals,Government - Hospital District or Authority,Yes,OP_22,Left before being seen,2024-01-01,2024-12-31,1.0,1,6752,,2.0,"25, 26",Percent,-1.0,0,true,true,LA
191318,RIVERLAND MEDICAL CENTER,LA,6569 HWY 84,FERRIDAY,71334,CONCORDIA,Critical Access Hospitals,Government - Hospital District or Authority,Yes,OP_22,Left before being seen,2024-01-01,2024-12-31,,Not Available,Not Available,5,2.0,"25, 26",Percent,,,true,true,LA
191319,ACADIA ST LANDRY,LA,810 SOUTH BROADWAY STREET,CHURCH POINT,70525,ACADIA,Critical Access Hospitals,Government - Hospital District or Authority,Yes,OP_22,Left before being seen,2024-01-01,2024-12-31,,Not Available,Not Available,5,2.0,"25, 26",Percent,,,true,true,LA
191320,BIENVILLE MEDICAL CENTER,LA,1175 PINE STREET,ARCADIA,71001,BIENVILLE,Critical Access Hospitals,Proprietary,Yes,OP_22,Left before being seen,2024-01-01,2024-12-31,,Not Available,Not Available,5,2.0,"25, 26",Percent,,,true,true,LA
191321,LALLIE KEMP MEDICAL CENTER,LA,52579 HIGHWAY 51 SOUTH,INDEPENDENCE,70443,TANGIPAHOA,Critical Access Hospitals,Government - State,Yes,OP_22,Left before being seen,2024-01-01,2024-12-31,3.0,3,16512,,2.0,"25, 26",Percent,1.0,1,true,true,LA
191322,ABROM KAPLAN MEMORIAL HOSPITAL,LA,1310 WEST SEVENTH STREET,KAPLAN,70548,VERMILION,Critical Access Hospitals,Voluntary non-profit - Private,Yes,OP_22,Left before being seen,2024-01-01,2024-12-31,0.0,0,6090,,2.0,"25, 26",Percent,-2.0,0,true,true,LA
191323,RICHLAND PARISH HOSPITAL-DELHI,LA,407 CINCINNATI STREET,DELHI,71232,RICHLAND,Critical Access Hospitals,Government - Hospital District or Authority,Yes,OP_22,Left before being seen,2024-01-01,2024-12-31,2.0,2,3708,,2.0,"25, 26",Percent,0.0,0,true,true,LA
191324,OCHSNER ST ANNE GENERAL HOSPITAL,LA,4608 HIGHWAY 1,RACELAND,70394,LAFOURCHE,Critical Access Hospitals,Voluntary non-profit - Other,Yes,OP_22,Left before being seen,2024-01-01,2024-12-31,0.0,0,20171,,2.0,"25, 26",Percent,-2.0,0,true,true,LA
191325,LADY OF THE SEA GENERAL HOSPITAL,LA,200 WEST 134TH PLACE,CUT OFF,70345,LAFOURCHE,Critical Access Hospitals,Government - Hospital District or Authority,Yes,OP_22,Left before being seen,2024-01-01,2024-12-31,1.0,1,8081,,2.0,"25, 26",Percent,-1.0,0,true,true,LA
191326,REEVES MEMORIAL MEDICAL CENTER,LA,409 FIRST STREET,BERNICE,71222,UNION,Critical Access Hospitals,Government - Hospital District or Authority,Yes,OP_22,Left before being seen,2024-01-01,2024-12-31,0.0,0,2780,,2.0,"25, 26",Percent,-2.0,0,true,true,LA
191327,WEST CARROLL MEMORIAL HOSPITAL,LA,706 ROSS STREET,OAK GROVE,71263,WEST CARROLL,Critical Access Hospitals,Proprietary,Yes,OP_22,Left before being seen,2024-01-01,2024-12-31,1.0,1,4674,,2.0,"25, 26",Percent,-1.0,0,true,true,LA
193300,CHILDRENS HOSPITAL,LA,200 HENRY CLAY AVE,NEW ORLEANS,70118,ORLEANS,Childrens,Voluntary non-profit - Private,Yes,OP_22,Left before being seen,2024-01-01,2024-12-31,,Not Available,Not Available,19,2.0,"25, 26",Percent,,,true,true,LA
250001,UNIVERSITY OF MISSISSIPPI MED CENTER,MS,2500 N STATE ST,JACKSON,39216,HINDS,Acute Care Hospitals,Government - State,Yes,OP_22,Left before being seen,2024-01-01,2024-12-31,10.0,10,101371,,3.0,"25, 26",Percent,7.0,1,true,true,MS
250002,TISHOMINGO HEALTH SERVICES INC,MS,1777 CURTIS DRIVE,IUKA,38852,TISHOMINGO,Acute Care Hospitals,Voluntary non-profit - Private,Yes,OP_22,Left before being seen,2024-01-01,2024-12-31,1.0,1,7760,,3.0,"25, 26",Percent,-2.0,0,true,true,MS
250004,NORTH MISSISSIPPI MEDICAL CENTER,MS,830 S GLOSTER STREET,TUPELO,38801,LEE,Acute Care Hospitals,Voluntary non-profit - Private,Yes,OP_22,Left before being seen,2024-01-01,2024-12-31,2.0,2,63973,,3.0,"25, 26",Percent,-1.0,0,true,true,MS
250006,BAPTIST MEMORIAL HOSPITAL UNION COUNTY,MS,200 HWY 30 WEST,NEW ALBANY,38652,UNION,Acute Care Hospitals,Voluntary non-profit - Other,Yes,OP_22,Left before being seen,2024-01-01,2024-12-31,1.0,1,28852,,3.0,"25, 26",Percent,-2.0,0,true,true,MS
250007,Memorial Hospital Biloxi,MS,150 REYNOIR STREET,BILOXI,39530,HARRISON,Acute Care Hospitals,Proprietary,Yes,OP_22,Left before being seen,2024-01-01,2024-12-31,2.0,2,26064,,3.0,"25, 26",Percent,-1.0,0,true,true,MS
250009,MAGNOLIA REGIONAL HEALTH CENTER,MS,611 ALCORN DRIVE,CORINTH,38834,ALCORN,Acute Care Hospitals,Voluntary non-profit - Other,Yes,OP_22,Left before being seen,2024-01-01,2024-12-31,2.0,2,29767,,3.0,"25, 26",Percent,-1.0,0,true,true,MS
250017,PROGRESSIVE HEALTH GROUP OF HOUSTON,MS,1002 EAST MADISON STREET,HOUSTON,38851,CHICKASAW,Acute Care Hospitals,Proprietary,No,OP_22,Left before being seen,2024-01-01,2024-12-31,,Not Available,Not Available,5,3.0,"25, 26",Percent,,,true,true,MS
250018,JASPER GENERAL HOSPITAL,MS,15 SOUTH 6TH STREET,BAY SPRINGS,39422,JASPER,Acute Care Hospitals,Government - Local,No,OP_22,Left before being seen,2024-01-01,2024-12-31,,Not Available,Not Available,5,3.0,"25, 26",Percent,,,true,true,MS
250019,MEMORIAL HOSPITAL AT GULFPORT,MS,4500 13TH STREET,GULFPORT,39502,HARRISON,Acute Care Hospitals,Government - Local,Yes,OP_22,Left before being seen,2024-01-01,2024-12-31,3.0,3,74585,,3.0,"25, 26",Percent,0.0,0,true,true,MS
250020,WEBSTER GENERAL HOSPITAL/ SWING BED,MS,70 MEDICAL PLAZA,EUPORA,39744,WEBSTER,Acute Care Hospitals,Voluntary non-profit - Other,Yes,OP_22,Left before being seen,2024-01-01,2024-12-31,1.0,1,7124,,3.0,"25, 26",Percent,-2.0,0,true,true,MS
250025,NORTH MISSISSIPPI MEDICAL CENTER-GILMORE AMORY,MS,1105 EARL FRYE BLVD,AMORY,38821,MONROE,Acute Care Hospitals,Proprietary,Yes,OP_22,Left before being seen,2024-01-01,2024-12-31,1.0,1,21868,,3.0,"25, 26",Percent,-2.0,0,true,true,MS
250027,WINSTON MEDICAL CENTER,MS,17550 EAST MAIN STREET,LOUISVILLE,39339,WINSTON,Acute Care Hospitals,Voluntary non-profit - Private,Yes,OP_22,Left before being seen,2024-01-01,2024-12-31,2.0,2,10462,,3.0,"25, 26",Percent,-1.0,0,true,true,MS
250031,MERIT HEALTH RIVER REGION,MS,2100 HWY 61 N,VICKSBURG,39183,WARREN,Acute Care Hospitals,Proprietary,Yes,OP_22,Left before being seen,2024-01-01,2024-12-31,1.0,1,17828,,3.0,"25, 26",Percent,-2.0,0,true,true,MS
250034,BAPTIST MEMORIAL HOSPITAL NORTH MS,MS,1100 BELK BLVD,OXFORD,38655,LAFAYETTE,Acute Care Hospitals,Voluntary non-profit - Private,Yes,OP_22,Left before being seen,2024-01-01,2024-12-31,1.0,1,47172,,3.0,"25, 26",Percent,-2.0,0,true,true,MS
250036,GEORGE REGIONAL HEALTH SYSTEM,MS,859 WINTER STREET,LUCEDALE,39452,GEORGE,Acute Care Hospitals,Government - Local,Yes,OP_22,Left before being seen,2024-01-01,2024-12-31,6.0,6,12393,,3.0,"25, 26",Percent,3.0,1,true,true,MS
250038,MERIT HEALTH MADISON,MS,161 RIVER OAKS DRIVE,CANTON,39046,MADISON,Acute Care Hospitals,Proprietary,Yes,OP_22,Left before being seen,2024-01-01,2024-12-31,2.0,2,19832,,3.0,"25, 26",Percent,-1.0,0,true,true,MS
250040,SINGING RIVER HEALTH SYSTEM,MS,2809 DENNY AV,PASCAGOULA,39581,JACKSON,Acute Care Hospitals,Government - Local,Yes,OP_22,Left before being seen,2024-01-01,2024-12-31,9.0,9,69956,,3.0,"25, 26",Percent,6.0,1,true,true,MS
250042,NORTHWEST MISSISSISSIPPI REGIONAL MEDICAL CENTER,MS,1970 HOSPITAL DRIVE,CLARKSDALE,38614,COAHOMA,Acute Care Hospitals,Proprietary,Yes,OP_22,Left before being seen,2024-01-01,2024-12-31,2.0,2,15695,,3.0,"25, 26",Percent,-1.0,0,true,true,MS
250043,NESHOBA COUNTY GENERAL HOSPITAL,MS,1001 HOLLAND AVENUE,PHILADELPHIA,39350,NESHOBA,Acute Care Hospitals,Government - Local,Yes,OP_22,Left before being seen,2024-01-01,2024-12-31,2.0,2,20815,,3.0,"25, 26",Percent,-1.0,0,true,true,MS
250044,BAPTIST MEMORIAL HOSPITAL BOONEVILLE,MS,100 HOSPITAL STREET,BOONEVILLE,38829,PRENTISS,Acute Care Hospitals,Voluntary non-profit - Church,Yes,OP_22,Left before being seen,2024-01-01,2024-12-31,1.0,1,11746,,3.0,"25, 26",Percent,-2.0,0,true,true,MS
250048,ST DOMINIC-JACKSON MEMORIAL HOSPITAL,MS,969 LAKELAND DR,JACKSON,39216,HINDS,Acute Care Hospitals,Voluntary non-profit - Church,Yes,OP_22,Left before being seen,2024-01-01,2024-12-31,1.0,1,49092,,3.0,"25, 26",Percent,-2.0,0,true,true,MS
250049,BEACHAM MEMORIAL HOSPITAL,MS,205 N CHERRY STREET / PO BOX 351,MAGNOLIA,39652,PIKE,Acute Care Hospitals,Proprietary,No,OP_22,Left before being seen,2024-01-01,2024-12-31,,Not Available,Not Available,5,3.0,"25, 26",Percent,,,true,true,MS
250050,BAPTIST MEMORIAL HOSPITAL-OKTIBBEHA COUNTY,MS,400 HOSPITAL ROAD,STARKVILLE,39759,OKTIBBEHA,Acute Care Hospitals,Government - Local,Yes,OP_22,Left before being seen,2024-01-01,2024-12-31,3.0,3,24063,,3.0,"25, 26",Percent,0.0,0,true,true,MS
250057,KING'S DAUGHTERS MEDICAL CENTER-BROOKHAVEN,MS,P O BOX 948/427 HIGHWAY 51 NORTH,BROOKHAVEN,39601,LINCOLN,Acute Care Hospitals,Voluntary non-profit - Other,Yes,OP_22,Left before being seen,2024-01-01,2024-12-31,3.0,3,26678,,3.0,"25, 26",Percent,0.0,0,true,true,MS
250058,SOUTH CENTRAL REG MED CTR,MS,1220 JEFFERSON ST BOX 607,LAUREL,39440,JONES,Acute Care Hospitals,Government - Local,Yes,OP_22,Left before being seen,2024-01-01,2024-12-31,1.0,1,45846,,3.0,"25, 26",Percent,-2.0,0,true,true,MS
250061,YALOBUSHA GENERAL HOSPITAL,MS,630 SOUTH MAIN STREET,WATER VALLEY,38965,YALOBUSHA,Acute Care Hospitals,Government - Local,No,OP_22,Left before being seen,2024-01-01,2024-12-31,,Not Available,Not Available,5,3.0,"25, 26",Percent,,,true,true,MS
250067,CLAY COUNTY MEDICAL CORPORATION,MS,150 MEDICAL CENTER DRIVE,WEST POINT,39773,CLAY,Acute Care Hospitals,Voluntary non-profit - Private,Yes,OP_22,Left before being seen,2024-01-01,2024-12-31,1.0,1,16561,,3.0,"25, 26",Percent,-2.0,0,true,true,MS
250069,OCHSNER RUSH HOSPITAL,MS,1314 19TH AVE,MERIDIAN,39301,LAUDERDALE,Acute Care Hospitals,Voluntary non-profit - Private,Yes,OP_22,Left before being seen,2024-01-01,2024-12-31,1.0,1,30403,,3.0,"25, 26",Percent,-2.0,0,true,true,MS
250072,MERIT HEALTH CENTRAL,MS,1850 CHADWICK DR,JACKSON,39204,HINDS,Acute Care Hospitals,Proprietary,Yes,OP_22,Left before being seen,2024-01-01,2024-12-31,1.0,1,31336,,3.0,"25, 26",Percent,-2.0,0,true,true,MS
250077,WAYNE GENERAL HOSPITAL,MS,950 MATTHEW DR,WAYNESBORO,39367,WAYNE,Acute Care Hospitals,Government - Local,Yes,OP_22,Left before being seen,2024-01-01,2024-12-31,4.0,4,9994,,3.0,"25, 26",Percent,1.0,1,true,true,MS
250078,FORREST GENERAL HOSPITAL,MS,6051 US HIGHWAY 49,HATTIESBURG,39401,FORREST,Acute Care Hospitals,Government - Local,Yes,OP_22,Left before being seen,2024-01-01,2024-12-31,1.0,1,78364,,3.0,"25, 26",Percent,-2.0,0,true,true,MS
250081,ANDERSON REGIONAL MEDICAL CENTER SOUTH CAMPUS,MS,1102 CONSTITUTION AVENUE,MERIDIAN,39301,LAUDERDALE,Acute Care Hospitals,Proprietary,Yes,OP_22,Left before being seen,2024-01-01,2024-12-31,,Not Available,Not Available,5,3.0,"25, 26",Percent,,,true,true,MS
250082,DELTA HEALTH SYSTEM - THE MEDICAL CENTER,MS,1400 E UNION ST,GREENVILLE,38701,WASHINGTON,Acute Care Hospitals,Government - Local,Yes,OP_22,Left before being seen,2024-01-01,2024-12-31,7.0,7,24863,,3.0,"25, 26",Percent,4.0,1,true,true,MS
250084,MERIT HEALTH NATCHEZ,MS,52 SERGEANT PRENTISS DRIVE,NATCHEZ,39120,ADAMS,Acute Care Hospitals,Proprietary,Yes,OP_22,Left before being seen,2024-01-01,2024-12-31,2.0,2,19046,,3.0,"25, 26",Percent,-1.0,0,true,true,MS
250085,MARION GENERAL HOSPITAL,MS,1560 SUMRALL RD,COLUMBIA,39429,MARION,Acute Care Hospitals,Government - Local,Yes,OP_22,Left before being seen,2024-01-01,2024-12-31,3.0,3,13967,,3.0,"25, 26",Percent,0.0,0,true,true,MS
250093,BOLIVAR MEDICAL CENTER,MS,901 E SUNFLOWER RD,CLEVELAND,38732,BOLIVAR,Acute Care Hospitals,Proprietary,Yes,OP_22,Left before being seen,2024-01-01,2024-12-31,2.0,2,18942,,3.0,"25, 26",Percent,-1.0,0,true,true,MS
250094,MERIT HEALTH WESLEY,MS,5001 W HARDY ST,HATTIESBURG,39402,LAMAR,Acute Care Hospitals,Voluntary non-profit - Private,Yes,OP_22,Left before being seen,2024-01-01,2024-12-31,1.0,1,33717,,3.0,"25, 26",Percent,-2.0,0,true,true,MS
250095,SOUTH SUNFLOWER COUNTY HOSPITAL,MS,121 EAST BAKER STREET,INDIANOLA,38751,SUNFLOWER,Acute Care Hospitals,Government - Local,Yes,OP_22,Left before being seen,2024-01-01,2024-12-31,14.0,14,9539,,3.0,"25, 26",Percent,11.0,1,true,true,MS
250096,CROSSGATES RIVER OAKS HOSPITAL,MS,350 CROSSGATES BLVD,BRANDON,39042,RANKIN,Acute Care Hospitals,Proprietary,Yes,OP_22,Left before being seen,2024-01-01,2024-12-31,1.0,1,13823,,3.0,"25, 26",Percent,-2.0,0,true,true,MS
250097,SOUTHWEST MS REGIONAL MEDICAL CENTER,MS,215 MARION AV BOX 1307,MCCOMB,39649,PIKE,Acute Care Hospitals,Government - Local,Yes,OP_22,Left before being seen,2024-01-01,2024-12-31,1.0,1,34414,,3.0,"25, 26",Percent,-2.0,0,true,true,MS
250099,GREENWOOD LEFLORE HOSPITAL,MS,1401 RIVER RD,GREENWOOD,38930,LEFLORE,Acute Care Hospitals,Government - Local,Yes,OP_22,Left before being seen,2024-01-01,2024-12-31,9.0,9,18813,,3.0,"25, 26",Percent,6.0,1,true,true,MS
250100,BMH-GOLDEN TRIANGLE,MS,2520 5TH STREET N,COLUMBUS,39705,LOWNDES,Acute Care Hospitals,Voluntary non-profit - Private,Yes,OP_22,Left before being seen,2024-01-01,2024-12-31,0.0,0,63976,,3.0,"25, 26",Percent,-3.0,0,true,true,MS
250102,MISSISSIPPI BAPTIST MEDICAL CENTER,MS,1225 N STATE ST,JACKSON,39202,HINDS,Acute Care Hospitals,Voluntary non-profit - Private,Yes,OP_22,Left before being seen,2024-01-01,2024-12-31,6.0,6,55411,,3.0,"25, 26",Percent,3.0,1,true,true,MS
250104,ANDERSON REGIONAL MEDICAL CENTER,MS,2124 14TH STREET,MERIDIAN,39301,LAUDERDALE,Acute Care Hospitals,Voluntary non-profit - Private,Yes,OP_22,Left before being seen,2024-01-01,2024-12-31,4.0,4,35184,,3.0,"25, 26",Percent,1.0,1,true,true,MS
250117,HIGHLAND COMMUNITY  HOSPITAL,MS,130 HIGHLAND PKWY,PICAYUNE,39466,PEARL RIVER,Acute Care Hospitals,Government - Local,Yes,OP_22,Left before being seen,2024-01-01,2024-12-31,3.0,3,24842,,3.0,"25, 26",Percent,0.0,0,true,true,MS
250123,SINGING RIVER GULFPORT,MS,15200 COMMUNITY ROAD,GULFPORT,39503,HARRISON,Acute Care Hospitals,Proprietary,Yes,OP_22,Left before being seen,2024-01-01,2024-12-31,5.0,5,50244,,3.0,"25, 26",Percent,2.0,1,true,true,MS
250124,MAGEE GENERAL HOSPITAL,MS,300 3RD AVE SE,MAGEE,39111,SIMPSON,Acute Care Hospitals,Voluntary non-profit - Private,Yes,OP_22,Left before being seen,2024-01-01,2024-12-31,1.0,1,10099,,3.0,"25, 26",Percent,-2.0,0,true,true,MS
250127,CHOCTAW HEALTH CENTER,MS,ROUTE 7 BOX R50,PHILADELPHIA,39350,NESHOBA,Acute Care Hospitals,Government - Federal,Yes,OP_22,Left before being seen,2024-01-01,2024-12-31,3.0,3,12059,,3.0,"25, 26",Percent,0.0,0,true,true,MS
250134,WHITFIELD MEDICAL SURGICAL HOSPITAL,MS,"3550 HWY 468 W, BLDG 60",WHITFIELD,39193,RANKIN,Acute Care Hospitals,Government - State,No,OP_22,Left before being seen,2024-01-01,2024-12-31,,Not Available,Not Available,5,3.0,"25, 26",Percent,,,true,true,MS
250136,MERIT HEALTH WOMEN'S HOSPITAL,MS,1026 RIVER OAKS DRIVE,FLOWOOD,39232,RANKIN,Acute Care Hospitals,Proprietary,No,OP_22,Left before being seen,2024-01-01,2024-12-31,,Not Available,Not Available,5,3.0,"25, 26",Percent,,,true,true,MS
250138,MERIT HEALTH RIVER OAKS,MS,1030 RIVER OAKS DRIVE,FLOWOOD,39232,RANKIN,Acute Care Hospitals,Proprietary,Yes,OP_22,Left before being seen,2024-01-01,2024-12-31,1.0,1,25417,,3.0,"25, 26",Percent,-2.0,0,true,true,MS
250141,BAPTIST MEMORIAL HOSPITAL DESOTO,MS,7601 SOUTHCREST PARKWAY,SOUTHAVEN,38671,DE SOTO,Acute Care Hospitals,Proprietary,Yes,OP_22,Left before being seen,2024-01-01,2024-12-31,2.0,2,62221,,3.0,"25, 26",Percent,-1.0,0,true,true,MS
250151,ALLIANCE HEALTH CENTER,MS,5000 HIGHWAY 39 NORTH,MERIDIAN,39301,LAUDERDALE,Acute Care Hospitals,Proprietary,No,OP_22,Left before being seen,2024-01-01,2024-12-31,,Not Available,Not Available,5,3.0,"25, 26",Percent,,,true,true,MS
250152,MISSISSIPPI METHODIST REHAB CTR,MS,1350 E WOODROW WILSON DR,JACKSON,39216,HINDS,Acute Care Hospitals,Voluntary non-profit - Private,No,OP_22,Left before being seen,2024-01-01,2024-12-31,,Not Available,Not Available,5,3.0,"25, 26",Percent,,,true,true,MS
250162,OCHSNER MEDICAL CENTER-HANCOCK,MS,149 DRINKWATER BLVD,BAY SAINT LOUIS,39520,HANCOCK,Acute Care Hospitals,Government - Local,Yes,OP_22,Left before being seen,2024-01-01,2024-12-31,2.0,2,19609,,3.0,"25, 26",Percent,-1.0,0,true,true,MS
250167,METHODIST HEALTHCARE - OLIVE BRANCH HOSPITAL,MS,4250 BETHEL ROAD,OLIVE BRANCH,38654,DE SOTO,Acute Care Hospitals,Voluntary non-profit - Private,Yes,OP_22,Left before being seen,2024-01-01,2024-12-31,4.0,4,41984,,3.0,"25, 26",Percent,1.0,1,true,true,MS
250168,UNIVERSITY OF MISSISSIPPI MEDICAL CENTER- GRENADA,MS,960 AVENT DRIVE,GRENADA,38901,GRENADA,Acute Care Hospitals,Government - State,Yes,OP_22,Left before being seen,2024-01-01,2024-12-31,1.0,1,19469,,3.0,"25, 26",Percent,-2.0,0,true,true,MS
250172,HIGHLAND HILLS MEDICAL CENTER,MS,401 GETWELL DRIVE,SENATOBIA,38668,TATE,Acute Care Hospitals,Voluntary non-profit - Private,Yes,OP_22,Left before being seen,2024-01-01,2024-12-31,3.0,3,13031,,3.0,"25, 26",Percent,0.0,0,true,true,MS
250174,"ALLIANCE HEALTHCARE SYSTEM, INC",MS,1430 MS HIGHWAY 4 E,HOLLY SPRINGS,38635,MARSHALL,Acute Care Hospitals,Proprietary,No,OP_22,Left before being seen,2024-01-01,2024-12-31,,Not Available,Not Available,19,3.0,"25, 26",Percent,,,true,true,MS
25039F,81st Medical Group (Keesler AFB),MS,81 MDG 301 Fisher St Suite 109,Biloxi,39534,HARRISON,Acute Care - Department of Defense,Department of Defense,Yes,OP_22,Left before being seen,2024-01-01,2024-12-31,1.0,1,15046,2,3.0,"25, 26",Percent,-2.0,0,true,true,MS
250780,JEFFERSON COUNTY HOSPITAL,MS,870 S MAIN,FAYETTE,39069,JEFFERSON,Rural Emergency Hospital,Proprietary,Yes,OP_22,Left before being seen,2024-01-01,2024-12-31,,Not Available,Not Available,19,3.0,"25, 26",Percent,,,true,true,MS
250781,PANOLA MEDICAL CENTER,MS,303 MEDICAL CENTER DRIVE,BATESVILLE,38606,PANOLA,Rural Emergency Hospital,Proprietary,Yes,OP_22,Left before being seen,2024-01-01,2024-12-31,,Not Available,Not Available,19,3.0,"25, 26",Percent,,,true,true,MS
250782,GREENE COUNTY HOSPITAL,MS,1017 JACKSON STREET,LEAKESVILLE,39451,GREENE,Rural Emergency Hospital,Government - Local,Yes,OP_22,Left before being seen,2024-01-01,2024-12-31,,Not Available,Not Available,19,3.0,"25, 26",Percent,,,true,true,MS
250783,PERRY COUNTY GENERAL HOSPITAL,MS,206 BAY ST,RICHTON,39476,GREENE,Rural Emergency Hospital,Government - Local,Yes,OP_22,Left before being seen,2024-01-01,2024-12-31,,Not Available,Not Available,19,3.0,"25, 26",Percent,,,true,true,MS
250784,SHARKEY ISSAQUENA COMMUNITY HOSPITAL,MS,47 SOUTH FOURTH ST,ROLLING FORK,39159,SHARKEY,Rural Emergency Hospital,Government - Local,Yes,OP_22,Left before being seen,2024-01-01,2024-12-31,,Not Available,Not Available,19,3.0,"25, 26",Percent,,,true,true,MS
250785,PROGRESSIVE HEALTH GROUP OF HOUSTON,MS,1002 EAST MADISON STREET,HOUSTON,38851,CHICKASAW,Rural Emergency Hospital,Proprietary,Yes,OP_22,Left before being seen,2024-01-01,2024-12-31,,Not Available,Not Available,19,3.0,"25, 26",Percent,,,true,true,MS
250786,SMITH COUNTY  EMERGENCY HOSPITAL,MS,347 MAGNOLIA DRIVE,RALEIGH,39153,SMITH,Rural Emergency Hospital,Government - Local,Yes,OP_22,Left before being seen,2024-01-01,2024-12-31,,Not Available,Not Available,19,3.0,"25, 26",Percent,,,true,true,MS
251300,S E LACKEY MEMORIAL HOSPITAL,MS,330 N BROAD STREET,FOREST,39074,SCOTT,Critical Access Hospitals,Voluntary non-profit - Private,Yes,OP_22,Left before being seen,2024-01-01,2024-12-31,1.0,1,8385,,3.0,"25, 26",Percent,-2.0,0,true,true,MS
251302,MONROE REGIONAL HOSPITAL,MS,400 SOUTH CHESTNUT STREET,ABERDEEN,39730,MONROE,Critical Access Hospitals,Voluntary non-profit - Private,Yes,OP_22,Left before being seen,2024-01-01,2024-12-31,,Not Available,Not Available,5,3.0,"25, 26",Percent,,,true,true,MS
251304,TALLAHATCHIE GENERAL HOSPITAL-CAH,MS,141 DR. T.T. LEWIS CIRCLE / PO BOX 230,CHARLESTON,38921,TALLAHATCHIE,Critical Access Hospitals,Government - Local,Yes,OP_22,Left before being seen,2024-01-01,2024-12-31,,Not Available,Not Available,5,3.0,"25, 26",Percent,,,true,true,MS
251305,LAWRENCE COUNTY HOSPITAL CAH,MS,1065 EAST BROAD ST,MONTICELLO,39654,LAWRENCE,Critical Access Hospitals,Government - Local,Yes,OP_22,Left before being seen,2024-01-01,2024-12-31,,Not Available,Not Available,5,3.0,"25, 26",Percent,,,true,true,MS
251307,NOXUBEE GENERAL CRITICAL ACCESS HOSP,MS,78 HOSPITAL ROAD,MACON,39341,NOXUBEE,Critical Access Hospitals,Government - State,Yes,OP_22,Left before being seen,2024-01-01,2024-12-31,,Not Available,Not Available,19,3.0,"25, 26",Percent,,,true,true,MS
251308,PONTOTOC HEALTH SERVICE INC CAH,MS,176 SOUTH MAIN STREET,PONTOTOC,38863,PONTOTOC,Critical Access Hospitals,Voluntary non-profit - Private,Yes,OP_22,Left before being seen,2024-01-01,2024-12-31,1.0,1,10402,,3.0,"25, 26",Percent,-2.0,0,true,true,MS
251309,FIELD HEALTH SYSTEM,MS,178 HIGHWAY 24,CENTREVILLE,39631,WILKINSON,Critical Access Hospitals,Government - Local,Yes,OP_22,Left before being seen,2024-01-01,2024-12-31,,Not Available,Not Available,5,3.0,"25, 26",Percent,,,true,true,MS
251312,TYLER HOLMES MEMORIAL HOSPITAL CAH,MS,409 TYLER HOLMES DRIVE,WINONA,38967,MONTGOMERY,Critical Access Hospitals,Government - Local,Yes,OP_22,Left before being seen,2024-01-01,2024-12-31,1.0,1,6916,,3.0,"25, 26",Percent,-2.0,0,true,true,MS
251313,BAPTIST MEDICAL CENTER-YAZOO,MS,823 GRAND AVENUE,YAZOO CITY,39194,YAZOO,Critical Access Hospitals,Voluntary non-profit - Private,Yes,OP_22,Left before being seen,2024-01-01,2024-12-31,2.0,2,13262,,3.0,"25, 26",Percent,-1.0,0,true,true,MS
251315,BAPTIST MEDICAL CENTER-LEAKE,MS,1100 HIGHWAY 16 EAST,CARTHAGE,39051,LEAKE,Critical Access Hospitals,Voluntary non-profit - Private,Yes,OP_22,Left before being seen,2024-01-01,2024-12-31,1.0,1,11066,,3.0,"25, 26",Percent,-2.0,0,true,true,MS
251316,OCHSNER WATKINS HOSPITAL,MS,605 SOUTH ARCHUSA AVENUE,QUITMAN,39355,CLARKE,Critical Access Hospitals,Voluntary non-profit - Private,Yes,OP_22,Left before being seen,2024-01-01,2024-12-31,1.0,1,5255,,3.0,"25, 26",Percent,-2.0,0,true,true,MS
251317,SIMPSON GENERAL HOSPITAL CAH,MS,1842 SIMPSON HIGHWAY 149,MENDENHALL,39114,SIMPSON,Critical Access Hospitals,Voluntary non-profit - Private,Yes,OP_22,Left before being seen,2024-01-01,2024-12-31,2.0,2,5187,,3.0,"25, 26",Percent,-1.0,0,true,true,MS
251318,NORTH SUNFLOWER MEDICAL CENTER CAH,MS,840 NORTH OAK AVENUE,RULEVILLE,38771,SUNFLOWER,Critical Access Hospitals,Government - Local,Yes,OP_22,Left before being seen,2024-01-01,2024-12-31,,Not Available,Not Available,5,3.0,"25, 26",Percent,,,true,true,MS
251319,HOLMES COUNTY HOSPITAL AND CLINICS,MS,239 BOWLING GREEN ROAD,LEXINGTON,39095,HOLMES,Critical Access Hospitals,Government - State,Yes,OP_22,Left before being seen,2024-01-01,2024-12-31,3.0,3,7952,,3.0,"25, 26",Percent,0.0,0,true,true,MS
251320,CLAIBORNE COUNTY HOSPITAL,MS,123 MCCOMB AVENUE,PORT GIBSON,39150,CLAIBORNE,Critical Access Hospitals,Government - Local,Yes,OP_22,Left before being seen,2024-01-01,2024-12-31,,Not Available,Not Available,5,3.0,"25, 26",Percent,,,true,true,MS
251322,OCHSNER LAIRD HOSPITAL,MS,25117 HIGHWAY 15,UNION,39365,NESHOBA,Critical Access Hospitals,Voluntary non-profit - Private,Yes,OP_22,Left before being seen,2024-01-01,2024-12-31,3.0,3,5672,,3.0,"25, 26",Percent,0.0,0,true,true,MS
251323,OCHSNER SCOTT REGIONAL,MS,317 HIGHWAY 13 SOUTH,MORTON,39117,SCOTT,Critical Access Hospitals,Voluntary non-profit - Private,Yes,OP_22,Left before being seen,2024-01-01,2024-12-31,1.0,1,5797,,3.0,"25, 26",Percent,-2.0,0,true,true,MS
251324,WALTHALL COUNTY GENERAL HOSPITAL CAH,MS,100 HOSPITAL DRIVE,TYLERTOWN,39667,WALTHALL,Critical Access Hospitals,Government - Local,Yes,OP_22,Left before being seen,2024-01-01,2024-12-31,,Not Available,Not Available,5,3.0,"25, 26",Percent,,,true,true,MS
251325,COVINGTON COUNTY HOSPITAL CAH,MS,701 SOUTH HOLLY AVENUE,COLLINS,39428,COVINGTON,Critical Access Hospitals,Government - Local,Yes,OP_22,Left before being seen,2024-01-01,2024-12-31,,Not Available,Not Available,5,3.0,"25, 26",Percent,,,true,true,MS
251326,JEFFERSON DAVIS COMMUNITY HOSPITAL CAH,MS,1102 ROSE STREET,PRENTISS,39474,JEFFERSON DAVIS,Critical Access Hospitals,Government - Local,Yes,OP_22,Left before being seen,2024-01-01,2024-12-31,1.0,1,5393,,3.0,"25, 26",Percent,-2.0,0,true,true,MS
251327,COPIAH COUNTY MEDICAL CENTER,MS,21790 HIGHWAY 28,HAZLEHURST,39083,COPIAH,Critical Access Hospitals,Government - Local,Yes,OP_22,Left before being seen,2024-01-01,2024-12-31,,Not Available,Not Available,5,3.0,"25, 26",Percent,,,true,true,MS
251330,FRANKLIN COUNTY MEMORIAL HOSPITAL,MS,HWY 84 BOX 636,MEADVILLE,39653,FRANKLIN,Critical Access Hospitals,Government - Local,Yes,OP_22,Left before being seen,2024-01-01,2024-12-31,,Not Available,Not Available,5,3.0,"25, 26",Percent,,,true,true,MS
251331,BMH-CALHOUN,MS,140 BURKE-CALHOUN CITY ROAD,CALHOUN CITY,38916,CALHOUN,Critical Access Hospitals,Voluntary non-profit - Private,Yes,OP_22,Left before being seen,2024-01-01,2024-12-31,0.0,0,5106,,3.0,"25, 26",Percent,-3.0,0,true,true,MS
251333,PEARL RIVER COUNTY HOSPITAL,MS,305 WEST MOODY STREET,POPLARVILLE,39470,PEARL RIVER,Critical Access Hospitals,Government - Local,Yes,OP_22,Left before being seen,2024-01-01,2024-12-31,,Not Available,Not Available,5,3.0,"25, 26",Percent,,,true,true,MS
251334,CHOCTAW REGIONAL MEDICAL CENTER,MS,8613 MS HWY 12,ACKERMAN,39735,CHOCTAW,Critical Access Hospitals,Government - Local,Yes,OP_22,Left before being seen,2024-01-01,2024-12-31,0.0,0,3715,,3.0,"25, 26",Percent,-3.0,0,true,true,MS
251335,OCHSNER STENNIS MEMORIAL HOSPITAL,MS,14365 HIGHWAY 16 WEST,DE KALB,39328,KEMPER,Critical Access Hospitals,Voluntary non-profit - Private,Yes,OP_22,Left before being seen,2024-01-01,2024-12-31,1.0,1,4002,,3.0,"25, 26",Percent,-2.0,0,true,true,MS
251336,BAPTIST MEDICAL CENTER ATTALA,MS,220 HWY 12 WEST,KOSCIUSKO,39090,ATTALA,Critical Access Hospitals,Voluntary non-profit - Other,Yes,OP_22,Left before being seen,2024-01-01,2024-12-31,1.0,1,12434,,3.0,"25, 26",Percent,-2.0,0,true,true,MS
251337,TIPPAH COUNTY HOSPITAL,MS,1005 CITY AVE NORTH,RIPLEY,38663,TIPPAH,Critical Access Hospitals,Government - Local,Yes,OP_22,Left before being seen,2024-01-01,2024-12-31,2.0,2,7550,,3.0,"25, 26",Percent,-1.0,0,true,true,MS
251339,QUITMAN COMMUNITY HOSPITAL,MS,340 GETWELL DRIVE,MARKS,38646,QUITMAN,Critical Access Hospitals,Government - Local,Yes,OP_22,Left before being seen,2024-01-01,2024-12-31,,Not Available,Not Available,5,3.0,"25, 26",Percent,,,true,true,MS
251340,NESHOBA COUNTY GENERAL HOSPITAL,MS,1001 HOLLAND AVENUE,PHILADELPHIA,39350,NESHOBA,Critical Access Hospitals,Government - Local,Yes,OP_22,Left before being seen,2024-01-01,2024-12-31,,Not Available,Not Available,19,3.0,"25, 26",Percent,,,true,true,MS