facility_id,facility_name,address,city_town,state,zip_code,county_parish,telephone_number,hospital_type,hospital_ownership,emergency_services,meets_criteria_for_birthing_friendly_designation,hospital_overall_rating,hospital_overall_rating_footnote,mort_group_measure_count,count_of_facility_mort_measures,count_of_mort_measures_better,count_of_mort_measures_no_different,count_of_mort_measures_worse,mort_group_footnote,safety_group_measure_count,count_of_facility_safety_measures,count_of_safety_measures_better,count_of_safety_measures_no_different,count_of_safety_measures_worse,safety_group_footnote,readm_group_measure_count,count_of_facility_readm_measures,count_of_readm_measures_better,count_of_readm_measures_no_different,count_of_readm_measures_worse,readm_group_footnote,pt_exp_group_measure_count,count_of_facility_pt_exp_measures,pt_exp_group_footnote,te_group_measure_count,count_of_facility_te_measures,te_group_footnote
010001,SOUTHEAST HEALTH MEDICAL CENTER,1108 ROSS CLARK CIRCLE,DOTHAN,AL,36301,HOUSTON,(334) 793-8701,Acute Care Hospitals,Government - Hospital District or Authority,Yes,Y,4,,8,8,0,8,0,,8,7,3,4,0,,11,11,1,9,1,,15,15,,10,10,
010005,MARSHALL MEDICAL CENTERS,2505 U S HIGHWAY 431 NORTH,BOAZ,AL,35957,MARSHALL,(256) 593-8310,Acute Care Hospitals,Government - Hospital District or Authority,Yes,Y,3,,8,6,0,5,1,,8,7,0,7,0,,11,9,1,8,0,,15,15,,10,10,
010006,NORTH ALABAMA MEDICAL CENTER,1701 VETERANS DRIVE,FLORENCE,AL,35630,LAUDERDALE,(256) 768-8400,Acute Care Hospitals,Proprietary,Yes,Y,2,,8,8,0,5,3,,8,8,4,4,0,,11,9,1,8,0,,15,15,,10,9,
010007,MIZELL MEMORIAL HOSPITAL,702 N MAIN ST,OPP,AL,36467,COVINGTON,(334) 493-3541,Acute Care Hospitals,Voluntary non-profit - Private,Yes,,1,,8,4,0,3,1,,8,2,0,2,0,,11,5,0,3,2,,15,5,,10,7,
010011,ST. VINCENT'S EAST,50 MEDICAL PARK EAST DRIVE,BIRMINGHAM,AL,35235,JEFFERSON,(205) 838-3122,Acute Care Hospitals,Voluntary non-profit - Private,Yes,,3,29,8,8,0,8,0,29,8,7,1,6,0,29,11,8,1,5,2,29,15,10,29,10,7,29
010012,DEKALB REGIONAL MEDICAL CENTER,200 MED CENTER DRIVE,FORT PAYNE,AL,35968,DE KALB,(256) 845-3150,Acute Care Hospitals,Proprietary,Yes,Y,2,,8,5,0,5,0,,8,4,0,4,0,,11,8,0,6,2,,15,15,,10,9,
010016,SHELBY BAPTIST MEDICAL CENTER,1000 FIRST STREET NORTH,ALABASTER,AL,35007,SHELBY,(205) 620-8100,Acute Care Hospitals,Voluntary non-profit - Private,Yes,,2,,8,8,0,8,0,,8,7,1,5,1,,11,9,0,8,1,,15,15,,10,6,
010019,HELEN KELLER HOSPITAL,1300 SOUTH MONTGOMERY AVENUE,SHEFFIELD,AL,35660,COLBERT,(256) 386-4556,Acute Care Hospitals,Government - Hospital District or Authority,Yes,Y,2,,8,5,0,4,1,,8,7,1,6,0,,11,7,1,5,1,,15,15,,10,9,
010021,DALE MEDICAL CENTER,126 HOSPITAL AVE,OZARK,AL,36360,DALE,(334) 774-2601,Acute Care Hospitals,Government - Hospital District or Authority,Yes,,Not Available,16,8,2,0,2,0,,8,2,0,2,0,,11,3,0,2,1,,15,5,,10,8,
010022,FLOYD CHEROKEE MEDICAL CENTER,400 NORTHWOOD DR,CENTRE,AL,35960,CHEROKEE,(256) 927-5531,Acute Care Hospitals,Proprietary,Yes,,Not Available,16,8,1,0,1,0,,8,1,0,1,0,,11,2,0,2,0,,15,Not Available,5,10,5,
010023,BAPTIST MEDICAL CENTER SOUTH,2105 EAST SOUTH BOULEVARD,MONTGOMERY,AL,36116,MONTGOMERY,(334) 288-2100,Acute Care Hospitals,Government - Hospital District or Authority,Yes,Y,2,,8,8,0,7,1,,8,7,2,4,1,,11,11,1,8,2,,15,15,,10,7,
010024,JACKSON HOSPITAL & CLINIC INC,1725 PINE STREET,MONTGOMERY,AL,36106,MONTGOMERY,(334) 293-8000,Acute Care Hospitals,Voluntary non-profit - Private,Yes,Y,2,,8,8,0,7,1,,8,6,0,4,2,,11,10,0,10,0,,15,15,,10,9,
010029,THE EAST ALABAMA HEALTHCARE AUTHORITY,2000 PEPPERELL PARKWAY,OPELIKA,AL,36801,LEE,(334) 528-1300,Acute Care Hospitals,Government - Hospital District or Authority,Yes,Y,3,,8,8,0,8,0,,8,8,1,7,0,,11,11,0,9,2,,15,15,,10,9,
010033,UNIVERSITY OF ALABAMA HOSPITAL,619 SOUTH 19TH STREET,BIRMINGHAM,AL,35233,JEFFERSON,(205) 934-4011,Acute Care Hospitals,Government - State,Yes,Y,2,,8,8,0,7,1,,8,8,4,4,0,,11,11,0,8,3,,15,15,,10,8,
010034,COMMUNITY HOSPITAL INC,805 FRIENDSHIP ROAD,TALLASSEE,AL,36078,ELMORE,(334) 283-6541,Acute Care Hospitals,Voluntary non-profit - Private,Yes,,Not Available,16,8,1,0,1,0,,8,Not Available,Not Available,Not Available,Not Available,5,11,2,0,2,0,,15,5,,10,5,
010035,CULLMAN REGIONAL MEDICAL CENTER,1912 ALABAMA HIGHWAY 157,CULLMAN,AL,35058,CULLMAN,(256) 737-2000,Acute Care Hospitals,Government - Hospital District or Authority,Yes,Y,2,,8,7,0,6,1,,8,7,1,6,0,,11,7,1,6,0,,15,15,,10,10,
010036,ANDALUSIA HEALTH,849 SOUTH THREE NOTCH STREET,ANDALUSIA,AL,36420,COVINGTON,(334) 222-8466,Acute Care Hospitals,Proprietary,Yes,Y,2,,8,5,0,5,0,,8,3,0,3,0,,11,7,0,6,1,,15,15,,10,8,
010039,HUNTSVILLE HOSPITAL,101 SIVLEY RD,HUNTSVILLE,AL,35801,MADISON,(256) 265-1000,Acute Care Hospitals,Government - Hospital District or Authority,Yes,Y,3,,8,8,0,5,3,,8,8,2,5,1,,11,11,2,7,2,,15,15,,10,10,
010040,GADSDEN REGIONAL MEDICAL CENTER,1007 GOODYEAR AVENUE,GADSDEN,AL,35903,ETOWAH,(256) 494-4000,Acute Care Hospitals,Proprietary,Yes,Y,2,,8,8,0,7,1,,8,8,3,4,1,,11,9,0,8,1,,15,15,,10,9,
010044,MARION REGIONAL MEDICAL CENTER,1256 MILITARY STREET SOUTH,HAMILTON,AL,35570,MARION,(205) 921-6200,Acute Care Hospitals,Voluntary non-profit - Private,Yes,,3,,8,3,0,3,0,,8,Not Available,Not Available,Not Available,Not Available,5,11,4,1,3,0,,15,Not Available,5,10,6,
010045,FAYETTE MEDICAL CENTER,1653 TEMPLE AVENUE NORTH,FAYETTE,AL,35555,FAYETTE,(205) 932-5966,Acute Care Hospitals,Voluntary non-profit - Other,Yes,,4,,8,4,0,4,0,,8,1,0,1,0,,11,5,1,4,0,,15,15,,10,7,
010046,RIVERVIEW REGIONAL MEDICAL CENTER,600 SOUTH THIRD STREET,GADSDEN,AL,35901,ETOWAH,(256) 543-5200,Acute Care Hospitals,Proprietary,Yes,,3,,8,7,0,7,0,,8,6,3,3,0,,11,8,0,6,2,,15,15,,10,8,
010049,MEDICAL CENTER ENTERPRISE,400 N EDWARDS STREET,ENTERPRISE,AL,36330,COFFEE,(334) 347-0584,Acute Care Hospitals,Proprietary,Yes,Y,4,,8,5,0,5,0,,8,3,1,2,0,,11,7,1,6,0,,15,15,,10,10,
010051,GREENE COUNTY HOSPITAL,509 WILSON AVENUE,EUTAW,AL,35462,GREENE,(205) 372-3388,Acute Care Hospitals,Voluntary non-profit - Other,Yes,,Not Available,16,8,Not Available,Not Available,Not Available,Not Available,5,8,Not Available,Not Available,Not Available,Not Available,5,11,Not Available,Not Available,Not Available,Not Available,5,15,Not Available,5,10,3,
010052,LAKE MARTIN COMMUNITY HOSPITAL,201 MARIARDEN ROAD,DADEVILLE,AL,36853,TALLAPOOSA,(256) 825-7821,Acute Care Hospitals,Proprietary,Yes,,Not Available,16,8,2,0,2,0,,8,Not Available,Not Available,Not Available,Not Available,5,11,2,0,2,0,,15,10,,10,6,
010055,FLOWERS HOSPITAL,4370 WEST MAIN STREET,DOTHAN,AL,36302,HOUSTON,(334) 793-5000,Acute Care Hospitals,Proprietary,Yes,Y,2,,8,8,0,8,0,,8,8,4,4,0,,11,9,0,7,2,,15,15,,10,9,
010056,ST VINCENT'S BIRMINGHAM,810 ST VINCENT'S DRIVE,BIRMINGHAM,AL,35205,JEFFERSON,(205) 939-7000,Acute Care Hospitals,Voluntary non-profit - Private,Yes,Y,3,29,8,8,0,8,0,29,8,7,1,6,0,29,11,9,1,6,2,29,15,10,29,10,7,29
010058,BIBB MEDICAL CENTER,208 PIERSON AVE,CENTREVILLE,AL,35042,BIBB,(205) 926-4881,Acute Care Hospitals,Government - Hospital District or Authority,Yes,Y,Not Available,16,8,2,0,2,0,,8,Not Available,Not Available,Not Available,Not Available,5,11,2,1,1,0,,15,5,,10,6,
010061,HIGHLANDS MEDICAL CENTER,380 WOODS COVE ROAD,SCOTTSBORO,AL,35768,JACKSON,(256) 259-4444,Acute Care Hospitals,Government - Hospital District or Authority,Yes,Y,3,,8,5,0,5,0,,8,2,1,1,0,,11,6,1,5,0,,15,15,,10,8,
010062,WIREGRASS MEDICAL CENTER,1200 W MAPLE AVENUE,GENEVA,AL,36340,GENEVA,(334) 684-3655,Acute Care Hospitals,Government - Hospital District or Authority,Yes,,Not Available,16,8,1,0,1,0,,8,2,0,2,0,,11,2,0,2,0,,15,5,,10,6,
010065,RUSSELL MEDICAL CENTER,3316 HIGHWAY 280,ALEXANDER CITY,AL,35010,TALLAPOOSA,(256) 329-7100,Acute Care Hospitals,Voluntary non-profit - Private,Yes,Y,3,,8,5,0,5,0,,8,4,0,4,0,,11,9,1,8,0,,15,15,,10,7,
010073,CLAY COUNTY HOSPITAL,83825 HIGHWAY 9    P O BOX 1270,ASHLAND,AL,36251,CLAY,(256) 354-2131,Acute Care Hospitals,Government - Hospital District or Authority,Yes,,Not Available,16,8,2,0,2,0,,8,1,0,1,0,,11,3,1,2,0,,15,5,,10,7,
010078,NORTHEAST ALABAMA REGIONAL MEDICAL CENTER,400 EAST 10TH STREET,ANNISTON,AL,36207,CALHOUN,(256) 235-5121,Acute Care Hospitals,Government - Local,Yes,Y,1,,8,7,0,6,1,,8,7,0,7,0,,11,10,0,9,1,,15,15,,10,9,
010079,ATHENS LIMESTONE HOSPITAL,700 WEST MARKET STREET,ATHENS,AL,35611,LIMESTONE,(256) 233-9292,Acute Care Hospitals,Government - Hospital District or Authority,Yes,Y,2,,8,5,0,4,1,,8,6,1,5,0,,11,7,0,5,2,,15,15,,10,10,
010083,BALDWIN HEALTH,1613 NORTH MCKENZIE STREET,FOLEY,AL,36535,BALDWIN,(251) 949-3400,Acute Care Hospitals,Proprietary,Yes,Y,4,,8,6,0,6,0,,8,7,2,5,0,,11,8,2,6,0,,15,15,,10,10,
010085,DECATUR MORGAN HOSPITAL - DECATUR CAMPUS,1201 7TH STREET SE,DECATUR,AL,35601,MORGAN,(256) 341-2000,Acute Care Hospitals,Government - Hospital District or Authority,Yes,Y,3,,8,7,0,6,1,,8,7,2,5,0,,11,7,0,7,0,,15,15,,10,9,
010086,NORTH MISSISSIPPI HEALTH SERVICES - SOUTH MARION,1530 U S HIGHWAY 43,WINFIELD,AL,35594,FAYETTE,(205) 487-7000,Acute Care Hospitals,Proprietary,Yes,,4,,8,4,0,4,0,,8,1,0,1,0,,11,5,1,4,0,,15,5,,10,8,
010087,USA HEALTH UNIVERSITY HOSPITAL,2451 FILLINGIM STREET,MOBILE,AL,36617,MOBILE,(251) 471-7110,Acute Care Hospitals,Government - State,Yes,,2,,8,6,0,6,0,,8,6,2,3,1,,11,7,0,6,1,,15,15,,10,7,
010089,WALKER BAPTIST MEDICAL CENTER,3400 HIGHWAY 78 EAST,JASPER,AL,35502,WALKER,(205) 387-4000,Acute Care Hospitals,Proprietary,Yes,Y,3,,8,5,0,5,0,,8,6,1,5,0,,11,6,0,6,0,,15,15,,10,7,
010090,"USA HEALTH HCA PROVIDENCE HOSPITAL, LLC",6801 AIRPORT BOULEVARD,MOBILE,AL,36608,MOBILE,(251) 633-1000,Acute Care Hospitals,Voluntary non-profit - Church,Yes,Y,3,,8,8,0,8,0,,8,7,2,5,0,,11,9,0,7,2,,15,15,,10,7,
010091,GROVE HILL MEMORIAL HOSPITAL,295 JACKSON HWY S,GROVE HILL,AL,36451,CLARKE,(251) 275-3191,Acute Care Hospitals,Government - Hospital District or Authority,Yes,,Not Available,16,8,Not Available,Not Available,Not Available,Not Available,5,8,Not Available,Not Available,Not Available,Not Available,5,11,1,0,1,0,,15,5,,10,6,
010092,DCH REGIONAL MEDICAL CENTER,809 UNIVERSITY BOULEVARD EAST,TUSCALOOSA,AL,35401,TUSCALOOSA,(205) 759-7111,Acute Care Hospitals,Government - Hospital District or Authority,Yes,Y,2,,8,7,0,7,0,,8,7,2,5,0,,11,9,1,4,4,,15,15,,10,10,
010095,HALE COUNTY HOSPITAL,508 GREENE STREET,GREENSBORO,AL,36744,HALE,(334) 624-3024,Acute Care Hospitals,Government - Hospital District or Authority,Yes,,Not Available,16,8,1,0,1,0,,8,Not Available,Not Available,Not Available,Not Available,5,11,1,0,1,0,,15,Not Available,5,10,4,
010097,ELMORE COMMUNITY HOSPITAL,500 HOSPITAL DRIVE,WETUMPKA,AL,36092,ELMORE,(334) 567-4311,Acute Care Hospitals,Proprietary,Yes,,Not Available,16,8,2,0,2,0,,8,Not Available,Not Available,Not Available,Not Available,5,11,3,0,2,1,,15,Not Available,5,10,6,
010099,D W MCMILLAN MEMORIAL HOSPITAL,1301 BELLEVILLE AVENUE,BREWTON,AL,36426,ESCAMBIA,(251) 867-8061,Acute Care Hospitals,Government - Hospital District or Authority,Yes,Y,1,,8,3,0,3,0,,8,2,0,2,0,,11,4,0,3,1,,15,15,,10,6,
010100,THOMAS HOSPITAL,750 MORPHY AVENUE,FAIRHOPE,AL,36532,BALDWIN,(251) 928-2375,Acute Care Hospitals,Voluntary non-profit - Private,Yes,Y,2,,8,8,0,6,2,,8,7,0,7,0,,11,9,1,6,2,,15,15,,10,9,
010101,CITIZENS BAPTIST MEDICAL CENTER,604 STONE AVENUE,TALLADEGA,AL,35160,TALLADEGA,(256) 761-4542,Acute Care Hospitals,Voluntary non-profit - Private,Yes,,1,,8,3,0,3,0,,8,2,0,2,0,,11,4,0,3,1,,15,15,,10,7,
010103,PRINCETON BAPTIST MEDICAL CENTER,701 PRINCETON AVENUE SOUTHWEST,BIRMINGHAM,AL,35211,JEFFERSON,(205) 783-3800,Acute Care Hospitals,Voluntary non-profit - Church,Yes,,3,,8,8,1,7,0,,8,7,3,4,0,,11,9,1,7,1,,15,15,,10,7,
010104,GRANDVIEW MEDICAL CENTER,3690 GRANDVIEW PARKWAY,BIRMINGHAM,AL,35243,JEFFERSON,(205) 971-1000,Acute Care Hospitals,Proprietary,Yes,Y,3,,8,8,0,7,1,,8,8,4,4,0,,11,11,1,6,4,,15,15,,10,9,
010108,PRATTVILLE BAPTIST HOSPITAL,124 S MEMORIAL DR,PRATTVILLE,AL,36067,AUTAUGA,(334) 361-4267,Acute Care Hospitals,Government - Hospital District or Authority,Yes,,3,,8,5,0,5,0,,8,3,0,3,0,,11,5,1,4,0,,15,15,,10,9,
010110,BULLOCK COUNTY HOSPITAL,102 WEST CONECUH AVENUE,UNION SPRINGS,AL,36089,BULLOCK,(334) 738-2140,Acute Care Hospitals,Proprietary,Yes,,Not Available,16,8,Not Available,Not Available,Not Available,Not Available,5,8,Not Available,Not Available,Not Available,Not Available,5,11,Not Available,Not Available,Not Available,Not Available,5,15,Not Available,5,10,2,
010112,WHITFIELD REGIONAL HOSPITAL,105 HIGHWAY 80 EAST,DEMOPOLIS,AL,36732,MARENGO,(334) 289-4000,Acute Care Hospitals,Government - Hospital District or Authority,Yes,,2,,8,3,0,3,0,,8,2,0,2,0,,11,5,0,4,1,,15,15,,10,7,
010113,MOBILE INFIRMARY MEDICAL CENTER,5 MOBILE INFIRMARY CIRCLE,MOBILE,AL,36607,MOBILE,(251) 435-4700,Acute Care Hospitals,Voluntary non-profit - Private,Yes,Y,2,,8,8,0,8,0,,8,8,3,3,2,,11,11,0,8,3,,15,15,,10,8,
010114,"MEDICAL WEST, AN AFFILIATE OF UAB HEALTH SYSTEM",995 9TH AVENUE SOUTHWEST,BESSEMER,AL,35022,JEFFERSON,(205) 481-7000,Acute Care Hospitals,Government - Hospital District or Authority,Yes,Y,3,,8,4,0,4,0,,8,6,2,4,0,,11,6,0,5,1,,15,15,,10,7,
010118,VAUGHAN REGIONAL MEDICAL CENTER PARKWAY CAMPUS,1015 MEDICAL CENTER PARKWAY,SELMA,AL,36701,DALLAS,(334) 418-4100,Acute Care Hospitals,Proprietary,Yes,Y,2,,8,5,0,5,0,,8,3,1,2,0,,11,5,0,4,1,,15,15,,10,8,
010125,LAKELAND COMMUNITY HOSPITAL,42024 HIGHWAY 195 E,HALEYVILLE,AL,35565,WINSTON,(205) 485-7117,Acute Care Hospitals,Proprietary,Yes,,3,,8,4,0,4,0,,8,Not Available,Not Available,Not Available,Not Available,5,11,4,0,4,0,,15,10,,10,6,
010126,TROY REGIONAL MEDICAL CENTER,1330 HIGHWAY 231 SOUTH,TROY,AL,36081,PIKE,(334) 670-5000,Acute Care Hospitals,Government - Federal,Yes,,4,,8,3,0,3,0,,8,2,0,2,0,,11,5,0,5,0,,15,15,,10,6,
010128,JACKSON MEDICAL CENTER,220 HOSPITAL DRIVE,JACKSON,AL,36545,CLARKE,(251) 246-9021,Acute Care Hospitals,Proprietary,Yes,,Not Available,16,8,1,0,1,0,,8,Not Available,Not Available,Not Available,Not Available,5,11,2,0,2,0,,15,Not Available,5,10,4,
010129,NORTH BALDWIN INFIRMARY,1815 HAND AVENUE,BAY MINETTE,AL,36507,BALDWIN,(251) 937-5521,Acute Care Hospitals,Voluntary non-profit - Private,Yes,Y,3,,8,3,0,3,0,,8,2,0,2,0,,11,7,0,7,0,,15,15,,10,7,
010130,ST VINCENT'S ST CLAIR,7063 VETERANS PARKWAY,PELL CITY,AL,35125,ST. CLAIR,(205) 338-3301,Acute Care Hospitals,Voluntary non-profit - Private,Yes,,3,29,8,4,0,4,0,29,8,1,0,1,0,29,11,5,0,3,2,29,15,10,29,10,7,29
010131,CRESTWOOD MEDICAL CENTER,ONE HOSPITAL DR SE,HUNTSVILLE,AL,35801,MADISON,(256) 429-4000,Acute Care Hospitals,Proprietary,Yes,Y,3,,8,7,0,7,0,,8,8,2,6,0,,11,8,1,5,2,,15,15,,10,9,
010138,HILL HOSPITAL OF SUMTER COUNTY,751 DERBY DRIVE,YORK,AL,36925,SUMTER,(205) 392-5263,Acute Care Hospitals,Government - Hospital District or Authority,Yes,,Not Available,16,8,Not Available,Not Available,Not Available,Not Available,5,8,Not Available,Not Available,Not Available,Not Available,5,11,Not Available,Not Available,Not Available,Not Available,5,15,Not Available,5,10,3,
010139,BAPTIST HEALTH BROOKWOOD HOSPITAL,2010 BROOKWOOD MEDICAL CENTER DRIVE,BIRMINGHAM,AL,35209,JEFFERSON,(205) 877-1000,Acute Care Hospitals,Proprietary,Yes,Y,3,,8,8,0,8,0,,8,7,3,4,0,,11,8,0,8,0,,15,15,,10,7,
010144,SPRINGHILL MEDICAL CENTER,3719 DAUPHIN STREET,MOBILE,AL,36608,MOBILE,(251) 460-5220,Acute Care Hospitals,Proprietary,Yes,Y,3,,8,8,0,8,0,,8,8,1,7,0,,11,9,0,7,2,,15,15,,10,8,
010148,EVERGREEN MEDICAL CENTER,101 CRESTVIEW AVENUE,EVERGREEN,AL,36401,CONECUH,(251) 578-2480,Acute Care Hospitals,Proprietary,Yes,,3,,8,4,0,4,0,,8,Not Available,Not Available,Not Available,Not Available,5,11,5,1,4,0,,15,10,,10,5,
010149,BAPTIST MEDICAL CENTER EAST,400 TAYLOR ROAD,MONTGOMERY,AL,36117,MONTGOMERY,(334) 244-8330,Acute Care Hospitals,Government - Hospital District or Authority,Yes,Y,4,,8,6,0,6,0,,8,7,2,5,0,,11,6,0,4,2,,15,15,,10,10,
01014F,BIRMINGHAM VA MEDICAL CENTER,700 SOUTH 19TH STREET,BIRMINGHAM,AL,35233,JEFFERSON,(205) 933-4515,Acute Care - Veterans Administration,Veterans Health Administration,Yes,,4,,8,5,1,4,0,,8,4,0,4,0,,11,6,1,5,0,,15,10,,10,5,
010150,THE HEALTH CARE AUTHORITY OF THE CITY OF GREENVILLE- LV STABLER HOSPITAL,29 L V STABLER DRIVE,GREENVILLE,AL,36037,BUTLER,(334) 382-2200,Acute Care Hospitals,Proprietary,Yes,,Not Available,16,8,1,0,1,0,,8,2,0,2,0,,11,2,0,2,0,,15,Not Available,5,10,7,
010157,NORTH ALABAMA SHOALS HOSPITAL,201 WEST AVALON AVENUE,MUSCLE SHOALS,AL,35661,COLBERT,(256) 386-1601,Acute Care Hospitals,Proprietary,Yes,,Not Available,16,8,1,0,1,0,,8,2,0,2,0,,11,2,0,2,0,,15,5,,10,6,
010158,RUSSELLVILLE HOSPITAL,15155 HIGHWAY 43,RUSSELLVILLE,AL,35653,FRANKLIN,(256) 332-1611,Acute Care Hospitals,Proprietary,Yes,,4,,8,3,0,3,0,,8,3,0,3,0,,11,6,0,6,0,,15,5,,10,7,
010164,COOSA VALLEY MEDICAL CENTER,315 W HICKORY ST,SYLACAUGA,AL,35150,TALLADEGA,(256) 249-5000,Acute Care Hospitals,Government - Hospital District or Authority,Yes,Y,3,,8,4,0,4,0,,8,3,0,3,0,,11,8,0,6,2,,15,15,,10,9,
010168,JACK HUGHSTON MEMORIAL HOSPITAL,4401 RIVER CHASE DRIVE,PHENIX CITY,AL,36867,RUSSELL,(334) 732-3000,Acute Care Hospitals,Government - State,Yes,,4,,8,1,0,1,0,,8,3,0,3,0,,11,4,1,3,0,,15,15,,10,6,
010169,ATMORE COMMUNITY HOSPITAL,401 MEDICAL PARK DRIVE,ATMORE,AL,36502,ESCAMBIA,(251) 368-2500,Acute Care Hospitals,Government - Hospital District or Authority,Yes,,3,,8,3,0,3,0,,8,2,0,2,0,,11,3,0,2,1,,15,Not Available,5,10,5,
010173,ST VINCENT'S CHILTON,2030 LAY DAM ROAD,CLANTON,AL,35045,CHILTON,(205) 258-4400,Acute Care Hospitals,Voluntary non-profit - Church,Yes,,Not Available,16,8,2,0,2,0,29,8,1,0,1,0,29,11,3,0,3,0,29,15,Not Available,5,10,6,29
01019F,VA CENTRAL ALABAMA HEALTHCARE SYSTEM - MONTGOMERY,215 PERRY HILL ROAD,MONTGOMERY,AL,36109,MONTGOMERY,(334) 260-4100,Acute Care - Veterans Administration,Veterans Health Administration,Yes,,4,,8,3,0,3,0,,8,Not Available,Not Available,Not Available,Not Available,5,11,4,1,3,0,,15,10,,10,4,
01021F,TUSCALOOSA VA MEDICAL CENTER,3701 LOOP ROAD EAST,TUSCALOOSA,AL,35404,TUSCALOOSA,(205) 554-2000,Acute Care - Veterans Administration,Veterans Health Administration,No,,Not Available,16,8,Not Available,Not Available,Not Available,Not Available,5,8,Not Available,Not Available,Not Available,Not Available,5,11,Not Available,Not Available,Not Available,Not Available,5,15,Not Available,5,10,1,
010779,BULLOCK COUNTY HOSPITAL,102 WEST CONECUH AVENUE,UNION SPRINGS,AL,36089,BULLOCK,(334) 738-2140,Rural Emergency Hospital,Proprietary,Yes,,Not Available,19,Not Available,Not Available,Not Available,Not Available,Not Available,19,Not Available,Not Available,Not Available,Not Available,Not Available,19,Not Available,Not Available,Not Available,Not Available,Not Available,19,Not Available,Not Available,19,Not Available,Not Available,19
010780,EAMC - LANIER,4800 48TH STREET,VALLEY,AL,36854,CHAMBERS,(334) 756-9180,Rural Emergency Hospital,Government - Hospital District or Authority,Yes,,Not Available,19,Not Available,Not Available,Not Available,Not Available,Not Available,19,Not Available,Not Available,Not Available,Not Available,Not Available,19,Not Available,Not Available,Not Available,Not Available,Not Available,19,Not Available,Not Available,19,Not Available,Not Available,19
010781,J PAUL JONES HOSPITAL,317 MCWILLIAMS AVENUE,CAMDEN,AL,36726,WILCOX,(334) 682-4131,Rural Emergency Hospital,Government - Local,Yes,,Not Available,19,Not Available,Not Available,Not Available,Not Available,Not Available,19,Not Available,Not Available,Not Available,Not Available,Not Available,19,Not Available,Not Available,Not Available,Not Available,Not Available,19,Not Available,Not Available,19,Not Available,Not Available,19
011300,WASHINGTON COUNTY HOSPITAL,14600 ST. STEPHENS AVENUE,CHATOM,AL,36518,WASHINGTON,(251) 847-2223,Critical Access Hospitals,Government - Local,Yes,,Not Available,16,8,Not Available,Not Available,Not Available,Not Available,5,8,Not Available,Not Available,Not Available,Not Available,5,11,1,0,1,0,,15,Not Available,5,10,2,
011302,RED BAY HOSPITAL,211 HOSPITAL ROAD,RED BAY,AL,35582,FRANKLIN,(256) 356-9532,Critical Access Hospitals,Government - Hospital District or Authority,Yes,,Not Available,16,8,1,0,1,0,,8,Not Available,Not Available,Not Available,Not Available,5,11,2,1,1,0,,15,Not Available,5,10,5,
011304,OCHSNER CHOCTAW GENERAL,"401 VANITY FAIR LANE, PO BOX 618",BUTLER,AL,36904,CHOCTAW,(205) 459-9100,Critical Access Hospitals,Voluntary non-profit - Private,Yes,,Not Available,16,8,Not Available,Not Available,Not Available,Not Available,5,8,Not Available,Not Available,Not Available,Not Available,5,11,Not Available,Not Available,Not Available,Not Available,5,15,Not Available,5,10,5,
011305,ST VINCENTS BLOUNT,150 GILBREATH DRIVE,ONEONTA,AL,35121,BLOUNT,(205) 274-3000,Critical Access Hospitals,Voluntary non-profit - Private,No,,Not Available,16,8,2,0,2,0,,8,Not Available,Not Available,Not Available,Not Available,5,11,3,0,3,0,,15,Not Available,5,10,6,
011306,TANNER MEDICAL CENTER-EAST ALABAMA,1032 MAIN STREET SOUTH,WEDOWEE,AL,36278,RANDOLPH,(256) 357-2111,Critical Access Hospitals,Government - Hospital District or Authority,Yes,,Not Available,16,8,2,0,2,0,,8,Not Available,Not Available,Not Available,Not Available,5,11,3,0,2,1,,15,Not Available,5,10,6,
011307,MEDICAL CENTER BARBOUR,820 W WASHINGTON ST,EUFAULA,AL,36027,BARBOUR,(334) 688-7271,Critical Access Hospitals,Government - Hospital District or Authority,Yes,,Not Available,5,8,Not Available,Not Available,Not Available,Not Available,5,8,Not Available,Not Available,Not Available,Not Available,5,11,Not Available,Not Available,Not Available,Not Available,5,15,Not Available,5,10,3,16
011308,CRENSHAW COMMUNITY HOSPITAL,101 HOSPITAL CIRCLE,LUVERNE,AL,36049,CRENSHAW,(334) 335-3374,Critical Access Hospitals,Government - Hospital District or Authority,Yes,,Not Available,5,8,Not Available,Not Available,Not Available,Not Available,5,8,Not Available,Not Available,Not Available,Not Available,5,11,Not Available,Not Available,Not Available,Not Available,5,15,Not Available,5,10,Not Available,16
011309,WIREGRASS MEDICAL CENTER,1200 W MAPLE AVENUE,GENEVA,AL,36340,GENEVA,(334) 684-3655,Critical Access Hospitals,Government - Hospital District or Authority,Yes,,Not Available,5,8,Not Available,Not Available,Not Available,Not Available,5,8,Not Available,Not Available,Not Available,Not Available,5,11,Not Available,Not Available,Not Available,Not Available,5,15,Not Available,5,10,Not Available,16
011311,LAKELAND COMMUNITY HOSPITAL,42024 HIGHWAY 195 E,HALEYVILLE,AL,35565,WINSTON,(205) 485-7117,Critical Access Hospitals,Proprietary,Yes,,Not Available,5,Not Available,Not Available,Not Available,Not Available,Not Available,5,Not Available,Not Available,Not Available,Not Available,Not Available,5,Not Available,Not Available,Not Available,Not Available,Not Available,5,Not Available,Not Available,5,Not Available,Not Available,5
013300,THE CHILDREN'S HOSPITAL OF ALABAMA,1600 SEVENTH AVENUE SOUTH,BIRMINGHAM,AL,35233,JEFFERSON,(205) 939-9100,Childrens,Voluntary non-profit - Private,Yes,,Not Available,19,Not Available,Not Available,Not Available,Not Available,Not Available,19,Not Available,Not Available,Not Available,Not Available,Not Available,19,Not Available,Not Available,Not Available,Not Available,Not Available,19,Not Available,Not Available,19,Not Available,Not Available,19
013301,USA HEALTH CHILDREN'S & WOMEN'S HOSPITAL,1700 CENTER STREET,MOBILE,AL,36604,MOBILE,(251) 415-1000,Childrens,Government - State,Yes,,Not Available,19,Not Available,Not Available,Not Available,Not Available,Not Available,19,Not Available,Not Available,Not Available,Not Available,Not Available,19,Not Available,Not Available,Not Available,Not Available,Not Available,19,Not Available,Not Available,19,Not Available,Not Available,19
014000,HILL CREST BEHAVIORAL HEALTH SERVICES,6869 FIFTH AVENUE SOUTH,BIRMINGHAM,AL,35212,JEFFERSON,(205) 833-9000,Psychiatric,Proprietary,No,,Not Available,19,Not Available,Not Available,Not Available,Not Available,Not Available,19,Not Available,Not Available,Not Available,Not Available,Not Available,19,Not Available,Not Available,Not Available,Not Available,Not Available,19,Not Available,Not Available,19,Not Available,Not Available,19
014006,MOUNTAIN VIEW HOSPITAL,3201 SCENIC HIGHWAY,GADSDEN,AL,35902,ETOWAH,(256) 546-9265,Psychiatric,Proprietary,No,,Not Available,19,Not Available,Not Available,Not Available,Not Available,Not Available,19,Not Available,Not Available,Not Available,Not Available,Not Available,19,Not Available,Not Available,Not Available,Not Available,Not Available,19,Not Available,Not Available,19,Not Available,Not Available,19
014007,BRYCE HOSPITAL,1651 RUBY TYLER PKWY,TUSCALOOSA,AL,35404,TUSCALOOSA,(205) 759-0750,Psychiatric,Government - State,No,,Not Available,19,Not Available,Not Available,Not Available,Not Available,Not Available,19,Not Available,Not Available,Not Available,Not Available,Not Available,19,Not Available,Not Available,Not Available,Not Available,Not Available,19,Not Available,Not Available,19,Not Available,Not Available,19
014012,MARY S HARPER GERIATRIC PSYCHIATRY CENTER,201 UNIVERSITY BLVD,TUSCALOOSA,AL,35401,TUSCALOOSA,(205) 759-0900,Psychiatric,Government - State,Yes,,Not Available,19,Not Available,Not Available,Not Available,Not Available,Not Available,19,Not Available,Not Available,Not Available,Not Available,Not Available,19,Not Available,Not Available,Not Available,Not Available,Not Available,19,Not Available,Not Available,19,Not Available,Not Available,19
014014,BAYPOINTE BEHAVIORAL HEALTH,5800 SOUTHLAND DRIVE,MOBILE,AL,36693,MOBILE,(251) 661-0153,Psychiatric,Voluntary non-profit - Other,Yes,,Not Available,19,Not Available,Not Available,Not Available,Not Available,Not Available,19,Not Available,Not Available,Not Available,Not Available,Not Available,19,Not Available,Not Available,Not Available,Not Available,Not Available,19,Not Available,Not Available,19,Not Available,Not Available,19
014015,BEACON CHILDREN'S HOSPITAL,150 HOSPITAL DRIVE,LUVERNE,AL,36049,CRENSHAW,(334) 335-5040,Psychiatric,Proprietary,No,,Not Available,19,Not Available,Not Available,Not Available,Not Available,Not Available,19,Not Available,Not Available,Not Available,Not Available,Not Available,19,Not Available,Not Available,Not Available,Not Available,Not Available,19,Not Available,Not Available,19,Not Available,Not Available,19
014016,"SANCTUARY AT THE WOODLANDS, THE","1910 CHEROKEE AVENUE, SW",CULLMAN,AL,35055,CULLMAN,(256) 739-1239,Psychiatric,Proprietary,No,,Not Available,19,Not Available,Not Available,Not Available,Not Available,Not Available,19,Not Available,Not Available,Not Available,Not Available,Not Available,19,Not Available,Not Available,Not Available,Not Available,Not Available,19,Not Available,Not Available,19,Not Available,Not Available,19
014017,EASTPOINTE HOSPITAL,7400 ROPER LANE,DAPHNE,AL,36526,BALDWIN,(251) 378-6500,Psychiatric,Voluntary non-profit - Other,No,,Not Available,19,Not Available,Not Available,Not Available,Not Available,Not Available,19,Not Available,Not Available,Not Available,Not Available,Not Available,19,Not Available,Not Available,Not Available,Not Available,Not Available,19,Not Available,Not Available,19,Not Available,Not Available,19
014018,UNITY PSYCHIATRIC CARE - HUNTSVILLE,"5315 MILLENIUM DRIVE, NW",HUNTSVILLE,AL,35806,MADISON,(256) 964-6700,Psychiatric,Proprietary,No,,Not Available,19,Not Available,Not Available,Not Available,Not Available,Not Available,19,Not Available,Not Available,Not Available,Not Available,Not Available,19,Not Available,Not Available,Not Available,Not Available,Not Available,19,Not Available,Not Available,19,Not Available,Not Available,19
190002,OCHSNER LAFAYETTE GENERAL MEDICAL CENTER,1214 COOLIDGE AVENUE,LAFAYETTE,LA,70503,LAFAYETTE,(337) 289-7991,Acute Care Hospitals,Voluntary non-profit - Private,Yes,Y,3,,8,8,0,8,0,,8,8,3,4,1,,11,11,0,10,1,,15,15,,10,8,
190004,THIBODAUX REGIONAL MEDICAL CENTER,602 N ACADIA ROAD,THIBODAUX,LA,70301,LAFOURCHE,(985) 447-5500,Acute Care Hospitals,Voluntary non-profit - Private,Yes,Y,3,,8,7,0,4,3,,8,5,1,4,0,,11,10,1,9,0,,15,15,,10,9,
190005,UNIVERSITY MEDICAL CENTER NEW ORLEANS,2000 CANAL STREET,NEW ORLEANS,LA,70112,ORLEANS,(504) 702-3000,Acute Care Hospitals,Voluntary non-profit - Private,Yes,,2,,8,6,0,6,0,,8,7,2,5,0,,11,7,1,6,0,,15,15,,10,7,
190006,OCHSNER UNIVERSITY HOSPITAL AND CLINICS,2390 WEST CONGRESS,LAFAYETTE,LA,70506,LAFAYETTE,(337) 261-6000,Acute Care Hospitals,Voluntary non-profit - Private,Yes,,3,,8,4,0,4,0,,8,3,1,2,0,,11,7,0,6,1,,15,15,,10,8,
190007,NATCHITOCHES REGIONAL MEDICAL CENTER,501 KEYSER AVE,NATCHITOCHES,LA,71457,NATCHITOCHES,(318) 214-4200,Acute Care Hospitals,Government - Hospital District or Authority,Yes,Y,4,,8,3,0,3,0,,8,3,0,3,0,,11,7,1,5,1,,15,15,,10,9,
190008,TERREBONNE GENERAL MEDICAL CENTER - PARISH,8166 MAIN STREET,HOUMA,LA,70360,TERREBONNE,(985) 873-4141,Acute Care Hospitals,Government - Hospital District or Authority,Yes,Y,4,,8,8,0,8,0,,8,7,2,4,1,,11,10,0,9,1,,15,15,,10,8,
190011,OCHSNER LSU HEALTH MONROE,4864 JACKSON STREET,MONROE,LA,71202,OUACHITA,(318) 388-7000,Acute Care Hospitals,Voluntary non-profit - Private,Yes,Y,3,,8,3,0,3,0,,8,5,1,4,0,,11,5,1,4,0,,15,15,,10,8,
190013,WEST CALCASIEU CAMERON HOSPITAL,701 EAST CYPRESS STREET,SULPHUR,LA,70663,CALCASIEU,(337) 527-4240,Acute Care Hospitals,Government - Hospital District or Authority,Yes,Y,4,,8,5,0,5,0,,8,3,0,3,0,,11,9,2,7,0,,15,15,,10,9,
190014,OCHSNER ST MARY,1125 MARGUERITE STREET,MORGAN CITY,LA,70380,ST. MARY,(985) 384-2200,Acute Care Hospitals,Voluntary non-profit - Private,Yes,,2,,8,4,0,4,0,,8,2,0,2,0,,11,5,0,4,1,,15,15,,10,8,
190015,NORTH OAKS MEDICAL CENTER,15790 PAUL VEGA MD DRIVE,HAMMOND,LA,70403,TANGIPAHOA,(985) 345-2700,Acute Care Hospitals,Government - Hospital District or Authority,Yes,Y,2,,8,8,0,7,1,,8,6,1,5,0,,11,10,0,6,4,,15,15,,10,9,
190017,OPELOUSAS GENERAL HEALTH SYSTEM,539 EAST PRUDHOMME STREET,OPELOUSAS,LA,70570,ST. LANDRY,(337) 948-3011,Acute Care Hospitals,Government - Hospital District or Authority,Yes,Y,2,,8,7,0,5,2,,8,5,0,5,0,,11,10,0,9,1,,15,15,,10,8,
190019,CHRISTUS ST FRANCES CABRINI HOSPITAL,3330 MASONIC DRIVE,ALEXANDRIA,LA,71301,RAPIDES,(318) 487-1122,Acute Care Hospitals,Voluntary non-profit - Private,Yes,Y,3,,8,8,0,8,0,,8,7,2,5,0,,11,10,0,7,3,,15,15,,10,10,
190020,LANE REGIONAL MEDICAL CENTER,6300 MAIN STREET,ZACHARY,LA,70791,E. BATON ROUGE,(225) 658-4000,Acute Care Hospitals,Government - Hospital District or Authority,Yes,Y,3,,8,5,0,5,0,,8,4,0,4,0,,11,6,0,6,0,,15,15,,10,8,
190025,SAVOY MEDICAL CENTER,801 POINCIANA AVENUE,MAMOU,LA,70554,EVANGELINE,(337) 468-5261,Acute Care Hospitals,Voluntary non-profit - Other,Yes,,4,,8,3,0,3,0,,8,2,0,2,0,,11,6,0,6,0,,15,5,,10,7,
190026,RAPIDES REGIONAL MEDICAL CENTER,211 4TH STREET,ALEXANDRIA,LA,71301,RAPIDES,(318) 769-3000,Acute Care Hospitals,Proprietary,Yes,Y,2,,8,8,0,8,0,,8,7,1,5,1,,11,8,0,6,2,,15,15,,10,9,
190027,CHRISTUS OCHSNER ST PATRICK HOSPITAL,524 DR MICHAEL DEBAKEY DRIVE,LAKE CHARLES,LA,70601,CALCASIEU,(337) 436-2511,Acute Care Hospitals,Voluntary non-profit - Private,Yes,,3,,8,8,0,8,0,,8,6,2,4,0,,11,8,1,6,1,,15,15,,10,9,
190034,ABBEVILLE GENERAL HOSPITAL,118 N HOSPITAL DR,ABBEVILLE,LA,70510,VERMILION,(337) 893-5466,Acute Care Hospitals,Government - Hospital District or Authority,Yes,Y,3,,8,3,0,3,0,,8,2,0,2,0,,11,5,1,4,0,,15,15,,10,8,
190036,OCHSNER MEDICAL CENTER ACUTE,1516 JEFFERSON HWY,NEW ORLEANS,LA,70121,JEFFERSON,(504) 842-3000,Acute Care Hospitals,Voluntary non-profit - Private,Yes,Y,4,,8,8,2,5,1,,8,8,3,5,0,,11,11,2,6,3,,15,15,,10,10,
190039,WEST JEFFERSON MEDICAL CENTER,1101 MEDICAL CENTER BLVD,MARRERO,LA,70072,JEFFERSON,(504) 347-5511,Acute Care Hospitals,Voluntary non-profit - Private,Yes,Y,3,,8,6,0,6,0,,8,7,2,5,0,,11,8,0,6,2,,15,15,,10,8,
190040,SLIDELL MEMORIAL HOSPITAL,1001 GAUSE BLVD,SLIDELL,LA,70458,ST. TAMMANY,(985) 643-2200,Acute Care Hospitals,Government - Hospital District or Authority,Yes,Y,2,,8,8,0,8,0,,8,6,1,5,0,,11,10,0,7,3,,15,15,,10,10,
190041,CHRISTUS SHREVEPORT-BOSSIER HEALTH SYSTEM,1453 E BERT KOUNS INDUSTRIAL DRIVE,SHREVEPORT,LA,71105,CADDO,(318) 681-5000,Acute Care Hospitals,Voluntary non-profit - Private,Yes,Y,3,,8,8,0,8,0,,8,7,2,5,0,,11,11,1,8,2,,15,15,,10,9,
190044,ACADIA GENERAL HOSPITAL,1305 CROWLEY RAYNE HIGHWAY,CROWLEY,LA,70526,ACADIA,(337) 783-3222,Acute Care Hospitals,Voluntary non-profit - Private,Yes,,3,,8,4,0,3,1,,8,6,0,6,0,,11,9,0,9,0,,15,15,,10,7,
190045,ST TAMMANY PARISH HOSPITAL,1202 S TYLER STREET,COVINGTON,LA,70433,ST. TAMMANY,(985) 898-4000,Acute Care Hospitals,Government - Hospital District or Authority,Yes,Y,4,,8,8,0,8,0,,8,7,2,5,0,,11,9,2,7,0,,15,15,,10,9,
190046,TOURO INFIRMARY,1401 FOUCHER STREET,NEW ORLEANS,LA,70115,ORLEANS,(504) 897-8247,Acute Care Hospitals,Voluntary non-profit - Private,Yes,Y,3,,8,7,0,7,0,,8,8,1,6,1,,11,11,1,8,2,,15,15,,10,9,
190050,BEAUREGARD MEMORIAL HOSPITAL,600 S PINE STREET,DERIDDER,LA,70634,BEAUREGARD,(337) 462-7100,Acute Care Hospitals,Government - Hospital District or Authority,Yes,Y,3,,8,4,0,4,0,,8,2,0,2,0,,11,6,0,6,0,,15,15,,10,8,
190053,OCHSNER AMERICAN LEGION HOSPITAL,1634 ELTON ROAD,JENNINGS,LA,70546,JEFFRSON DAVIS,(337) 616-7000,Acute Care Hospitals,Voluntary non-profit - Private,Yes,Y,2,,8,4,0,3,1,,8,2,0,2,0,,11,6,0,4,2,,15,15,,10,9,
190054,IBERIA MEDICAL CENTER,2315 E MAIN STREET,NEW IBERIA,LA,70560,IBERIA,(337) 364-0441,Acute Care Hospitals,Voluntary non-profit - Private,Yes,Y,2,,8,6,0,5,1,,8,5,0,5,0,,11,9,0,9,0,,15,15,,10,8,
190060,LAKE CHARLES MEMORIAL HOSPITAL,1701 OAK PARK BLVD,LAKE CHARLES,LA,70601,CALCASIEU,(337) 494-3000,Acute Care Hospitals,Voluntary non-profit - Private,Yes,Y,3,,8,8,0,7,1,,8,6,1,4,1,,11,10,1,8,1,,15,15,,10,8,
190064,OUR LADY OF THE LAKE REGIONAL MEDICAL CENTER,5000 HENNESSY BLVD,BATON ROUGE,LA,70808,E. BATON ROUGE,(225) 765-6565,Acute Care Hospitals,Voluntary non-profit - Church,Yes,,3,,8,8,0,7,1,,8,6,2,4,0,,11,10,0,10,0,,15,15,,10,10,
190065,BATON ROUGE GENERAL MEDICAL CENTER,8585 PICARDY AVE,BATON ROUGE,LA,70809,E. BATON ROUGE,(225) 387-7767,Acute Care Hospitals,Voluntary non-profit - Private,Yes,Y,3,,8,8,0,8,0,,8,7,2,5,0,,11,11,2,8,1,,15,15,,10,8,
190079,ST CHARLES PARISH HOSPITAL,1057 PAUL MAILLARD ROAD,LULING,LA,70070,ST. CHARLES,(985) 785-3644,Acute Care Hospitals,Government - Hospital District or Authority,Yes,,Not Available,16,8,1,0,1,0,,8,2,0,2,0,,11,2,0,2,0,,15,15,,10,7,
190086,NORTHERN LOUISIANA MEDICAL CENTER,401 EAST VAUGHN AVENUE,RUSTON,LA,71270,LINCOLN,(318) 254-2100,Acute Care Hospitals,Proprietary,Yes,Y,2,,8,6,0,6,0,,8,3,0,3,0,,11,7,0,7,0,,15,15,,10,9,
190088,SPRINGHILL MEDICAL CENTER,2001 DOCTORS DRIVE,SPRINGHILL,LA,71075,WEBSTER,(318) 539-1000,Acute Care Hospitals,Voluntary non-profit - Private,Yes,,4,,8,3,0,3,0,,8,Not Available,Not Available,Not Available,Not Available,5,11,4,1,3,0,,15,5,,10,6,
190090,WINN PARISH MEDICAL CENTER,301 W BOUNDARY AVE,WINNFIELD,LA,71483,WINN,(318) 648-3000,Acute Care Hospitals,Proprietary,Yes,,Not Available,16,8,2,0,1,1,,8,Not Available,Not Available,Not Available,Not Available,5,11,3,0,3,0,,15,5,,10,7,
190098,OCHSNER LSU HEALTH SHREVEPORT,1541 KINGS HIGHWAY,SHREVEPORT,LA,71130,CADDO,(318) 675-5058,Acute Care Hospitals,Voluntary non-profit - Private,Yes,,2,,8,7,0,7,0,,8,6,3,3,0,,11,8,1,7,0,,15,15,,10,8,
190099,AVOYELLES HOSPITAL,4231 HIGHWAY 1192,MARKSVILLE,LA,71351,AVOYELLES,(318) 253-8611,Acute Care Hospitals,Proprietary,Yes,,1,,8,3,0,3,0,,8,1,0,1,0,,11,4,0,2,2,,15,5,,10,7,
190102,"OUR LADY OF LOURDES REGIONAL MEDICAL CENTER, INC",4801 AMBASSADOR CAFFERY PARKWAY,LAFAYETTE,LA,70508,LAFAYETTE,(337) 470-2000,Acute Care Hospitals,Voluntary non-profit - Private,Yes,Y,3,,8,8,0,7,1,,8,6,2,4,0,,11,10,0,9,1,,15,15,,10,9,
190106,OAKDALE COMMUNITY HOSPITAL,130 N HOSPITAL DR,OAKDALE,LA,71463,ALLEN,(318) 335-3700,Acute Care Hospitals,Proprietary,Yes,,3,,8,3,0,3,0,,8,2,0,2,0,,11,4,0,3,1,,15,5,,10,7,
190111,WILLIS KNIGHTON MEDICAL CENTER,2600 GREENWOOD ROAD,SHREVEPORT,LA,71103,CADDO,(318) 212-4000,Acute Care Hospitals,Voluntary non-profit - Private,Yes,Y,3,,8,8,0,7,1,,8,8,1,7,0,,11,11,1,10,0,,15,15,,10,10,
190114,CLAIBORNE MEMORIAL MEDICAL CENTER,620 EAST COLLEGE STREET,HOMER,LA,71040,CLAIBORNE,(318) 927-2024,Acute Care Hospitals,Government - Hospital District or Authority,Yes,,1,,8,3,0,3,0,,8,2,0,1,1,,11,4,0,3,1,,15,15,,10,6,
190116,MOREHOUSE GENERAL HOSPITAL,323 W WALNUT,BASTROP,LA,71220,MOREHOUSE,(318) 283-3600,Acute Care Hospitals,Government - Hospital District or Authority,Yes,Y,2,,8,3,0,3,0,,8,Not Available,Not Available,Not Available,Not Available,5,11,4,0,3,1,,15,Not Available,5,10,7,
190118,DESOTO REGIONAL HEALTH SYSTEM,207 JEFFERSON STREET,MANSFIELD,LA,71052,DE SOTO,(318) 872-4610,Acute Care Hospitals,Voluntary non-profit - Private,Yes,,2,,8,3,0,3,0,,8,Not Available,Not Available,Not Available,Not Available,5,11,4,0,4,0,,15,5,,10,5,
190125,FMOL HEALTH ST FRANCIS,309 JACKSON STREET,MONROE,LA,71201,OUACHITA,(318) 966-4000,Acute Care Hospitals,Voluntary non-profit - Private,Yes,Y,3,,8,8,0,8,0,,8,7,3,4,0,,11,10,0,8,2,,15,15,,10,9,
190128,WOMANS HOSPITAL,100 WOMAN'S WAY,BATON ROUGE,LA,70817,E. BATON ROUGE,(225) 927-1300,Acute Care Hospitals,Voluntary non-profit - Private,Yes,Y,4,,8,1,0,1,0,,8,6,1,4,1,,11,5,0,5,0,,15,15,,10,7,
190133,ALLEN PARISH HOSPITAL,108 6TH AVENUE,KINDER,LA,70648,ALLEN,(337) 738-9489,Acute Care Hospitals,Government - Hospital District or Authority,Yes,,Not Available,16,8,1,0,1,0,,8,Not Available,Not Available,Not Available,Not Available,5,11,1,0,1,0,,15,Not Available,5,10,5,
190140,FRANKLIN MEDICAL CENTER,2106 LOOP ROAD,WINNSBORO,LA,71295,FRANKLIN,(318) 435-9411,Acute Care Hospitals,Government - Hospital District or Authority,Yes,,Not Available,16,8,2,0,2,0,,8,1,0,1,0,,11,3,1,2,0,,15,5,,10,7,
190144,MINDEN MEDICAL CENTER,NO 1 MEDICAL PLAZA,MINDEN,LA,71055,WEBSTER,(318) 377-2321,Acute Care Hospitals,Proprietary,Yes,Y,2,,8,5,0,5,0,,8,2,0,2,0,,11,6,0,5,1,,15,15,,10,7,
190145,LASALLE GENERAL HOSPITAL,187 NINTH ST/HWY 84 WEST,JENA,LA,71342,LASALLE,(318) 992-9200,Acute Care Hospitals,Government - Hospital District or Authority,No,,1,,8,3,0,2,1,,8,Not Available,Not Available,Not Available,Not Available,5,11,3,0,1,2,,15,Not Available,5,10,5,
190151,RICHARDSON MEDICAL CENTER,254 HIGHWAY 3048,RAYVILLE,LA,71269,RICHLAND,(318) 728-8292,Acute Care Hospitals,Government - Hospital District or Authority,Yes,,Not Available,16,8,2,0,2,0,,8,1,0,1,0,,11,3,1,2,0,,15,5,,10,5,
190160,GLENWOOD REGIONAL MEDICAL CENTER,503 MCMILLAN ROAD,WEST MONROE,LA,71291,OUACHITA,(318) 329-4600,Acute Care Hospitals,Proprietary,Yes,,2,,8,8,0,8,0,,8,6,1,3,2,,11,9,0,7,2,,15,15,,10,6,
190164,BYRD REGIONAL HOSPITAL,1020 FERTITTA BLVD,LEESVILLE,LA,71446,VERNON,(337) 239-9041,Acute Care Hospitals,Proprietary,Yes,Y,2,,8,4,0,4,0,,8,2,0,2,0,,11,6,0,3,3,,15,15,,10,7,
190167,MERCY REGIONAL MEDICAL CENTER,800 E MAIN,VILLE PLATTE,LA,70586,EVANGELINE,(337) 363-5684,Acute Care Hospitals,Proprietary,Yes,,3,,8,5,0,5,0,,8,2,0,2,0,,11,6,1,5,0,,15,5,,10,7,
190176,EAST JEFFERSON GENERAL HOSPITAL,4200 HOUMA BLVD,METAIRIE,LA,70006,JEFFERSON,(504) 988-5263,Acute Care Hospitals,Voluntary non-profit - Private,Yes,Y,2,,8,8,0,8,0,,8,8,2,6,0,,11,11,0,9,2,,15,15,,10,9,
190183,LEONARD J CHABERT MEDICAL CENTER,1978 INDUSTRIAL BLVD,HOUMA,LA,70363,TERREBONNE,(985) 873-2200,Acute Care Hospitals,Voluntary non-profit - Other,Yes,,3,,8,3,0,3,0,,8,3,1,1,1,,11,7,0,6,1,,15,15,,10,7,
190184,CITIZENS MEDICAL CENTER,7939 U S HWY 165 SOUTH,COLUMBIA,LA,71418,CALDWELL,(318) 649-6106,Acute Care Hospitals,Government - Hospital District or Authority,Yes,,3,,8,4,0,4,0,,8,1,0,1,0,,11,5,0,4,1,,15,10,,10,6,
190190,"CALDWELL MEMORIAL HOSPITAL, INC",411 MAIN STREET,COLUMBIA,LA,71418,CALDWELL,(318) 649-6111,Acute Care Hospitals,Proprietary,No,,Not Available,16,8,1,0,1,0,,8,Not Available,Not Available,Not Available,Not Available,5,11,2,0,2,0,,15,Not Available,5,10,2,
190201,CHRISTUS OCHSNER LAKE AREA HOSPITAL,4200 NELSON ROAD,LAKE CHARLES,LA,70605,CALCASIEU,(337) 474-6370,Acute Care Hospitals,Voluntary non-profit - Private,Yes,Y,Not Available,16,8,1,0,1,0,,8,2,0,2,0,,11,5,0,4,1,,15,15,,10,6,
190202,OCHSNER MEDICAL CENTER - BATON ROUGE,17000 MEDICAL CENTER DR,BATON ROUGE,LA,70816,E. BATON ROUGE,(225) 752-2470,Acute Care Hospitals,Voluntary non-profit - Private,Yes,Y,4,,8,7,0,7,0,,8,6,1,5,0,,11,9,0,9,0,,15,15,,10,10,
190208,EAST CARROLL PARISH HOSPITAL,336 NORTH HOOD STREET,LAKE PROVIDENCE,LA,71254,EAST CARROLL,(318) 559-4023,Acute Care Hospitals,Government - Hospital District or Authority,Yes,,Not Available,16,8,2,0,2,0,,8,Not Available,Not Available,Not Available,Not Available,5,11,2,0,2,0,,15,Not Available,5,10,4,
190218,SABINE MEDICAL CENTER,240 HIGHLAND DRIVE,MANY,LA,71449,SABINE,(318) 256-1232,Acute Care Hospitals,Proprietary,Yes,,Not Available,16,8,2,0,1,1,,8,1,0,1,0,,11,3,0,3,0,,15,5,,10,6,
190241,PHYSICIANS MEDICAL CENTER,218 CORPORATE DRIVE,HOUMA,LA,70360,TERREBONNE,(985) 853-1390,Acute Care Hospitals,Physician,No,,Not Available,16,8,Not Available,Not Available,Not Available,Not Available,5,8,1,0,1,0,,11,2,0,2,0,,15,5,,10,2,
190245,MONROE SURGICAL HOSPITAL,2408 BROADMOOR BLVD,MONROE,LA,71201,OUACHITA,(318) 410-0002,Acute Care Hospitals,Proprietary,No,,Not Available,16,8,1,0,1,0,,8,1,0,1,0,,11,3,1,2,0,,15,5,,10,6,
190251,SURGICAL SPECIALTY CENTER OF BATON ROUGE,8080 BLUEBONNET BLVD,BATON ROUGE,LA,70810,E. BATON ROUGE,(225) 408-8080,Acute Care Hospitals,Physician,No,,Not Available,16,8,1,0,1,0,,8,2,0,2,0,,11,3,0,3,0,,15,5,,10,2,
190255,PARK PLACE SURGICAL HOSPITAL,4811 AMBASSADOR CAFFERY PARKWAY,LAFAYETTE,LA,70508,LAFAYETTE,(337) 237-8119,Acute Care Hospitals,Proprietary,No,,Not Available,16,8,1,0,1,0,,8,2,0,2,0,,11,3,1,2,0,,15,Not Available,5,10,3,
190256,STERLING SURGICAL HOSPITAL,989 ROBERT BLVD,SLIDELL,LA,70458,ST. TAMMANY,(985) 690-8200,Acute Care Hospitals,Proprietary,No,,Not Available,16,8,1,0,1,0,,8,2,0,2,0,,11,3,0,2,1,,15,5,,10,2,
190259,LAFAYETTE SURGICAL SPECIALTY HOSPITAL,1101 KALISTE SALOOM RD,LAFAYETTE,LA,70508,LAFAYETTE,(337) 769-4100,Acute Care Hospitals,Physician,No,,Not Available,16,8,1,0,1,0,,8,2,0,2,0,,11,3,0,3,0,,15,15,,10,2,
190266,THE SPINE HOSPITAL OF LOUISIANA,"10105 PARK ROW CIRCLE, SUITE 250",BATON ROUGE,LA,70810,E. BATON ROUGE,(225) 763-9900,Acute Care Hospitals,Physician,No,,Not Available,16,8,1,0,1,0,,8,1,0,1,0,,11,2,0,2,0,,15,15,,10,2,
190267,AVALA,67252 INDUSTRY LANE,COVINGTON,LA,70433,ST. TAMMANY,(985) 809-9888,Acute Care Hospitals,Physician,No,,Not Available,16,8,1,0,1,0,,8,2,0,2,0,,11,3,0,3,0,,15,15,,10,2,
190270,OUR LADY OF THE LAKE SURGICAL HOSPITAL,1700 W LINDBERG DRIVE,SLIDELL,LA,70458,ST. TAMMANY,(985) 641-0600,Acute Care Hospitals,Physician,No,,Not Available,16,8,1,0,1,0,,8,1,0,1,0,,11,2,0,2,0,,15,5,,10,2,
190274,OCHSNER MEDICAL CENTER-KENNER,180 WEST ESPLANADE AVENUE,KENNER,LA,70065,JEFFERSON,(504) 464-8065,Acute Care Hospitals,Voluntary non-profit - Private,Yes,Y,4,,8,6,0,6,0,,8,5,1,4,0,,11,7,0,6,1,,15,15,,10,8,
190278,SPECIALISTS HOSPITAL SHREVEPORT,1500 LINE AVENUE,SHREVEPORT,LA,71101,CADDO,(318) 213-3800,Acute Care Hospitals,Proprietary,No,,Not Available,16,8,1,0,1,0,,8,2,0,2,0,,11,3,1,2,0,,15,15,,10,2,
190298,CHRISTUS CENTRAL LOUISIANA SURGICAL HOSPITAL,651 NORTH BOLTON AVE,ALEXANDRIA,LA,71301,RAPIDES,(318) 449-6400,Acute Care Hospitals,Proprietary,No,,Not Available,16,8,1,0,1,0,,8,2,0,2,0,,11,4,0,4,0,,15,15,,10,5,
190300,ST CHARLES SURGICAL HOSPITAL,1717 ST CHARLES AVE,NEW ORLEANS,LA,70130,ORLEANS,(504) 529-6600,Acute Care Hospitals,Physician,No,,Not Available,16,8,1,0,1,0,,8,1,0,1,0,,11,1,0,1,0,,15,Not Available,5,10,2,
190302,"OMEGA HOSPITAL, LLC",2525 SEVERN AVENUE,METAIRIE,LA,70002,JEFFERSON,(504) 616-3897,Acute Care Hospitals,Physician,No,,Not Available,19,Not Available,Not Available,Not Available,Not Available,Not Available,19,Not Available,Not Available,Not Available,Not Available,Not Available,19,Not Available,Not Available,Not Available,Not Available,Not Available,19,Not Available,Not Available,19,Not Available,Not Available,19
190303,CYPRESS POINTE SURGICAL HOSPITAL,42570 SOUTH AIRPORT RD,HAMMOND,LA,70403,TANGIPAHOA,(985) 510-6200,Acute Care Hospitals,Proprietary,No,,Not Available,16,8,1,0,1,0,,8,1,0,1,0,,11,3,0,3,0,,15,15,,10,3,
190308,ST BERNARD PARISH HOSPITAL,8000 WEST JUDGE PEREZ DRIVE,CHALMETTE,LA,70043,ST. BERNARD,(504) 826-9500,Acute Care Hospitals,Government - Hospital District or Authority,Yes,,4,,8,3,0,3,0,,8,1,0,1,0,,11,4,1,3,0,,15,15,,10,7,
190312,OUR LADY OF THE ANGELS HOSPITAL,433 PLAZA STREET,BOGALUSA,LA,70427,WASHINGTON,(985) 730-6700,Acute Care Hospitals,Voluntary non-profit - Private,Yes,Y,4,,8,4,0,4,0,,8,2,0,2,0,,11,5,0,5,0,,15,15,,10,7,
190313,NEW ORLEANS EAST HOSPITAL,5620 READ BLVD,NEW ORLEANS,LA,70127,ORLEANS,(504) 592-6600,Acute Care Hospitals,Government - Hospital District or Authority,Yes,,Not Available,16,8,1,0,1,0,,8,2,0,2,0,,11,2,0,2,0,,15,15,,10,7,
190316,THE GENERAL,"3600 FLORIDA BLVD, SUITE 2020",BATON ROUGE,LA,70806,E. BATON ROUGE,(225) 381-6393,Acute Care Hospitals,Voluntary non-profit - Private,Yes,,Not Available,16,8,2,0,2,0,,8,1,0,1,0,,11,3,1,1,1,,15,Not Available,5,10,6,
190317,OCHSNER LSU HEALTH SHREVEPORT-ST MARY MEDICAL CENT,1 ST MARY PLACE,SHREVEPORT,LA,71101,CADDO,(318) 626-4300,Acute Care Hospitals,Voluntary non-profit - Private,No,Y,2,,8,Not Available,Not Available,Not Available,Not Available,5,8,5,1,4,0,,11,3,0,3,0,,15,15,,10,3,
190318,ACADIAN MEDICAL CENTER,3501 HIGHWAY 190 EAST,EUNICE,LA,70535,ST. LANDRY,(337) 580-7903,Acute Care Hospitals,Proprietary,Yes,Y,3,,8,4,0,4,0,,8,2,0,2,0,,11,6,1,5,0,,15,15,,10,8,
190319,ALEXANDRIA HOSPITAL,5900 COLISEUM BLVD,ALEXANDRIA,LA,71303,RAPIDES,(318) 386-8110,Acute Care Hospitals,Proprietary,Yes,,Not Available,5,8,Not Available,Not Available,Not Available,Not Available,5,8,Not Available,Not Available,Not Available,Not Available,5,11,Not Available,Not Available,Not Available,Not Available,5,15,Not Available,5,10,Not Available,16
19043F,ALEXANDRIA VA MEDICAL CENTER,2495 SHREVEPORT HIGHWAY 71 N,PINEVILLE,LA,71360,RAPIDES,(318) 473-0010,Acute Care - Veterans Administration,Veterans Health Administration,No,,Not Available,16,8,1,0,1,0,,8,1,0,1,0,,11,2,1,1,0,,15,Not Available,5,10,2,
19047F,SOUTHEAST LOUISIANA VETERANS HEALTH CARE SYSTEM,2400 CANAL STREET,NEW ORLEANS,LA,70119,ORLEANS,(800) 935-8387,Acute Care - Veterans Administration,Veterans Health Administration,Yes,,3,,8,4,2,2,0,,8,3,0,3,0,,11,5,0,1,4,,15,10,,10,4,
19048F,OVERTON BROOKS VA MEDICAL CENTER (SHREVEPORT),510 EAST STONER AVENUE,SHREVEPORT,LA,71101,CADDO,(318) 424-6037,Acute Care - Veterans Administration,Veterans Health Administration,Yes,,2,,8,4,0,4,0,,8,4,0,3,1,,11,6,0,5,1,,15,10,,10,3,
19050F,Bayne-Jones ACH (Ft Johnson),1585 3rd St,Fort Johnson,LA,71459,VERNON,(337) 531-3118,Acute Care - Department of Defense,Department of Defense,Yes,,Not Available,22,Not Available,Not Available,Not Available,Not Available,Not Available,22,Not Available,Not Available,Not Available,Not Available,Not Available,22,Not Available,Not Available,Not Available,Not Available,Not Available,22,Not Available,Not Available,22,Not Available,Not Available,22
190779,ASSUMPTION COMMUNITY HOSPITAL,135 HIGHWAY 402,NAPOLEONVILLE,LA,70390,ASSUMPTION,(985) 369-3600,Rural Emergency Hospital,Voluntary non-profit - Private,Yes,,Not Available,19,Not Available,Not Available,Not Available,Not Available,Not Available,19,Not Available,Not Available,Not Available,Not Available,Not Available,19,Not Available,Not Available,Not Available,Not Available,Not Available,19,Not Available,Not Available,19,Not Available,Not Available,19
191300,ST HELENA PARISH HOSPITAL,16874 HIGHWAY 43,GREENSBURG,LA,70441,ST. HELENA,(225) 222-6111,Critical Access Hospitals,Government - Hospital District or Authority,Yes,,Not Available,16,8,Not Available,Not Available,Not Available,Not Available,5,8,Not Available,Not Available,Not Available,Not Available,5,11,Not Available,Not Available,Not Available,Not Available,5,15,Not Available,5,10,4,
191301,UNION GENERAL HOSPITAL,901 JAMES AVE,FARMERVILLE,LA,71241,UNION,(318) 368-9751,Critical Access Hospitals,Voluntary non-profit - Private,Yes,,Not Available,16,8,2,0,2,0,,8,Not Available,Not Available,Not Available,Not Available,5,11,2,0,2,0,,15,Not Available,5,10,5,
191302,OCHSNER ST MARTIN HOSPITAL,210 CHAMPAGNE BOULEVARD,BREAUX BRIDGE,LA,70517,ST. MARTIN,(337) 332-2178,Critical Access Hospitals,Voluntary non-profit - Private,Yes,,Not Available,16,8,2,0,2,0,,8,1,0,1,0,,11,2,1,1,0,,15,15,,10,6,
191304,NORTH CADDO MEDICAL CENTER,815 SOUTH PINE STREET,VIVIAN,LA,71082,CADDO,(318) 375-3235,Critical Access Hospitals,Government - Hospital District or Authority,Yes,,Not Available,16,8,2,0,2,0,,8,Not Available,Not Available,Not Available,Not Available,5,11,3,0,3,0,,15,Not Available,5,10,5,
191305,ST JAMES PARISH HOSPITAL,1645 LUTCHER AVENUE,LUTCHER,LA,70071,ST. JAMES,(225) 869-5512,Critical Access Hospitals,Government - Hospital District or Authority,Yes,,Not Available,16,8,Not Available,Not Available,Not Available,Not Available,5,8,Not Available,Not Available,Not Available,Not Available,5,11,1,0,1,0,,15,Not Available,5,10,7,
191306,WEST FELICIANA PARISH HOSPITAL,"5266 COMMERCE STREET, BUILDING B",SAINT FRANCISVILLE,LA,70775,WEST FELICIANA,(225) 635-3811,Critical Access Hospitals,Government - Hospital District or Authority,Yes,,Not Available,16,8,Not Available,Not Available,Not Available,Not Available,5,8,Not Available,Not Available,Not Available,Not Available,5,11,Not Available,Not Available,Not Available,Not Available,5,15,Not Available,5,10,3,
191307,DEQUINCY MEMORIAL HOSPITAL,110 WEST 4TH STREET,DEQUINCY,LA,70633,CALCASIEU,(337) 786-1200,Critical Access Hospitals,Proprietary,Yes,,Not Available,16,8,Not Available,Not Available,Not Available,Not Available,5,8,Not Available,Not Available,Not Available,Not Available,5,11,Not Available,Not Available,Not Available,Not Available,5,15,Not Available,5,10,3,
191308,PREVOST MEMORIAL HOSPITAL,301 MEMORIAL DR,DONALDSONVILLE,LA,70346,ASCENSION,(225) 473-7931,Critical Access Hospitals,Government - Hospital District or Authority,Yes,,Not Available,5,8,Not Available,Not Available,Not Available,Not Available,5,8,Not Available,Not Available,Not Available,Not Available,5,11,Not Available,Not Available,Not Available,Not Available,5,15,Not Available,5,10,Not Available,16
191309,HOOD MEMORIAL HOSPITAL,301 W WALNUT STREET,AMITE,LA,70422,TANGIPAHOA,(985) 748-9485,Critical Access Hospitals,Government - Hospital District or Authority,Yes,,Not Available,16,8,Not Available,Not Available,Not Available,Not Available,5,8,2,0,2,0,,11,Not Available,Not Available,Not Available,Not Available,5,15,Not Available,5,10,3,
191310,BAYOU BEND HEALTH SYSTEM,1097 NORTHWEST BLVD,FRANKLIN,LA,70538,ST. MARY,(337) 828-0760,Critical Access Hospitals,Government - Hospital District or Authority,Yes,Y,Not Available,16,8,2,0,2,0,,8,1,0,1,0,,11,2,1,1,0,,15,Not Available,5,10,8,
191311,BUNKIE GENERAL HOSPITAL,427 EVERGREEN STREET,BUNKIE,LA,71322,AVOYELLES,(318) 346-6681,Critical Access Hospitals,Government - Hospital District or Authority,Yes,,Not Available,16,8,Not Available,Not Available,Not Available,Not Available,5,8,Not Available,Not Available,Not Available,Not Available,5,11,Not Available,Not Available,Not Available,Not Available,5,15,Not Available,5,10,4,
191312,CHRISTUS COUSHATTA HEALTH CARE CENTER,1635 MARVEL STREET,COUSHATTA,LA,71019,RED RIVER,(318) 932-2000,Critical Access Hospitals,Voluntary non-profit - Private,Yes,,4,,8,4,0,4,0,,8,1,0,1,0,,11,4,0,4,0,,15,Not Available,5,10,3,
191313,RIVERSIDE MEDICAL CENTER,1900 SOUTH MAIN ST,FRANKLINTON,LA,70438,WASHINGTON,(985) 795-4431,Critical Access Hospitals,Government - Hospital District or Authority,Yes,,Not Available,16,8,Not Available,Not Available,Not Available,Not Available,5,8,Not Available,Not Available,Not Available,Not Available,5,11,3,0,3,0,,15,Not Available,5,10,4,
191314,MADISON PARISH HOSPITAL,900 JOHNSON STREET,TALLULAH,LA,71282,MADISON,(318) 574-2374,Critical Access Hospitals,Government - Hospital District or Authority,Yes,,Not Available,5,8,Not Available,Not Available,Not Available,Not Available,5,8,Not Available,Not Available,Not Available,Not Available,5,11,Not Available,Not Available,Not Available,Not Available,5,15,Not Available,5,10,1,16
191315,HARDTNER MEDICAL CENTER,1102 N PINE ROAD,OLLA,LA,71465,LASALLE,(318) 495-3131,Critical Access Hospitals,Government - Hospital District or Authority,Yes,,Not Available,16,8,2,0,2,0,,8,Not Available,Not Available,Not Available,Not Available,5,11,3,0,2,1,,15,Not Available,5,10,7,
191316,POINTE COUPEE GENERAL HOSPITAL,2202 FALSE RIVER DRIVE,NEW ROADS,LA,70760,POINTE COUPEE,(225) 638-6331,Critical Access Hospitals,Government - Hospital District or Authority,Yes,,Not Available,16,8,Not Available,Not Available,Not Available,Not Available,5,8,Not Available,Not Available,Not Available,Not Available,5,11,1,0,1,0,,15,Not Available,5,10,4,
191317,JACKSON PARISH HOSPITAL,165 BEECH SPRINGS ROAD,JONESBORO,LA,71251,JACKSON,(318) 259-4435,Critical Access Hospitals,Government - Hospital District or Authority,Yes,,Not Available,16,8,2,0,2,0,,8,Not Available,Not Available,Not Available,Not Available,5,11,3,0,3,0,,15,5,,10,7,
191318,RIVERLAND MEDICAL CENTER,6569 HWY 84,FERRIDAY,LA,71334,CONCORDIA,(318) 757-6551,Critical Access Hospitals,Government - Hospital District or Authority,Yes,,Not Available,16,8,4,0,4,0,,8,Not Available,Not Available,Not Available,Not Available,5,11,4,0,3,1,,15,Not Available,5,10,1,
191319,ACADIA ST LANDRY,810 SOUTH BROADWAY STREET,CHURCH POINT,LA,70525,ACADIA,(337) 684-5435,Critical Access Hospitals,Government - Hospital District or Authority,Yes,,Not Available,16,8,Not Available,Not Available,Not Available,Not Available,5,8,Not Available,Not Available,Not Available,Not Available,5,11,Not Available,Not Available,Not Available,Not Available,5,15,Not Available,5,10,Not Available,5
191320,BIENVILLE MEDICAL CENTER,1175 PINE STREET,ARCADIA,LA,71001,BIENVILLE,(318) 263-4700,Critical Access Hospitals,Proprietary,Yes,,Not Available,16,8,Not Available,Not Available,Not Available,Not Available,5,8,Not Available,Not Available,Not Available,Not Available,5,11,Not Available,Not Available,Not Available,Not Available,5,15,Not Available,5,10,2,
191321,LALLIE KEMP MEDICAL CENTER,52579 HIGHWAY 51 SOUTH,INDEPENDENCE,LA,70443,TANGIPAHOA,(985) 878-1333,Critical Access Hospitals,Government - State,Yes,,Not Available,16,8,Not Available,Not Available,Not Available,Not Available,5,8,Not Available,Not Available,Not Available,Not Available,5,11,1,0,1,0,,15,Not Available,5,10,5,
191322,ABROM KAPLAN MEMORIAL HOSPITAL,1310 WEST SEVENTH STREET,KAPLAN,LA,70548,VERMILION,(337) 643-8300,Critical Access Hospitals,Voluntary non-profit - Private,Yes,,Not Available,16,8,2,0,2,0,,8,Not Available,Not Available,Not Available,Not Available,5,11,3,1,2,0,,15,5,,10,7,
191323,RICHLAND PARISH HOSPITAL-DELHI,407 CINCINNATI STREET,DELHI,LA,71232,RICHLAND,(318) 878-5171,Critical Access Hospitals,Government - Hospital District or Authority,Yes,,Not Available,16,8,2,0,2,0,,8,Not Available,Not Available,Not Available,Not Available,5,11,4,0,3,1,,15,Not Available,5,10,6,
191324,OCHSNER ST ANNE GENERAL HOSPITAL,4608 HIGHWAY 1,RACELAND,LA,70394,LAFOURCHE,(985) 537-6841,Critical Access Hospitals,Voluntary non-profit - Other,Yes,Y,Not Available,16,8,2,0,2,0,,8,1,0,1,0,,11,4,1,3,0,,15,15,,10,7,
191325,LADY OF THE SEA GENERAL HOSPITAL,200 WEST 134TH PLACE,CUT OFF,LA,70345,LAFOURCHE,(985) 632-6401,Critical Access Hospitals,Government - Hospital District or Authority,Yes,,Not Available,16,8,Not Available,Not Available,Not Available,Not Available,5,8,Not Available,Not Available,Not Available,Not Available,5,11,Not Available,Not Available,Not Available,Not Available,5,15,Not Available,5,10,3,
191326,REEVES MEMORIAL MEDICAL CENTER,409 FIRST STREET,BERNICE,LA,71222,UNION,(318) 285-9066,Critical Access Hospitals,Government - Hospital District or Authority,Yes,,Not Available,16,8,1,0,1,0,,8,Not Available,Not Available,Not Available,Not Available,5,11,1,0,1,0,,15,Not Available,5,10,4,
191327,WEST CARROLL MEMORIAL HOSPITAL,706 ROSS STREET,OAK GROVE,LA,71263,WEST CARROLL,(318) 428-3237,Critical Access Hospitals,Proprietary,Yes,,Not Available,16,8,2,0,2,0,,8,Not Available,Not Available,Not Available,Not Available,5,11,3,0,3,0,,15,Not Available,5,10,4,
192008,SAGE SPECIALTY HOSPITAL,8375 FLORIDA BLVD,DENHAM SPRINGS,LA,70726,LIVINGSTON,(225) 665-2664,Long-term,Proprietary,No,,Not Available,19,Not Available,Not Available,Not Available,Not Available,Not Available,19,Not Available,Not Available,Not Available,Not Available,Not Available,19,Not Available,Not Available,Not Available,Not Available,Not Available,19,Not Available,Not Available,19,Not Available,Not Available,19
192010,INTENSIVE SPECIALTY HOSPITAL,1800 IRVING PLACE,SHREVEPORT,LA,71101,CADDO,(318) 425-4096,Long-term,Voluntary non-profit - Private,No,,Not Available,19,Not Available,Not Available,Not Available,Not Available,Not Available,19,Not Available,Not Available,Not Available,Not Available,Not Available,19,Not Available,Not Available,Not Available,Not Available,Not Available,19,Not Available,Not Available,19,Not Available,Not Available,19
193300,CHILDRENS HOSPITAL,200 HENRY CLAY AVE,NEW ORLEANS,LA,70118,ORLEANS,(504) 899-9511,Childrens,Voluntary non-profit - Private,Yes,,Not Available,19,Not Available,Not Available,Not Available,Not Available,Not Available,19,Not Available,Not Available,Not Available,Not Available,Not Available,19,Not Available,Not Available,Not Available,Not Available,Not Available,19,Not Available,Not Available,19,Not Available,Not Available,19
194007,NORTHLAKE BEHAVIORAL HEALTH SYSTEM,23515 HIGHWAY 190,MANDEVILLE,LA,70470,ST. TAMMANY,(985) 626-6300,Psychiatric,Voluntary non-profit - Private,No,,Not Available,19,Not Available,Not Available,Not Available,Not Available,Not Available,19,Not Available,Not Available,Not Available,Not Available,Not Available,19,Not Available,Not Available,Not Available,Not Available,Not Available,19,Not Available,Not Available,19,Not Available,Not Available,19
194008,EASTERN LA MENTAL HEALTH SYSTEM,4502 HIGHWAY 951,JACKSON,LA,70748,EAST FELICIANA,(225) 634-0100,Psychiatric,Government - State,No,,Not Available,19,Not Available,Not Available,Not Available,Not Available,Not Available,19,Not Available,Not Available,Not Available,Not Available,Not Available,19,Not Available,Not Available,Not Available,Not Available,Not Available,19,Not Available,Not Available,19,Not Available,Not Available,19
194020,BRENTWOOD HOSPITAL,1006 HIGHLAND AVENUE,SHREVEPORT,LA,71106,CADDO,(318) 678-7500,Psychiatric,Proprietary,No,,Not Available,19,Not Available,Not Available,Not Available,Not Available,Not Available,19,Not Available,Not Available,Not Available,Not Available,Not Available,19,Not Available,Not Available,Not Available,Not Available,Not Available,19,Not Available,Not Available,19,Not Available,Not Available,19
194022,LONGLEAF HOSPITAL,44 VERSAILLES BLVD,ALEXANDRIA,LA,71303,RAPIDES,(318) 445-5111,Psychiatric,Proprietary,No,,Not Available,19,Not Available,Not Available,Not Available,Not Available,Not Available,19,Not Available,Not Available,Not Available,Not Available,Not Available,19,Not Available,Not Available,Not Available,Not Available,Not Available,19,Not Available,Not Available,19,Not Available,Not Available,19
194025,CENTRAL LOUISIANA STATE HOSPITAL,242 W SHAMROCK STREET,PINEVILLE,LA,71360,RAPIDES,(318) 484-6200,Psychiatric,Government - State,No,,Not Available,19,Not Available,Not Available,Not Available,Not Available,Not Available,19,Not Available,Not Available,Not Available,Not Available,Not Available,19,Not Available,Not Available,Not Available,Not Available,Not Available,19,Not Available,Not Available,19,Not Available,Not Available,19
194031,RIVER OAKS HOSPITAL,1525 RIVER OAKS WEST,NEW ORLEANS,LA,70123,JEFFERSON,(504) 734-1740,Psychiatric,Proprietary,No,,Not Available,19,Not Available,Not Available,Not Available,Not Available,Not Available,19,Not Available,Not Available,Not Available,Not Available,Not Available,19,Not Available,Not Available,Not Available,Not Available,Not Available,19,Not Available,Not Available,19,Not Available,Not Available,19
194044,VERMILION BEHAVIORAL HEALTH SYSTEMS,2520 N UNIVERSITY AVENUE,LAFAYETTE,LA,70507,LAFAYETTE,(337) 234-5614,Psychiatric,Proprietary,No,,Not Available,19,Not Available,Not Available,Not Available,Not Available,Not Available,19,Not Available,Not Available,Not Available,Not Available,Not Available,19,Not Available,Not Available,Not Available,Not Available,Not Available,19,Not Available,Not Available,19,Not Available,Not Available,19
194056,COMMUNITY CARE HOSPITAL,1421 GENERAL TAYLOR,NEW ORLEANS,LA,70115,ORLEANS,(504) 899-2500,Psychiatric,Proprietary,No,,Not Available,19,Not Available,Not Available,Not Available,Not Available,Not Available,19,Not Available,Not Available,Not Available,Not Available,Not Available,19,Not Available,Not Available,Not Available,Not Available,Not Available,19,Not Available,Not Available,19,Not Available,Not Available,19
194069,GREENBRIER BEHAVIORAL HEALTH,201 GREENBRIAR BLVD,COVINGTON,LA,70433,ST. TAMMANY,(985) 893-2970,Psychiatric,Proprietary,No,,Not Available,19,Not Available,Not Available,Not Available,Not Available,Not Available,19,Not Available,Not Available,Not Available,Not Available,Not Available,19,Not Available,Not Available,Not Available,Not Available,Not Available,19,Not Available,Not Available,19,Not Available,Not Available,19
194073,OCEANS HOSPITAL OF BROUSSARD,420 ALBERTSONS PARKWAY,BROUSSARD,LA,70518,LAFAYETTE,(337) 839-9008,Psychiatric,Proprietary,No,,Not Available,19,Not Available,Not Available,Not Available,Not Available,Not Available,19,Not Available,Not Available,Not Available,Not Available,Not Available,19,Not Available,Not Available,Not Available,Not Available,Not Available,19,Not Available,Not Available,19,Not Available,Not Available,19
194074,SERENITY SPRINGS SPECIALTY HOSPITAL,1495 FRAZIER ROAD,RUSTON,LA,71270,LINCOLN,(318) 202-3860,Psychiatric,Proprietary,No,,Not Available,19,Not Available,Not Available,Not Available,Not Available,Not Available,19,Not Available,Not Available,Not Available,Not Available,Not Available,19,Not Available,Not Available,Not Available,Not Available,Not Available,19,Not Available,Not Available,19,Not Available,Not Available,19
194079,"RED RIVER BEHAVIORAL CENTER, LLC",2800 MELROSE AVENUE,BOSSIER CITY,LA,71111,BOSSIER,(318) 549-2033,Psychiatric,Proprietary,No,,Not Available,19,Not Available,Not Available,Not Available,Not Available,Not Available,19,Not Available,Not Available,Not Available,Not Available,Not Available,19,Not Available,Not Available,Not Available,Not Available,Not Available,19,Not Available,Not Available,19,Not Available,Not Available,19
194080,"BEACON BEHAVIORAL HOSPITAL - NORTHSHORE, LLC","64026 HWY 434, SUITE 300 (3RD FLOOR)",LACOMBE,LA,70445,ST. TAMMANY,(985) 882-0226,Psychiatric,Proprietary,No,,Not Available,19,Not Available,Not Available,Not Available,Not Available,Not Available,19,Not Available,Not Available,Not Available,Not Available,Not Available,19,Not Available,Not Available,Not Available,Not Available,Not Available,19,Not Available,Not Available,19,Not Available,Not Available,19
194081,OCEANS BEHAVIORAL HOSPITAL OF DERIDDER,1420 BLANKENSHIP DRIVE,DERIDDER,LA,70634,BEAUREGARD,(337) 460-9472,Psychiatric,Proprietary,No,,Not Available,19,Not Available,Not Available,Not Available,Not Available,Not Available,19,Not Available,Not Available,Not Available,Not Available,Not Available,19,Not Available,Not Available,Not Available,Not Available,Not Available,19,Not Available,Not Available,19,Not Available,Not Available,19
194082,COMPASS SENIOR CARE HOSPITAL,"1 HOSPITAL DRIVE, SUITE 201",JENNINGS,LA,70546,JEFFRSON DAVIS,(337) 824-1558,Psychiatric,Proprietary,No,,Not Available,19,Not Available,Not Available,Not Available,Not Available,Not Available,19,Not Available,Not Available,Not Available,Not Available,Not Available,19,Not Available,Not Available,Not Available,Not Available,Not Available,19,Not Available,Not Available,19,Not Available,Not Available,19
194083,FREEDOM BEHAVIORAL HOSPITAL OF BASTROP,4673 EUGENE WARE ROAD,BASTROP,LA,71220,MOREHOUSE,(318) 281-2448,Psychiatric,Proprietary,Yes,,Not Available,19,Not Available,Not Available,Not Available,Not Available,Not Available,19,Not Available,Not Available,Not Available,Not Available,Not Available,19,Not Available,Not Available,Not Available,Not Available,Not Available,19,Not Available,Not Available,19,Not Available,Not Available,19
194084,"BEACON BEHAVIORAL HOSPITAL- NEW ORLEANS, LLC",14500 HAYNES BLVD,NEW ORLEANS,LA,70128,ORLEANS,(504) 210-0460,Psychiatric,Proprietary,No,,Not Available,19,Not Available,Not Available,Not Available,Not Available,Not Available,19,Not Available,Not Available,Not Available,Not Available,Not Available,19,Not Available,Not Available,Not Available,Not Available,Not Available,19,Not Available,Not Available,19,Not Available,Not Available,19
194085,COMPASS BEHAVIORAL CENTER OF LAFAYETTE,312 YOUNGSVILLE HIGHWAY,LAFAYETTE,LA,70508,LAFAYETTE,(337) 534-4655,Psychiatric,Proprietary,No,,Not Available,19,Not Available,Not Available,Not Available,Not Available,Not Available,19,Not Available,Not Available,Not Available,Not Available,Not Available,19,Not Available,Not Available,Not Available,Not Available,Not Available,19,Not Available,Not Available,19,Not Available,Not Available,19
194086,OCEANS BEHAVIORAL HOSPITAL OF BATON ROUGE,11135 FLORIDA BLVD,BATON ROUGE,LA,70815,E. BATON ROUGE,(225) 356-7030,Psychiatric,Proprietary,No,,Not Available,19,Not Available,Not Available,Not Available,Not Available,Not Available,19,Not Available,Not Available,Not Available,Not Available,Not Available,19,Not Available,Not Available,Not Available,Not Available,Not Available,19,Not Available,Not Available,19,Not Available,Not Available,19
194087,FREEDOM BEHAVIORAL HOSPITAL OF MONROE,4402 STERLINGTON ROAD,MONROE,LA,71203,OUACHITA,(318) 966-4686,Psychiatric,Proprietary,No,,Not Available,19,Not Available,Not Available,Not Available,Not Available,Not Available,19,Not Available,Not Available,Not Available,Not Available,Not Available,19,Not Available,Not Available,Not Available,Not Available,Not Available,19,Not Available,Not Available,19,Not Available,Not Available,19
194088,"ST JAMES BEHAVIORAL HEALTH HOSPITAL, INC",3136 SOUTH ST LANDRY ROAD,GONZALES,LA,70737,ASCENSION,(225) 647-7524,Psychiatric,Physician,No,,Not Available,19,Not Available,Not Available,Not Available,Not Available,Not Available,19,Not Available,Not Available,Not Available,Not Available,Not Available,19,Not Available,Not Available,Not Available,Not Available,Not Available,19,Not Available,Not Available,19,Not Available,Not Available,19
194089,GENESIS BEHAVIORAL HOSPITAL,606 LATIOLAIS ROAD,BREAUX BRIDGE,LA,70517,ST. MARTIN,(337) 442-6254,Psychiatric,Proprietary,No,,Not Available,19,Not Available,Not Available,Not Available,Not Available,Not Available,19,Not Available,Not Available,Not Available,Not Available,Not Available,19,Not Available,Not Available,Not Available,Not Available,Not Available,19,Not Available,Not Available,19,Not Available,Not Available,19
194090,OCEANS BEHAVIORAL HOSPITAL OF LAKE CHARLES,302 W MCNEESE ST,LAKE CHARLES,LA,70605,CALCASIEU,(337) 474-7581,Psychiatric,Proprietary,No,,Not Available,19,Not Available,Not Available,Not Available,Not Available,Not Available,19,Not Available,Not Available,Not Available,Not Available,Not Available,19,Not Available,Not Available,Not Available,Not Available,Not Available,19,Not Available,Not Available,19,Not Available,Not Available,19
194091,OCEANS BEHAVIORAL HOSPITAL OF KENTWOOD,921 AVENUE G,KENTWOOD,LA,70444,TANGIPAHOA,(985) 229-0717,Psychiatric,Proprietary,No,,Not Available,19,Not Available,Not Available,Not Available,Not Available,Not Available,19,Not Available,Not Available,Not Available,Not Available,Not Available,19,Not Available,Not Available,Not Available,Not Available,Not Available,19,Not Available,Not Available,19,Not Available,Not Available,19
194094,PHYSICIANS BEHAVIORAL HOSPITAL,2025 DESOTO ST,SHREVEPORT,LA,71103,CADDO,(318) 550-0520,Psychiatric,Proprietary,No,,Not Available,19,Not Available,Not Available,Not Available,Not Available,Not Available,19,Not Available,Not Available,Not Available,Not Available,Not Available,19,Not Available,Not Available,Not Available,Not Available,Not Available,19,Not Available,Not Available,19,Not Available,Not Available,19
194095,OCEANS BEHAVIORAL HOSPITAL OF OPELOUSAS,1310 HEATHER DRIVE,OPELOUSAS,LA,70570,ST. LANDRY,(337) 948-8820,Psychiatric,Proprietary,No,,Not Available,19,Not Available,Not Available,Not Available,Not Available,Not Available,19,Not Available,Not Available,Not Available,Not Available,Not Available,19,Not Available,Not Available,Not Available,Not Available,Not Available,19,Not Available,Not Available,19,Not Available,Not Available,19
194096,OCEANS BEHAVIORAL HOSPITAL OF ALEXANDRIA,2621 NORTH BOLTON AVENUE,ALEXANDRIA,LA,71303,RAPIDES,(318) 448-8473,Psychiatric,Proprietary,No,,Not Available,19,Not Available,Not Available,Not Available,Not Available,Not Available,19,Not Available,Not Available,Not Available,Not Available,Not Available,19,Not Available,Not Available,Not Available,Not Available,Not Available,19,Not Available,Not Available,19,Not Available,Not Available,19
194098,OCEANS BEHAVIORAL HOSPITAL OF GREATER NEW ORLEANS,716 VILLAGE ROAD,KENNER,LA,70065,JEFFERSON,(504) 464-8895,Psychiatric,Proprietary,No,,Not Available,19,Not Available,Not Available,Not Available,Not Available,Not Available,19,Not Available,Not Available,Not Available,Not Available,Not Available,19,Not Available,Not Available,Not Available,Not Available,Not Available,19,Not Available,Not Available,19,Not Available,Not Available,19
194102,"BEACON BEHAVIORAL HOSPITAL, LLC",2471 LOUISIANA AVE,LUTCHER,LA,70071,ST. JAMES,(225) 258-6103,Psychiatric,Proprietary,No,,Not Available,19,Not Available,Not Available,Not Available,Not Available,Not Available,19,Not Available,Not Available,Not Available,Not Available,Not Available,19,Not Available,Not Available,Not Available,Not Available,Not Available,19,Not Available,Not Available,19,Not Available,Not Available,19
194103,SEASIDE HEALTH SYSTEM,4363 CONVENTION STREET,BATON ROUGE,LA,70806,E. BATON ROUGE,(225) 522-4076,Psychiatric,Government - Federal,No,,Not Available,19,Not Available,Not Available,Not Available,Not Available,Not Available,19,Not Available,Not Available,Not Available,Not Available,Not Available,19,Not Available,Not Available,Not Available,Not Available,Not Available,19,Not Available,Not Available,19,Not Available,Not Available,19
194105,"APOLLO BEHAVIORAL HEALTH HOSPITAL, L L C",9938 AIRLINE HWY,BATON ROUGE,LA,70809,E. BATON ROUGE,(225) 663-2881,Psychiatric,Proprietary,No,,Not Available,19,Not Available,Not Available,Not Available,Not Available,Not Available,19,Not Available,Not Available,Not Available,Not Available,Not Available,19,Not Available,Not Available,Not Available,Not Available,Not Available,19,Not Available,Not Available,19,Not Available,Not Available,19
194106,"COMPASS BEHAVIORAL CENTER OF ALEXANDRIA, INC",6410 MASONIC DRIVE,ALEXANDRIA,LA,71301,RAPIDES,(318) 442-3163,Psychiatric,Proprietary,No,,Not Available,19,Not Available,Not Available,Not Available,Not Available,Not Available,19,Not Available,Not Available,Not Available,Not Available,Not Available,19,Not Available,Not Available,Not Available,Not Available,Not Available,19,Not Available,Not Available,19,Not Available,Not Available,19
194107,BATON ROUGE BEHAVIORAL HOSPITAL,4040 NORTH BLVD.,BATON ROUGE,LA,70806,E. BATON ROUGE,(225) 300-8470,Psychiatric,Proprietary,No,,Not Available,19,Not Available,Not Available,Not Available,Not Available,Not Available,19,Not Available,Not Available,Not Available,Not Available,Not Available,19,Not Available,Not Available,Not Available,Not Available,Not Available,19,Not Available,Not Available,19,Not Available,Not Available,19
194109,"COMPASS BEHAVIORAL CENTER OF HOUMA, LLC",4701 WEST PARK AVENUE,HOUMA,LA,70364,TERREBONNE,(985) 876-1715,Psychiatric,Proprietary,No,,Not Available,19,Not Available,Not Available,Not Available,Not Available,Not Available,19,Not Available,Not Available,Not Available,Not Available,Not Available,19,Not Available,Not Available,Not Available,Not Available,Not Available,19,Not Available,Not Available,19,Not Available,Not Available,19
194112,BEACON BEHAVIORAL HOSPITAL - CENTRAL,"323 EVERGREEN STREET, SUITE B",BUNKIE,LA,71322,AVOYELLES,(318) 346-3143,Psychiatric,Proprietary,No,,Not Available,19,Not Available,Not Available,Not Available,Not Available,Not Available,19,Not Available,Not Available,Not Available,Not Available,Not Available,19,Not Available,Not Available,Not Available,Not Available,Not Available,19,Not Available,Not Available,19,Not Available,Not Available,19
194113,PERIMETER BEHAVIORAL HOSPITAL OF NEW ORLEANS,3639 LOYOLA AVENUE,KENNER,LA,70065,JEFFERSON,(504) 305-2700,Psychiatric,Proprietary,No,,Not Available,19,Not Available,Not Available,Not Available,Not Available,Not Available,19,Not Available,Not Available,Not Available,Not Available,Not Available,19,Not Available,Not Available,Not Available,Not Available,Not Available,19,Not Available,Not Available,19,Not Available,Not Available,19
194114,RIVER PLACE BEHAVIORAL HEALTH,500 RUE DE SANTE,LAPLACE,LA,70068,ST. JOHN BAPTIST,(985) 303-2327,Psychiatric,Proprietary,No,,Not Available,19,Not Available,Not Available,Not Available,Not Available,Not Available,19,Not Available,Not Available,Not Available,Not Available,Not Available,19,Not Available,Not Available,Not Available,Not Available,Not Available,19,Not Available,Not Available,19,Not Available,Not Available,19
194115,REGIONS BEHAVIORAL HOSPITAL,8416 CUMBERLAND,BATON ROUGE,LA,70806,E. BATON ROUGE,(225) 408-6060,Psychiatric,Proprietary,No,,Not Available,19,Not Available,Not Available,Not Available,Not Available,Not Available,19,Not Available,Not Available,Not Available,Not Available,Not Available,19,Not Available,Not Available,Not Available,Not Available,Not Available,19,Not Available,Not Available,19,Not Available,Not Available,19
194116,LOUISIANA BEHAVIORAL HEALTH,9320 LINWOOD AVENUE,SHREVEPORT,LA,71106,CADDO,(318) 644-8830,Psychiatric,Proprietary,No,,Not Available,19,Not Available,Not Available,Not Available,Not Available,Not Available,19,Not Available,Not Available,Not Available,Not Available,Not Available,19,Not Available,Not Available,Not Available,Not Available,Not Available,19,Not Available,Not Available,19,Not Available,Not Available,19
194117,UNIVERSAL BEHAVIORAL HEALTH HOSPITAL,800 S OAK ST,HAMMOND,LA,70403,TANGIPAHOA,(504) 615-6419,Psychiatric,Proprietary,No,,Not Available,19,Not Available,Not Available,Not Available,Not Available,Not Available,19,Not Available,Not Available,Not Available,Not Available,Not Available,19,Not Available,Not Available,Not Available,Not Available,Not Available,19,Not Available,Not Available,19,Not Available,Not Available,19
194118,MERCY BEHAVIORAL HOSPITAL,2810 US HWY 71 S,LECOMPTE,LA,71346,RAPIDES,(318) 443-4000,Psychiatric,Proprietary,No,,Not Available,19,Not Available,Not Available,Not Available,Not Available,Not Available,19,Not Available,Not Available,Not Available,Not Available,Not Available,19,Not Available,Not Available,Not Available,Not Available,Not Available,19,Not Available,Not Available,19,Not Available,Not Available,19
194119,FREEDOM BEHAVIORAL HOSPITAL OF FERRIDAY,1700 EE WALLACE BLVD. N,FERRIDAY,LA,71334,CONCORDIA,(318) 740-2400,Psychiatric,Proprietary,No,,Not Available,19,Not Available,Not Available,Not Available,Not Available,Not Available,19,Not Available,Not Available,Not Available,Not Available,Not Available,19,Not Available,Not Available,Not Available,Not Available,Not Available,19,Not Available,Not Available,19,Not Available,Not Available,19
194120,STONEBRIDGE BEHAVIORAL HOSPITAL,"2837 ERNEST STREET, SUITE A",LAKE CHARLES,LA,70601,CALCASIEU,(337) 439-8111,Psychiatric,Proprietary,No,,Not Available,19,Not Available,Not Available,Not Available,Not Available,Not Available,19,Not Available,Not Available,Not Available,Not Available,Not Available,19,Not Available,Not Available,Not Available,Not Available,Not Available,19,Not Available,Not Available,19,Not Available,Not Available,19
194121,FREEDOM BEHAVIORAL HOSPITAL OF LEESVILLE,1103 PORT ARTHUR TERRACE,LEESVILLE,LA,71446,VERNON,(337) 509-4003,Psychiatric,Proprietary,No,,Not Available,19,Not Available,Not Available,Not Available,Not Available,Not Available,19,Not Available,Not Available,Not Available,Not Available,Not Available,19,Not Available,Not Available,Not Available,Not Available,Not Available,19,Not Available,Not Available,19,Not Available,Not Available,19
250001,UNIVERSITY OF MISSISSIPPI MED CENTER,2500 N STATE ST,JACKSON,MS,39216,HINDS,(601) 984-4100,Acute Care Hospitals,Government - State,Yes,Y,2,,8,8,0,7,1,,8,8,3,3,2,,11,11,0,10,1,,15,15,,10,8,
250002,TISHOMINGO HEALTH SERVICES INC,1777 CURTIS DRIVE,IUKA,MS,38852,TISHOMINGO,(662) 423-6051,Acute Care Hospitals,Voluntary non-profit - Private,Yes,,2,,8,4,0,4,0,,8,Not Available,Not Available,Not Available,Not Available,5,11,4,0,4,0,,15,Not Available,5,10,6,
250004,NORTH MISSISSIPPI MEDICAL CENTER,830 S GLOSTER STREET,TUPELO,MS,38801,LEE,(662) 377-6608,Acute Care Hospitals,Voluntary non-profit - Private,Yes,Y,2,,8,8,0,4,4,,8,7,2,4,1,,11,11,2,8,1,,15,15,,10,9,
250006,BAPTIST MEMORIAL HOSPITAL UNION COUNTY,200 HWY 30 WEST,NEW ALBANY,MS,38652,UNION,(662) 538-7631,Acute Care Hospitals,Voluntary non-profit - Other,Yes,Y,4,23,8,5,0,5,0,,8,2,1,1,0,23,11,8,0,7,1,,15,15,,10,10,
250007,Memorial Hospital Biloxi,150 REYNOIR STREET,BILOXI,MS,39530,HARRISON,(228) 432-1571,Acute Care Hospitals,Proprietary,Yes,Y,1,,8,5,0,5,0,,8,3,1,2,0,,11,5,0,3,2,,15,15,,10,7,
250009,MAGNOLIA REGIONAL HEALTH CENTER,611 ALCORN DRIVE,CORINTH,MS,38834,ALCORN,(662) 293-1000,Acute Care Hospitals,Voluntary non-profit - Other,Yes,Y,2,,8,8,0,5,3,,8,7,0,6,1,,11,8,1,7,0,,15,15,,10,9,
250017,PROGRESSIVE HEALTH GROUP OF HOUSTON,1002 EAST MADISON STREET,HOUSTON,MS,38851,CHICKASAW,(662) 456-3700,Acute Care Hospitals,Proprietary,No,,Not Available,16,8,Not Available,Not Available,Not Available,Not Available,5,8,Not Available,Not Available,Not Available,Not Available,5,11,Not Available,Not Available,Not Available,Not Available,5,15,Not Available,5,10,1,
250018,JASPER GENERAL HOSPITAL,15 SOUTH 6TH STREET,BAY SPRINGS,MS,39422,JASPER,(601) 764-2101,Acute Care Hospitals,Government - Local,No,,Not Available,16,8,Not Available,Not Available,Not Available,Not Available,5,8,Not Available,Not Available,Not Available,Not Available,5,11,Not Available,Not Available,Not Available,Not Available,5,15,Not Available,5,10,1,
250019,MEMORIAL HOSPITAL AT GULFPORT,4500 13TH STREET,GULFPORT,MS,39502,HARRISON,(228) 867-4000,Acute Care Hospitals,Government - Local,Yes,Y,3,,8,8,0,8,0,,8,8,2,6,0,,11,11,0,10,1,,15,15,,10,10,
250020,WEBSTER GENERAL HOSPITAL/ SWING BED,70 MEDICAL PLAZA,EUPORA,MS,39744,WEBSTER,(662) 258-6221,Acute Care Hospitals,Voluntary non-profit - Other,Yes,,4,,8,5,0,4,1,,8,1,0,1,0,,11,4,2,2,0,,15,Not Available,5,10,6,
250025,NORTH MISSISSIPPI MEDICAL CENTER-GILMORE AMORY,1105 EARL FRYE BLVD,AMORY,MS,38821,MONROE,(662) 256-7111,Acute Care Hospitals,Proprietary,Yes,Y,3,,8,4,0,3,1,,8,4,0,4,0,,11,6,0,6,0,,15,10,,10,8,
250027,WINSTON MEDICAL CENTER,17550 EAST MAIN STREET,LOUISVILLE,MS,39339,WINSTON,(662) 779-5124,Acute Care Hospitals,Voluntary non-profit - Private,Yes,,Not Available,16,8,2,0,2,0,,8,Not Available,Not Available,Not Available,Not Available,5,11,2,1,1,0,,15,Not Available,5,10,6,
250031,MERIT HEALTH RIVER REGION,2100 HWY 61 N,VICKSBURG,MS,39183,WARREN,(601) 883-5000,Acute Care Hospitals,Proprietary,Yes,Y,2,,8,8,0,7,1,,8,6,2,4,0,,11,8,0,6,2,,15,15,,10,8,
250034,BAPTIST MEMORIAL HOSPITAL NORTH MS,1100 BELK BLVD,OXFORD,MS,38655,LAFAYETTE,(662) 232-8100,Acute Care Hospitals,Voluntary non-profit - Private,Yes,Y,4,,8,8,0,8,0,,8,7,2,5,0,,11,9,0,7,2,,15,15,,10,9,
250036,GEORGE REGIONAL HEALTH SYSTEM,859 WINTER STREET,LUCEDALE,MS,39452,GEORGE,(601) 947-3161,Acute Care Hospitals,Government - Local,Yes,Y,1,,8,3,0,1,2,,8,2,0,2,0,,11,4,0,3,1,,15,15,,10,7,
250038,MERIT HEALTH MADISON,161 RIVER OAKS DRIVE,CANTON,MS,39046,MADISON,(601) 855-4000,Acute Care Hospitals,Proprietary,Yes,,3,,8,4,0,4,0,,8,2,0,2,0,,11,6,0,4,2,,15,15,,10,7,
250040,SINGING RIVER HEALTH SYSTEM,2809 DENNY AV,PASCAGOULA,MS,39581,JACKSON,(228) 809-5000,Acute Care Hospitals,Government - Local,Yes,Y,1,,8,8,0,5,3,,8,8,3,5,0,,11,11,0,8,3,,15,15,,10,9,
250042,NORTHWEST MISSISSISSIPPI REGIONAL MEDICAL CENTER,1970 HOSPITAL DRIVE,CLARKSDALE,MS,38614,COAHOMA,(662) 627-3211,Acute Care Hospitals,Proprietary,Yes,Y,3,,8,3,0,3,0,,8,1,0,1,0,,11,3,1,2,0,,15,Not Available,5,10,6,
250043,NESHOBA COUNTY GENERAL HOSPITAL,1001 HOLLAND AVENUE,PHILADELPHIA,MS,39350,NESHOBA,(601) 663-1200,Acute Care Hospitals,Government - Local,Yes,,3,,8,5,0,5,0,,8,Not Available,Not Available,Not Available,Not Available,5,11,5,1,3,1,,15,5,,10,8,
250044,BAPTIST MEMORIAL HOSPITAL BOONEVILLE,100 HOSPITAL STREET,BOONEVILLE,MS,38829,PRENTISS,(662) 720-5000,Acute Care Hospitals,Voluntary non-profit - Church,Yes,,3,23,8,4,0,4,0,,8,2,0,2,0,23,11,6,1,5,0,,15,5,,10,8,
250048,ST DOMINIC-JACKSON MEMORIAL HOSPITAL,969 LAKELAND DR,JACKSON,MS,39216,HINDS,(601) 200-2000,Acute Care Hospitals,Voluntary non-profit - Church,Yes,Y,2,,8,8,0,6,2,,8,8,2,6,0,,11,11,0,9,2,,15,15,,10,8,
250049,BEACHAM MEMORIAL HOSPITAL,205 N CHERRY STREET / PO BOX 351,MAGNOLIA,MS,39652,PIKE,(601) 783-2353,Acute Care Hospitals,Proprietary,No,,Not Available,16,8,2,0,2,0,,8,Not Available,Not Available,Not Available,Not Available,5,11,2,0,2,0,,15,Not Available,5,10,1,
250050,BAPTIST MEMORIAL HOSPITAL-OKTIBBEHA COUNTY,400 HOSPITAL ROAD,STARKVILLE,MS,39759,OKTIBBEHA,(662) 323-4320,Acute Care Hospitals,Government - Local,Yes,Y,2,,8,4,0,3,1,,8,2,0,2,0,,11,5,0,4,1,,15,15,,10,8,
250057,KING'S DAUGHTERS MEDICAL CENTER-BROOKHAVEN,P O BOX 948/427 HIGHWAY 51 NORTH,BROOKHAVEN,MS,39601,LINCOLN,(601) 833-6011,Acute Care Hospitals,Voluntary non-profit - Other,Yes,Y,3,,8,4,0,3,1,,8,2,0,2,0,,11,6,1,5,0,,15,15,,10,10,
250058,SOUTH CENTRAL REG MED CTR,1220 JEFFERSON ST BOX 607,LAUREL,MS,39440,JONES,(601) 426-4000,Acute Care Hospitals,Government - Local,Yes,Y,1,,8,7,0,4,3,,8,7,1,4,2,,11,9,0,6,3,,15,15,,10,8,
250061,YALOBUSHA GENERAL HOSPITAL,630 SOUTH MAIN STREET,WATER VALLEY,MS,38965,YALOBUSHA,(662) 473-1411,Acute Care Hospitals,Government - Local,No,,Not Available,16,8,3,0,3,0,,8,Not Available,Not Available,Not Available,Not Available,5,11,4,0,3,1,,15,Not Available,5,10,2,
250067,CLAY COUNTY MEDICAL CORPORATION,150 MEDICAL CENTER DRIVE,WEST POINT,MS,39773,CLAY,(662) 495-2300,Acute Care Hospitals,Voluntary non-profit - Private,Yes,Y,3,,8,3,0,3,0,,8,2,0,2,0,,11,7,1,6,0,,15,5,,10,8,
250069,OCHSNER RUSH HOSPITAL,1314 19TH AVE,MERIDIAN,MS,39301,LAUDERDALE,(601) 483-0011,Acute Care Hospitals,Voluntary non-profit - Private,Yes,Y,3,,8,7,0,6,1,,8,7,1,6,0,,11,8,1,6,1,,15,15,,10,8,
250072,MERIT HEALTH CENTRAL,1850 CHADWICK DR,JACKSON,MS,39204,HINDS,(601) 376-1000,Acute Care Hospitals,Proprietary,Yes,Y,3,,8,5,0,5,0,,8,3,1,2,0,,11,5,0,4,1,,15,Not Available,5,10,6,
250077,WAYNE GENERAL HOSPITAL,950 MATTHEW DR,WAYNESBORO,MS,39367,WAYNE,(601) 735-5151,Acute Care Hospitals,Government - Local,Yes,Y,3,,8,5,0,5,0,,8,3,0,3,0,,11,5,0,5,0,,15,5,,10,7,
250078,FORREST GENERAL HOSPITAL,6051 US HIGHWAY 49,HATTIESBURG,MS,39401,FORREST,(601) 288-7000,Acute Care Hospitals,Government - Local,Yes,Y,2,,8,8,0,6,2,,8,8,2,5,1,,11,11,0,8,3,,15,15,,10,8,
250081,ANDERSON REGIONAL MEDICAL CENTER SOUTH CAMPUS,1102 CONSTITUTION AVENUE,MERIDIAN,MS,39301,LAUDERDALE,(601) 484-3590,Acute Care Hospitals,Proprietary,Yes,,Not Available,16,8,Not Available,Not Available,Not Available,Not Available,5,8,1,0,1,0,,11,Not Available,Not Available,Not Available,Not Available,5,15,5,,10,1,
250082,DELTA HEALTH SYSTEM - THE MEDICAL CENTER,1400 E UNION ST,GREENVILLE,MS,38701,WASHINGTON,(662) 378-3783,Acute Care Hospitals,Government - Local,Yes,Y,1,,8,6,0,2,4,,8,4,1,3,0,,11,9,0,6,3,,15,15,,10,9,
250084,MERIT HEALTH NATCHEZ,52 SERGEANT PRENTISS DRIVE,NATCHEZ,MS,39120,ADAMS,(601) 443-2100,Acute Care Hospitals,Proprietary,Yes,Y,2,,8,5,0,4,1,,8,3,0,3,0,,11,6,0,5,1,,15,15,,10,8,
250085,MARION GENERAL HOSPITAL,1560 SUMRALL RD,COLUMBIA,MS,39429,MARION,(601) 736-6303,Acute Care Hospitals,Government - Local,Yes,,1,,8,4,0,4,0,,8,1,0,1,0,,11,3,0,2,1,,15,Not Available,5,10,6,
250093,BOLIVAR MEDICAL CENTER,901 E SUNFLOWER RD,CLEVELAND,MS,38732,BOLIVAR,(662) 846-0061,Acute Care Hospitals,Proprietary,Yes,Y,1,,8,5,0,4,1,,8,3,0,3,0,,11,6,0,5,1,,15,15,,10,7,
250094,MERIT HEALTH WESLEY,5001 W HARDY ST,HATTIESBURG,MS,39402,LAMAR,(601) 268-8000,Acute Care Hospitals,Voluntary non-profit - Private,Yes,Y,2,,8,8,0,8,0,,8,8,1,7,0,,11,9,0,6,3,,15,15,,10,7,
250095,SOUTH SUNFLOWER COUNTY HOSPITAL,121 EAST BAKER STREET,INDIANOLA,MS,38751,SUNFLOWER,(662) 887-5235,Acute Care Hospitals,Government - Local,Yes,Y,2,,8,3,0,3,0,,8,1,0,1,0,,11,4,1,2,1,,15,5,,10,7,
250096,CROSSGATES RIVER OAKS HOSPITAL,350 CROSSGATES BLVD,BRANDON,MS,39042,RANKIN,(601) 825-2811,Acute Care Hospitals,Proprietary,Yes,,2,,8,4,0,4,0,,8,1,0,1,0,,11,6,0,5,1,,15,5,,10,7,
250097,SOUTHWEST MS REGIONAL MEDICAL CENTER,215 MARION AV BOX 1307,MCCOMB,MS,39649,PIKE,(601) 249-5500,Acute Care Hospitals,Government - Local,Yes,Y,2,,8,6,0,5,1,,8,5,1,4,0,,11,9,0,7,2,,15,15,,10,9,
250099,GREENWOOD LEFLORE HOSPITAL,1401 RIVER RD,GREENWOOD,MS,38930,LEFLORE,(662) 459-7000,Acute Care Hospitals,Government - Local,Yes,,1,,8,4,0,3,1,,8,3,0,3,0,,11,6,0,4,2,,15,5,,10,9,
250100,BMH-GOLDEN TRIANGLE,2520 5TH STREET N,COLUMBUS,MS,39705,LOWNDES,(662) 244-1000,Acute Care Hospitals,Voluntary non-profit - Private,Yes,Y,3,23,8,8,0,8,0,23,8,8,0,8,0,23,11,10,2,8,0,,15,15,,10,8,
250102,MISSISSIPPI BAPTIST MEDICAL CENTER,1225 N STATE ST,JACKSON,MS,39202,HINDS,(601) 968-1000,Acute Care Hospitals,Voluntary non-profit - Private,Yes,Y,2,23,8,8,0,8,0,23,8,8,2,4,2,23,11,11,1,6,4,,15,15,,10,9,
250104,ANDERSON REGIONAL MEDICAL CENTER,2124 14TH STREET,MERIDIAN,MS,39301,LAUDERDALE,(601) 553-6000,Acute Care Hospitals,Voluntary non-profit - Private,Yes,Y,2,,8,8,0,6,2,,8,7,0,7,0,,11,11,0,9,2,,15,15,,10,8,
250117,HIGHLAND COMMUNITY  HOSPITAL,130 HIGHLAND PKWY,PICAYUNE,MS,39466,PEARL RIVER,(601) 358-9400,Acute Care Hospitals,Government - Local,Yes,Y,1,,8,4,0,3,1,,8,3,0,3,0,,11,5,0,3,2,,15,5,,10,8,
250123,SINGING RIVER GULFPORT,15200 COMMUNITY ROAD,GULFPORT,MS,39503,HARRISON,(228) 575-7000,Acute Care Hospitals,Proprietary,Yes,Y,2,,8,6,0,6,0,,8,6,1,5,0,,11,8,0,5,3,,15,15,,10,9,
250124,MAGEE GENERAL HOSPITAL,300 3RD AVE SE,MAGEE,MS,39111,SIMPSON,(601) 849-5070,Acute Care Hospitals,Voluntary non-profit - Private,Yes,,2,,8,3,0,3,0,,8,Not Available,Not Available,Not Available,Not Available,5,11,4,0,3,1,,15,5,,10,7,
250127,CHOCTAW HEALTH CENTER,ROUTE 7 BOX R50,PHILADELPHIA,MS,39350,NESHOBA,(601) 656-2211,Acute Care Hospitals,Government - Federal,Yes,,Not Available,16,8,Not Available,Not Available,Not Available,Not Available,5,8,Not Available,Not Available,Not Available,Not Available,5,11,Not Available,Not Available,Not Available,Not Available,5,15,Not Available,5,10,3,
250134,WHITFIELD MEDICAL SURGICAL HOSPITAL,"3550 HWY 468 W, BLDG 60",WHITFIELD,MS,39193,RANKIN,(601) 351-8023,Acute Care Hospitals,Government - State,No,,Not Available,16,8,Not Available,Not Available,Not Available,Not Available,5,8,Not Available,Not Available,Not Available,Not Available,5,11,1,0,1,0,,15,Not Available,5,10,1,
250136,MERIT HEALTH WOMEN'S HOSPITAL,1026 RIVER OAKS DRIVE,FLOWOOD,MS,39232,RANKIN,(601) 932-1000,Acute Care Hospitals,Proprietary,No,Y,Not Available,16,8,Not Available,Not Available,Not Available,Not Available,5,8,1,0,1,0,,11,1,0,1,0,,15,15,,10,2,
250138,MERIT HEALTH RIVER OAKS,1030 RIVER OAKS DRIVE,FLOWOOD,MS,39232,RANKIN,(601) 932-1030,Acute Care Hospitals,Proprietary,Yes,Y,1,,8,6,0,6,0,,8,6,1,5,0,,11,8,0,6,2,,15,15,,10,7,
250141,BAPTIST MEMORIAL HOSPITAL DESOTO,7601 SOUTHCREST PARKWAY,SOUTHAVEN,MS,38671,DE SOTO,(662) 772-4000,Acute Care Hospitals,Proprietary,Yes,Y,3,23,8,8,1,7,0,23,8,6,1,4,1,23,11,10,0,8,2,,15,15,,10,10,
250151,ALLIANCE HEALTH CENTER,5000 HIGHWAY 39 NORTH,MERIDIAN,MS,39301,LAUDERDALE,(601) 483-6211,Acute Care Hospitals,Proprietary,No,,Not Available,16,8,Not Available,Not Available,Not Available,Not Available,5,8,1,1,0,0,,11,1,0,1,0,,15,Not Available,5,10,1,
250152,MISSISSIPPI METHODIST REHAB CTR,1350 E WOODROW WILSON DR,JACKSON,MS,39216,HINDS,(601) 981-2611,Acute Care Hospitals,Voluntary non-profit - Private,No,,Not Available,16,8,Not Available,Not Available,Not Available,Not Available,5,8,Not Available,Not Available,Not Available,Not Available,5,11,Not Available,Not Available,Not Available,Not Available,5,15,5,,10,Not Available,5
250162,OCHSNER MEDICAL CENTER-HANCOCK,149 DRINKWATER BLVD,BAY SAINT LOUIS,MS,39520,HANCOCK,(228) 467-8600,Acute Care Hospitals,Government - Local,Yes,,3,,8,3,0,3,0,,8,2,0,2,0,,11,5,0,4,1,,15,15,,10,9,
250167,METHODIST HEALTHCARE - OLIVE BRANCH HOSPITAL,4250 BETHEL ROAD,OLIVE BRANCH,MS,38654,DE SOTO,(662) 932-9000,Acute Care Hospitals,Voluntary non-profit - Private,Yes,Y,4,,8,6,0,6,0,,8,4,1,3,0,,11,5,0,5,0,,15,15,,10,8,
250168,UNIVERSITY OF MISSISSIPPI MEDICAL CENTER- GRENADA,960 AVENT DRIVE,GRENADA,MS,38901,GRENADA,(662) 227-7000,Acute Care Hospitals,Government - State,Yes,Y,1,,8,5,0,5,0,,8,3,0,3,0,,11,8,0,6,2,,15,15,,10,8,
250172,HIGHLAND HILLS MEDICAL CENTER,401 GETWELL DRIVE,SENATOBIA,MS,38668,TATE,(662) 612-0311,Acute Care Hospitals,Voluntary non-profit - Private,Yes,,Not Available,16,8,2,0,2,0,,8,Not Available,Not Available,Not Available,Not Available,5,11,2,0,2,0,,15,Not Available,5,10,5,
250174,"ALLIANCE HEALTHCARE SYSTEM, INC",1430 MS HIGHWAY 4 E,HOLLY SPRINGS,MS,38635,MARSHALL,(662) 252-1212,Acute Care Hospitals,Proprietary,No,,Not Available,19,Not Available,Not Available,Not Available,Not Available,Not Available,19,Not Available,Not Available,Not Available,Not Available,Not Available,19,Not Available,Not Available,Not Available,Not Available,Not Available,19,Not Available,Not Available,19,Not Available,Not Available,19
25039F,81st Medical Group (Keesler AFB),81 MDG 301 Fisher St Suite 109,Biloxi,MS,39534,HARRISON,(228) 377-6393,Acute Care - Department of Defense,Department of Defense,Yes,,Not Available,22,Not Available,Not Available,Not Available,Not Available,Not Available,22,Not Available,Not Available,Not Available,Not Available,Not Available,22,Not Available,Not Available,Not Available,Not Available,Not Available,22,Not Available,Not Available,22,Not Available,Not Available,22
25042F,VA GULF COAST HEALTHCARE SYSTEM,400 VETERANS AVENUE,BILOXI,MS,39531,HARRISON,(228) 523-5000,Acute Care - Veterans Administration,Veterans Health Administration,Yes,,5,,8,3,0,3,0,,8,1,0,1,0,,11,4,2,2,0,,15,10,,10,4,
25043F,G. V. (SONNY) MONTGOMERY VA MEDICAL CENTER (JACKSON),1500 E. WOODROW WILSON DRIVE,JACKSON,MS,39216,HINDS,(601) 362-4471,Acute Care - Veterans Administration,Veterans Health Administration,Yes,,4,,8,4,0,4,0,,8,2,0,2,0,,11,5,1,3,1,,15,10,,10,3,
250780,JEFFERSON COUNTY HOSPITAL,870 S MAIN,FAYETTE,MS,39069,JEFFERSON,(601) 786-3401,Rural Emergency Hospital,Proprietary,Yes,,Not Available,19,Not Available,Not Available,Not Available,Not Available,Not Available,19,Not Available,Not Available,Not Available,Not Available,Not Available,19,Not Available,Not Available,Not Available,Not Available,Not Available,19,Not Available,Not Available,19,Not Available,Not Available,19
250781,PANOLA MEDICAL CENTER,303 MEDICAL CENTER DRIVE,BATESVILLE,MS,38606,PANOLA,(662) 563-5611,Rural Emergency Hospital,Proprietary,Yes,,Not Available,19,Not Available,Not Available,Not Available,Not Available,Not Available,19,Not Available,Not Available,Not Available,Not Available,Not Available,19,Not Available,Not Available,Not Available,Not Available,Not Available,19,Not Available,Not Available,19,Not Available,Not Available,19
250782,GREENE COUNTY HOSPITAL,1017 JACKSON STREET,LEAKESVILLE,MS,39451,GREENE,(601) 394-4135,Rural Emergency Hospital,Government - Local,Yes,,Not Available,19,Not Available,Not Available,Not Available,Not Available,Not Available,19,Not Available,Not Available,Not Available,Not Available,Not Available,19,Not Available,Not Available,Not Available,Not Available,Not Available,19,Not Available,Not Available,19,Not Available,Not Available,19
250783,PERRY COUNTY GENERAL HOSPITAL,206 BAY ST,RICHTON,MS,39476,GREENE,(601) 788-6316,Rural Emergency Hospital,Government - Local,Yes,,Not Available,19,Not Available,Not Available,Not Available,Not Available,Not Available,19,Not Available,Not Available,Not Available,Not Available,Not Available,19,Not Available,Not Available,Not Available,Not Available,Not Available,19,Not Available,Not Available,19,Not Available,Not Available,19
250784,SHARKEY ISSAQUENA COMMUNITY HOSPITAL,47 SOUTH FOURTH ST,ROLLING FORK,MS,39159,SHARKEY,(662) 873-4395,Rural Emergency Hospital,Government - Local,Yes,,Not Available,19,Not Available,Not Available,Not Available,Not Available,Not Available,19,Not Available,Not Available,Not Available,Not Available,Not Available,19,Not Available,Not Available,Not Available,Not Available,Not Available,19,Not Available,Not Available,19,Not Available,Not Available,19
250785,PROGRESSIVE HEALTH GROUP OF HOUSTON,1002 EAST MADISON STREET,HOUSTON,MS,38851,CHICKASAW,(662) 456-3700,Rural Emergency Hospital,Proprietary,Yes,,Not Available,19,Not Available,Not Available,Not Available,Not Available,Not Available,19,Not Available,Not Available,Not Available,Not Available,Not Available,19,Not Available,Not Available,Not Available,Not Available,Not Available,19,Not Available,Not Available,19,Not Available,Not Available,19
250786,SMITH COUNTY  EMERGENCY HOSPITAL,347 MAGNOLIA DRIVE,RALEIGH,MS,39153,SMITH,(601) 765-6711,Rural Emergency Hospital,Government - Local,Yes,,Not Available,19,Not Available,Not Available,Not Available,Not Available,Not Available,19,Not Available,Not Available,Not Available,Not Available,Not Available,19,Not Available,Not Available,Not Available,Not Available,Not Available,19,Not Available,Not Available,19,Not Available,Not Available,19
251300,S E LACKEY MEMORIAL HOSPITAL,330 N BROAD STREET,FOREST,MS,39074,SCOTT,(601) 469-4151,Critical Access Hospitals,Voluntary non-profit - Private,Yes,,Not Available,16,8,1,0,1,0,,8,1,0,1,0,,11,2,0,2,0,,15,Not Available,5,10,5,
251302,MONROE REGIONAL HOSPITAL,400 SOUTH CHESTNUT STREET,ABERDEEN,MS,39730,MONROE,(662) 369-2455,Critical Access Hospitals,Voluntary non-profit - Private,Yes,,Not Available,16,8,1,0,1,0,,8,Not Available,Not Available,Not Available,Not Available,5,11,2,0,2,0,,15,Not Available,5,10,3,
251304,TALLAHATCHIE GENERAL HOSPITAL-CAH,141 DR. T.T. LEWIS CIRCLE / PO BOX 230,CHARLESTON,MS,38921,TALLAHATCHIE,(662) 647-5535,Critical Access Hospitals,Government - Local,Yes,,Not Available,16,8,Not Available,Not Available,Not Available,Not Available,5,8,Not Available,Not Available,Not Available,Not Available,5,11,Not Available,Not Available,Not Available,Not Available,5,15,Not Available,5,10,3,
251305,LAWRENCE COUNTY HOSPITAL CAH,1065 EAST BROAD ST,MONTICELLO,MS,39654,LAWRENCE,(601) 587-4051,Critical Access Hospitals,Government - Local,Yes,,Not Available,16,8,2,0,2,0,,8,Not Available,Not Available,Not Available,Not Available,5,11,2,0,2,0,,15,Not Available,5,10,2,
251307,NOXUBEE GENERAL CRITICAL ACCESS HOSP,78 HOSPITAL ROAD,MACON,MS,39341,NOXUBEE,(662) 726-4231,Critical Access Hospitals,Government - State,Yes,,Not Available,19,Not Available,Not Available,Not Available,Not Available,Not Available,19,Not Available,Not Available,Not Available,Not Available,Not Available,19,Not Available,Not Available,Not Available,Not Available,Not Available,19,Not Available,Not Available,19,Not Available,Not Available,19
251308,PONTOTOC HEALTH SERVICE INC CAH,176 SOUTH MAIN STREET,PONTOTOC,MS,38863,PONTOTOC,(662) 489-5510,Critical Access Hospitals,Voluntary non-profit - Private,Yes,,Not Available,16,8,2,0,2,0,,8,1,0,1,0,,11,2,0,2,0,,15,Not Available,5,10,6,
251309,FIELD HEALTH SYSTEM,178 HIGHWAY 24,CENTREVILLE,MS,39631,WILKINSON,(601) 890-0500,Critical Access Hospitals,Government - Local,Yes,,Not Available,16,8,1,0,1,0,,8,Not Available,Not Available,Not Available,Not Available,5,11,1,0,1,0,,15,Not Available,5,10,3,
251312,TYLER HOLMES MEMORIAL HOSPITAL CAH,409 TYLER HOLMES DRIVE,WINONA,MS,38967,MONTGOMERY,(662) 283-6126,Critical Access Hospitals,Government - Local,Yes,,Not Available,16,8,2,0,2,0,,8,Not Available,Not Available,Not Available,Not Available,5,11,2,0,1,1,,15,Not Available,5,10,5,
251313,BAPTIST MEDICAL CENTER-YAZOO,823 GRAND AVENUE,YAZOO CITY,MS,39194,YAZOO,(662) 746-2261,Critical Access Hospitals,Voluntary non-profit - Private,Yes,,Not Available,16,8,2,0,2,0,,8,1,0,1,0,,11,3,0,3,0,,15,5,,10,7,
251315,BAPTIST MEDICAL CENTER-LEAKE,1100 HIGHWAY 16 EAST,CARTHAGE,MS,39051,LEAKE,(601) 267-1422,Critical Access Hospitals,Voluntary non-profit - Private,Yes,,2,,8,4,0,4,0,,8,1,0,1,0,,11,5,0,5,0,,15,Not Available,5,10,7,
251316,OCHSNER WATKINS HOSPITAL,605 SOUTH ARCHUSA AVENUE,QUITMAN,MS,39355,CLARKE,(601) 776-6925,Critical Access Hospitals,Voluntary non-profit - Private,Yes,,Not Available,16,8,1,0,1,0,,8,Not Available,Not Available,Not Available,Not Available,5,11,1,0,1,0,,15,Not Available,5,10,4,
251317,SIMPSON GENERAL HOSPITAL CAH,1842 SIMPSON HIGHWAY 149,MENDENHALL,MS,39114,SIMPSON,(601) 847-2221,Critical Access Hospitals,Voluntary non-profit - Private,Yes,,2,,8,4,0,3,1,,8,1,0,1,0,,11,3,0,3,0,,15,Not Available,5,10,4,
251318,NORTH SUNFLOWER MEDICAL CENTER CAH,840 NORTH OAK AVENUE,RULEVILLE,MS,38771,SUNFLOWER,(662) 756-2711,Critical Access Hospitals,Government - Local,Yes,,1,,8,3,0,2,1,,8,2,0,2,0,,11,4,0,2,2,,15,5,,10,3,
251319,HOLMES COUNTY HOSPITAL AND CLINICS,239 BOWLING GREEN ROAD,LEXINGTON,MS,39095,HOLMES,(662) 834-1321,Critical Access Hospitals,Government - State,Yes,,Not Available,16,8,2,0,2,0,,8,Not Available,Not Available,Not Available,Not Available,5,11,2,0,1,1,,15,Not Available,5,10,5,
251320,CLAIBORNE COUNTY HOSPITAL,123 MCCOMB AVENUE,PORT GIBSON,MS,39150,CLAIBORNE,(601) 437-5141,Critical Access Hospitals,Government - Local,Yes,,Not Available,16,8,4,0,4,0,,8,Not Available,Not Available,Not Available,Not Available,5,11,4,0,3,1,,15,Not Available,5,10,1,
251322,OCHSNER LAIRD HOSPITAL,25117 HIGHWAY 15,UNION,MS,39365,NESHOBA,(601) 774-8214,Critical Access Hospitals,Voluntary non-profit - Private,Yes,,Not Available,16,8,Not Available,Not Available,Not Available,Not Available,5,8,Not Available,Not Available,Not Available,Not Available,5,11,1,0,1,0,,15,Not Available,5,10,5,
251323,OCHSNER SCOTT REGIONAL,317 HIGHWAY 13 SOUTH,MORTON,MS,39117,SCOTT,(601) 732-6301,Critical Access Hospitals,Voluntary non-profit - Private,Yes,,Not Available,16,8,1,0,1,0,,8,Not Available,Not Available,Not Available,Not Available,5,11,1,0,1,0,,15,Not Available,5,10,5,
251324,WALTHALL COUNTY GENERAL HOSPITAL CAH,100 HOSPITAL DRIVE,TYLERTOWN,MS,39667,WALTHALL,(601) 876-2122,Critical Access Hospitals,Government - Local,Yes,,Not Available,16,8,1,0,1,0,,8,Not Available,Not Available,Not Available,Not Available,5,11,1,0,1,0,,15,Not Available,5,10,3,
251325,COVINGTON COUNTY HOSPITAL CAH,701 SOUTH HOLLY AVENUE,COLLINS,MS,39428,COVINGTON,(601) 765-6711,Critical Access Hospitals,Government - Local,Yes,,Not Available,16,8,Not Available,Not Available,Not Available,Not Available,5,8,1,0,1,0,,11,1,0,1,0,,15,Not Available,5,10,4,
251326,JEFFERSON DAVIS COMMUNITY HOSPITAL CAH,1102 ROSE STREET,PRENTISS,MS,39474,JEFFERSON DAVIS,(601) 792-4276,Critical Access Hospitals,Government - Local,Yes,,Not Available,16,8,Not Available,Not Available,Not Available,Not Available,5,8,Not Available,Not Available,Not Available,Not Available,5,11,Not Available,Not Available,Not Available,Not Available,5,15,Not Available,5,10,2,
251327,COPIAH COUNTY MEDICAL CENTER,21790 HIGHWAY 28,HAZLEHURST,MS,39083,COPIAH,(601) 894-4541,Critical Access Hospitals,Government - Local,Yes,,Not Available,16,8,2,0,2,0,,8,1,0,1,0,,11,3,0,3,0,,15,Not Available,5,10,2,
251330,FRANKLIN COUNTY MEMORIAL HOSPITAL,HWY 84 BOX 636,MEADVILLE,MS,39653,FRANKLIN,(601) 384-5801,Critical Access Hospitals,Government - Local,Yes,,Not Available,16,8,1,0,1,0,,8,1,0,1,0,,11,2,0,1,1,,15,Not Available,5,10,3,
251331,BMH-CALHOUN,140 BURKE-CALHOUN CITY ROAD,CALHOUN CITY,MS,38916,CALHOUN,(662) 628-6611,Critical Access Hospitals,Voluntary non-profit - Private,Yes,,Not Available,16,8,2,0,2,0,,8,Not Available,Not Available,Not Available,Not Available,5,11,2,1,1,0,,15,Not Available,5,10,5,
251333,PEARL RIVER COUNTY HOSPITAL,305 WEST MOODY STREET,POPLARVILLE,MS,39470,PEARL RIVER,(601) 795-4543,Critical Access Hospitals,Government - Local,Yes,,Not Available,16,8,Not Available,Not Available,Not Available,Not Available,5,8,Not Available,Not Available,Not Available,Not Available,5,11,Not Available,Not Available,Not Available,Not Available,5,15,Not Available,5,10,1,
251334,CHOCTAW REGIONAL MEDICAL CENTER,8613 MS HWY 12,ACKERMAN,MS,39735,CHOCTAW,(662) 285-6235,Critical Access Hospitals,Government - Local,Yes,,Not Available,16,8,Not Available,Not Available,Not Available,Not Available,5,8,Not Available,Not Available,Not Available,Not Available,5,11,2,0,1,1,,15,Not Available,5,10,3,
251335,OCHSNER STENNIS MEMORIAL HOSPITAL,14365 HIGHWAY 16 WEST,DE KALB,MS,39328,KEMPER,(769) 486-1000,Critical Access Hospitals,Voluntary non-profit - Private,Yes,,Not Available,16,8,Not Available,Not Available,Not Available,Not Available,5,8,Not Available,Not Available,Not Available,Not Available,5,11,1,0,1,0,,15,Not Available,5,10,4,
251336,BAPTIST MEDICAL CENTER ATTALA,220 HWY 12 WEST,KOSCIUSKO,MS,39090,ATTALA,(662) 289-4311,Critical Access Hospitals,Voluntary non-profit - Other,Yes,,Not Available,16,8,2,0,1,1,,8,1,0,1,0,,11,3,0,3,0,,15,5,,10,7,
251337,TIPPAH COUNTY HOSPITAL,1005 CITY AVE NORTH,RIPLEY,MS,38663,TIPPAH,(662) 837-9221,Critical Access Hospitals,Government - Local,Yes,,4,,8,4,0,4,0,,8,1,0,1,0,,11,4,0,4,0,,15,Not Available,5,10,6,
251339,QUITMAN COMMUNITY HOSPITAL,340 GETWELL DRIVE,MARKS,MS,38646,QUITMAN,(662) 712-2370,Critical Access Hospitals,Government - Local,Yes,,Not Available,16,8,Not Available,Not Available,Not Available,Not Available,5,8,Not Available,Not Available,Not Available,Not Available,5,11,Not Available,Not Available,Not Available,Not Available,5,15,Not Available,5,10,Not Available,5
251340,NESHOBA COUNTY GENERAL HOSPITAL,1001 HOLLAND AVENUE,PHILADELPHIA,MS,39350,NESHOBA,(601) 663-1200,Critical Access Hospitals,Government - Local,Yes,,Not Available,19,Not Available,Not Available,Not Available,Not Available,Not Available,19,Not Available,Not Available,Not Available,Not Available,Not Available,19,Not Available,Not Available,Not Available,Not Available,Not Available,19,Not Available,Not Available,19,Not Available,Not Available,19
252013,ALLEGIANCE SPECIALTY HOSPITAL OF GREENVILLE,"300 SOUTH WASHINGTON AVE, 3RD FLOOR",GREENVILLE,MS,38701,WASHINGTON,(662) 332-7344,Long-term,Proprietary,No,,Not Available,19,Not Available,Not Available,Not Available,Not Available,Not Available,19,Not Available,Not Available,Not Available,Not Available,Not Available,19,Not Available,Not Available,Not Available,Not Available,Not Available,19,Not Available,Not Available,19,Not Available,Not Available,19
254005,PARKWOOD BEHAVIORAL HEALTH SYSTEM,8135 GOODMAN ROAD,OLIVE BRANCH,MS,38654,DE SOTO,(662) 895-4900,Psychiatric,Proprietary,No,,Not Available,19,Not Available,Not Available,Not Available,Not Available,Not Available,19,Not Available,Not Available,Not Available,Not Available,Not Available,19,Not Available,Not Available,Not Available,Not Available,Not Available,19,Not Available,Not Available,19,Not Available,Not Available,19
254007,BRENTWOOD BEHAVIORAL HEALTHCARE OF MS,3531 EAST LAKELAND DRIVE,FLOWOOD,MS,39232,RANKIN,(601) 936-2024,Psychiatric,Proprietary,Yes,,Not Available,19,Not Available,Not Available,Not Available,Not Available,Not Available,19,Not Available,Not Available,Not Available,Not Available,Not Available,19,Not Available,Not Available,Not Available,Not Available,Not Available,19,Not Available,Not Available,19,Not Available,Not Available,19
254008,SOUTH MISSISSIPPI STATE HOSPITAL,823 HIGHWAY 589,PURVIS,MS,39475,LAMAR,(601) 794-0100,Psychiatric,Government - State,No,,Not Available,19,Not Available,Not Available,Not Available,Not Available,Not Available,19,Not Available,Not Available,Not Available,Not Available,Not Available,19,Not Available,Not Available,Not Available,Not Available,Not Available,19,Not Available,Not Available,19,Not Available,Not Available,19
254009,NORTH MISSISSIPPI STATE HOSPITAL,1937 BRIAR RIDGE RD,TUPELO,MS,38804,LEE,(662) 690-4200,Psychiatric,Government - State,No,,Not Available,19,Not Available,Not Available,Not Available,Not Available,Not Available,19,Not Available,Not Available,Not Available,Not Available,Not Available,19,Not Available,Not Available,Not Available,Not Available,Not Available,19,Not Available,Not Available,19,Not Available,Not Available,19
254010,MS STATE HOSPITAL-WHITFIELD,3550 HIGHWAY 468 WEST,WHITFIELD,MS,39193,RANKIN,(601) 351-8000,Psychiatric,Government - Local,Yes,,Not Available,19,Not Available,Not Available,Not Available,Not Available,Not Available,19,Not Available,Not Available,Not Available,Not Available,Not Available,19,Not Available,Not Available,Not Available,Not Available,Not Available,19,Not Available,Not Available,19,Not Available,Not Available,19
254011,GULFPORT BEHAVIORAL HEALTH  SYSTEM,11150 US HIGHWAY 49 NORTH,GPT,MS,39503,HARRISON,(228) 831-1700,Psychiatric,Proprietary,No,,Not Available,19,Not Available,Not Available,Not Available,Not Available,Not Available,19,Not Available,Not Available,Not Available,Not Available,Not Available,19,Not Available,Not Available,Not Available,Not Available,Not Available,19,Not Available,Not Available,19,Not Available,Not Available,19
254012,OCEANS BEHAVIORAL HOSPITAL- BILOXI,"180 DEBUYS ROAD, BUILDING C",BILOXI,MS,39531,HARRISON,(228) 388-0600,Psychiatric,Proprietary,No,,Not Available,19,Not Available,Not Available,Not Available,Not Available,Not Available,19,Not Available,Not Available,Not Available,Not Available,Not Available,19,Not Available,Not Available,Not Available,Not Available,Not Available,19,Not Available,Not Available,19,Not Available,Not Available,19
254013,OCEANS BEHAVIORAL HOSPITAL OF TUPELO,4579 S EASON BLVD,TUPELO,MS,38801,LEE,(662) 268-4418,Psychiatric,Proprietary,No,,Not Available,19,Not Available,Not Available,Not Available,Not Available,Not Available,19,Not Available,Not Available,Not Available,Not Available,Not Available,19,Not Available,Not Available,Not Available,Not Available,Not Available,19,Not Available,Not Available,19,Not Available,Not Available,19
254014,OCEANS BEHAVIORAL HOSPITAL OF JACKSON,"2969 NORTH CURRAN DRIVE, BLDG A",JACKSON,MS,39216,HINDS,(601) 714-8141,Psychiatric,Proprietary,No,,Not Available,19,Not Available,Not Available,Not Available,Not Available,Not Available,19,Not Available,Not Available,Not Available,Not Available,Not Available,19,Not Available,Not Available,Not Available,Not Available,Not Available,19,Not Available,Not Available,19,Not Available,Not Available,19
