facility_id,facility_name,address,city_town,state,zip_code,county_parish,telephone_number,condition,measure_id,measure_name,score,sample,footnote,start_date,end_date,score_raw,start_date_raw,end_date_raw
010001,SOUTHEAST HEALTH MEDICAL CENTER,1108 ROSS CLARK CIRCLE,DOTHAN,AL,36301,HOUSTON,(334) 793-8701,Emergency Department,OP_18b,"Average (median) time patients spent in the emergency department before leaving from the visit, excluding patients transferred to another facility or psychiatric care/mental health patients. A lower number of minutes is better",212,396,,2024-10-01,2025-09-30,212,10/01/2024,09/30/2025
010001,SOUTHEAST HEALTH MEDICAL CENTER,1108 ROSS CLARK CIRCLE,DOTHAN,AL,36301,HOUSTON,(334) 793-8701,Emergency Department,OP_22,Left before being seen,3,62163,,2024-01-01,2024-12-31,3,01/01/2024,12/31/2024
010005,MARSHALL MEDICAL CENTERS,2505 U S HIGHWAY 431 NORTH,BOAZ,AL,35957,MARSHALL,(256) 593-8310,Emergency Department,OP_18b,"Average (median) time patients spent in the emergency department before leaving from the visit, excluding patients transferred to another facility or psychiatric care/mental health patients. A lower number of minutes is better",143,1155,,2024-10-01,2025-09-30,143,10/01/2024,09/30/2025
010005,MARSHALL MEDICAL CENTERS,2505 U S HIGHWAY 431 NORTH,BOAZ,AL,35957,MARSHALL,(256) 593-8310,Emergency Department,OP_22,Left before being seen,3,60663,,2024-01-01,2024-12-31,3,01/01/2024,12/31/2024
010006,NORTH ALABAMA MEDICAL CENTER,1701 VETERANS DRIVE,FLORENCE,AL,35630,LAUDERDALE,(256) 768-8400,Emergency Department,OP_18b,"Average (median) time patients spent in the emergency department before leaving from the visit, excluding patients transferred to another facility or psychiatric care/mental health patients. A lower number of minutes is better",147,328,,2024-10-01,2025-09-30,147,10/01/2024,09/30/2025
010006,NORTH ALABAMA MEDICAL CENTER,1701 VETERANS DRIVE,FLORENCE,AL,35630,LAUDERDALE,(256) 768-8400,Emergency Department,OP_22,Left before being seen,1,46884,,2024-01-01,2024-12-31,1,01/01/2024,12/31/2024
010007,MIZELL MEMORIAL HOSPITAL,702 N MAIN ST,OPP,AL,36467,COVINGTON,(334) 493-3541,Emergency Department,OP_18b,"Average (median) time patients spent in the emergency department before leaving from the visit, excluding patients transferred to another facility or psychiatric care/mental health patients. A lower number of minutes is better",130,1004,,2024-10-01,2025-09-30,130,10/01/2024,09/30/2025
010007,MIZELL MEMORIAL HOSPITAL,702 N MAIN ST,OPP,AL,36467,COVINGTON,(334) 493-3541,Emergency Department,OP_22,Left before being seen,1,11011,,2024-01-01,2024-12-31,1,01/01/2024,12/31/2024
010011,ST. VINCENT'S EAST,50 MEDICAL PARK EAST DRIVE,BIRMINGHAM,AL,35235,JEFFERSON,(205) 838-3122,Emergency Department,OP_18b,"Average (median) time patients spent in the emergency department before leaving from the visit, excluding patients transferred to another facility or psychiatric care/mental health patients. A lower number of minutes is better",158,341,,2024-10-01,2025-09-30,158,10/01/2024,09/30/2025
010011,ST. VINCENT'S EAST,50 MEDICAL PARK EAST DRIVE,BIRMINGHAM,AL,35235,JEFFERSON,(205) 838-3122,Emergency Department,OP_22,Left before being seen,,Not Available,5,2024-01-01,2024-12-31,Not Available,01/01/2024,12/31/2024
010012,DEKALB REGIONAL MEDICAL CENTER,200 MED CENTER DRIVE,FORT PAYNE,AL,35968,DE KALB,(256) 845-3150,Emergency Department,OP_18b,"Average (median) time patients spent in the emergency department before leaving from the visit, excluding patients transferred to another facility or psychiatric care/mental health patients. A lower number of minutes is better",164,376,,2024-10-01,2025-09-30,164,10/01/2024,09/30/2025
010012,DEKALB REGIONAL MEDICAL CENTER,200 MED CENTER DRIVE,FORT PAYNE,AL,35968,DE KALB,(256) 845-3150,Emergency Department,OP_22,Left before being seen,2,20366,,2024-01-01,2024-12-31,2,01/01/2024,12/31/2024
010016,SHELBY BAPTIST MEDICAL CENTER,1000 FIRST STREET NORTH,ALABASTER,AL,35007,SHELBY,(205) 620-8100,Emergency Department,OP_18b,"Average (median) time patients spent in the emergency department before leaving from the visit, excluding patients transferred to another facility or psychiatric care/mental health patients. A lower number of minutes is better",182,422,,2024-10-01,2025-09-30,182,10/01/2024,09/30/2025
010016,SHELBY BAPTIST MEDICAL CENTER,1000 FIRST STREET NORTH,ALABASTER,AL,35007,SHELBY,(205) 620-8100,Emergency Department,OP_22,Left before being seen,2,31532,,2024-01-01,2024-12-31,2,01/01/2024,12/31/2024
010019,HELEN KELLER HOSPITAL,1300 SOUTH MONTGOMERY AVENUE,SHEFFIELD,AL,35660,COLBERT,(256) 386-4556,Emergency Department,OP_18b,"Average (median) time patients spent in the emergency department before leaving from the visit, excluding patients transferred to another facility or psychiatric care/mental health patients. A lower number of minutes is better",188,356,,2024-10-01,2025-09-30,188,10/01/2024,09/30/2025
010019,HELEN KELLER HOSPITAL,1300 SOUTH MONTGOMERY AVENUE,SHEFFIELD,AL,35660,COLBERT,(256) 386-4556,Emergency Department,OP_22,Left before being seen,3,34390,,2024-01-01,2024-12-31,3,01/01/2024,12/31/2024
010021,DALE MEDICAL CENTER,126 HOSPITAL AVE,OZARK,AL,36360,DALE,(334) 774-2601,Emergency Department,OP_18b,"Average (median) time patients spent in the emergency department before leaving from the visit, excluding patients transferred to another facility or psychiatric care/mental health patients. A lower number of minutes is better",148,338,,2024-10-01,2025-09-30,148,10/01/2024,09/30/2025
010021,DALE MEDICAL CENTER,126 HOSPITAL AVE,OZARK,AL,36360,DALE,(334) 774-2601,Emergency Department,OP_22,Left before being seen,2,17154,,2024-01-01,2024-12-31,2,01/01/2024,12/31/2024
010022,FLOYD CHEROKEE MEDICAL CENTER,400 NORTHWOOD DR,CENTRE,AL,35960,CHEROKEE,(256) 927-5531,Emergency Department,OP_18b,"Average (median) time patients spent in the emergency department before leaving from the visit, excluding patients transferred to another facility or psychiatric care/mental health patients. A lower number of minutes is better",123,405,,2024-10-01,2025-09-30,123,10/01/2024,09/30/2025
010022,FLOYD CHEROKEE MEDICAL CENTER,400 NORTHWOOD DR,CENTRE,AL,35960,CHEROKEE,(256) 927-5531,Emergency Department,OP_22,Left before being seen,0,8983,,2024-01-01,2024-12-31,0,01/01/2024,12/31/2024
010023,BAPTIST MEDICAL CENTER SOUTH,2105 EAST SOUTH BOULEVARD,MONTGOMERY,AL,36116,MONTGOMERY,(334) 288-2100,Emergency Department,OP_18b,"Average (median) time patients spent in the emergency department before leaving from the visit, excluding patients transferred to another facility or psychiatric care/mental health patients. A lower number of minutes is better",220,395,,2024-10-01,2025-09-30,220,10/01/2024,09/30/2025
010023,BAPTIST MEDICAL CENTER SOUTH,2105 EAST SOUTH BOULEVARD,MONTGOMERY,AL,36116,MONTGOMERY,(334) 288-2100,Emergency Department,OP_22,Left before being seen,2,55999,,2024-01-01,2024-12-31,2,01/01/2024,12/31/2024
010024,JACKSON HOSPITAL & CLINIC INC,1725 PINE STREET,MONTGOMERY,AL,36106,MONTGOMERY,(334) 293-8000,Emergency Department,OP_18b,"Average (median) time patients spent in the emergency department before leaving from the visit, excluding patients transferred to another facility or psychiatric care/mental health patients. A lower number of minutes is better",138,1485,,2024-10-01,2025-09-30,138,10/01/2024,09/30/2025
010024,JACKSON HOSPITAL & CLINIC INC,1725 PINE STREET,MONTGOMERY,AL,36106,MONTGOMERY,(334) 293-8000,Emergency Department,OP_22,Left before being seen,1,53927,,2024-01-01,2024-12-31,1,01/01/2024,12/31/2024
010029,THE EAST ALABAMA HEALTHCARE AUTHORITY,2000 PEPPERELL PARKWAY,OPELIKA,AL,36801,LEE,(334) 528-1300,Emergency Department,OP_18b,"Average (median) time patients spent in the emergency department before leaving from the visit, excluding patients transferred to another facility or psychiatric care/mental health patients. A lower number of minutes is better",200,591,,2024-10-01,2025-09-30,200,10/01/2024,09/30/2025
010029,THE EAST ALABAMA HEALTHCARE AUTHORITY,2000 PEPPERELL PARKWAY,OPELIKA,AL,36801,LEE,(334) 528-1300,Emergency Department,OP_22,Left before being seen,5,55362,,2024-01-01,2024-12-31,5,01/01/2024,12/31/2024
010033,UNIVERSITY OF ALABAMA HOSPITAL,619 SOUTH 19TH STREET,BIRMINGHAM,AL,35233,JEFFERSON,(205) 934-4011,Emergency Department,OP_18b,"Average (median) time patients spent in the emergency department before leaving from the visit, excluding patients transferred to another facility or psychiatric care/mental health patients. A lower number of minutes is better",211,1991,,2024-10-01,2025-09-30,211,10/01/2024,09/30/2025
010033,UNIVERSITY OF ALABAMA HOSPITAL,619 SOUTH 19TH STREET,BIRMINGHAM,AL,35233,JEFFERSON,(205) 934-4011,Emergency Department,OP_22,Left before being seen,2,142026,,2024-01-01,2024-12-31,2,01/01/2024,12/31/2024
010034,COMMUNITY HOSPITAL INC,805 FRIENDSHIP ROAD,TALLASSEE,AL,36078,ELMORE,(334) 283-6541,Emergency Department,OP_18b,"Average (median) time patients spent in the emergency department before leaving from the visit, excluding patients transferred to another facility or psychiatric care/mental health patients. A lower number of minutes is better",104,478,,2024-10-01,2025-09-30,104,10/01/2024,09/30/2025
010034,COMMUNITY HOSPITAL INC,805 FRIENDSHIP ROAD,TALLASSEE,AL,36078,ELMORE,(334) 283-6541,Emergency Department,OP_22,Left before being seen,2,7495,,2024-01-01,2024-12-31,2,01/01/2024,12/31/2024
010035,CULLMAN REGIONAL MEDICAL CENTER,1912 ALABAMA HIGHWAY 157,CULLMAN,AL,35058,CULLMAN,(256) 737-2000,Emergency Department,OP_18b,"Average (median) time patients spent in the emergency department before leaving from the visit, excluding patients transferred to another facility or psychiatric care/mental health patients. A lower number of minutes is better",152,410,,2024-10-01,2025-09-30,152,10/01/2024,09/30/2025
010035,CULLMAN REGIONAL MEDICAL CENTER,1912 ALABAMA HIGHWAY 157,CULLMAN,AL,35058,CULLMAN,(256) 737-2000,Emergency Department,OP_22,Left before being seen,1,49612,,2024-01-01,2024-12-31,1,01/01/2024,12/31/2024
010036,ANDALUSIA HEALTH,849 SOUTH THREE NOTCH STREET,ANDALUSIA,AL,36420,COVINGTON,(334) 222-8466,Emergency Department,OP_18b,"Average (median) time patients spent in the emergency department before leaving from the visit, excluding patients transferred to another facility or psychiatric care/mental health patients. A lower number of minutes is better",172,388,,2024-10-01,2025-09-30,172,10/01/2024,09/30/2025
010036,ANDALUSIA HEALTH,849 SOUTH THREE NOTCH STREET,ANDALUSIA,AL,36420,COVINGTON,(334) 222-8466,Emergency Department,OP_22,Left before being seen,3,19363,,2024-01-01,2024-12-31,3,01/01/2024,12/31/2024
010039,HUNTSVILLE HOSPITAL,101 SIVLEY RD,HUNTSVILLE,AL,35801,MADISON,(256) 265-1000,Emergency Department,OP_18b,"Average (median) time patients spent in the emergency department before leaving from the visit, excluding patients transferred to another facility or psychiatric care/mental health patients. A lower number of minutes is better",238,399,,2024-10-01,2025-09-30,238,10/01/2024,09/30/2025
010039,HUNTSVILLE HOSPITAL,101 SIVLEY RD,HUNTSVILLE,AL,35801,MADISON,(256) 265-1000,Emergency Department,OP_22,Left before being seen,1,174551,,2024-01-01,2024-12-31,1,01/01/2024,12/31/2024
010040,GADSDEN REGIONAL MEDICAL CENTER,1007 GOODYEAR AVENUE,GADSDEN,AL,35903,ETOWAH,(256) 494-4000,Emergency Department,OP_18b,"Average (median) time patients spent in the emergency department before leaving from the visit, excluding patients transferred to another facility or psychiatric care/mental health patients. A lower number of minutes is better",201,397,,2024-10-01,2025-09-30,201,10/01/2024,09/30/2025
010040,GADSDEN REGIONAL MEDICAL CENTER,1007 GOODYEAR AVENUE,GADSDEN,AL,35903,ETOWAH,(256) 494-4000,Emergency Department,OP_22,Left before being seen,2,32394,,2024-01-01,2024-12-31,2,01/01/2024,12/31/2024
010044,MARION REGIONAL MEDICAL CENTER,1256 MILITARY STREET SOUTH,HAMILTON,AL,35570,MARION,(205) 921-6200,Emergency Department,OP_18b,"Average (median) time patients spent in the emergency department before leaving from the visit, excluding patients transferred to another facility or psychiatric care/mental health patients. A lower number of minutes is better",104,383,,2024-10-01,2025-09-30,104,10/01/2024,09/30/2025
010044,MARION REGIONAL MEDICAL CENTER,1256 MILITARY STREET SOUTH,HAMILTON,AL,35570,MARION,(205) 921-6200,Emergency Department,OP_22,Left before being seen,2,6671,,2024-01-01,2024-12-31,2,01/01/2024,12/31/2024
010045,FAYETTE MEDICAL CENTER,1653 TEMPLE AVENUE NORTH,FAYETTE,AL,35555,FAYETTE,(205) 932-5966,Emergency Department,OP_18b,"Average (median) time patients spent in the emergency department before leaving from the visit, excluding patients transferred to another facility or psychiatric care/mental health patients. A lower number of minutes is better",113,351,,2024-10-01,2025-09-30,113,10/01/2024,09/30/2025
010045,FAYETTE MEDICAL CENTER,1653 TEMPLE AVENUE NORTH,FAYETTE,AL,35555,FAYETTE,(205) 932-5966,Emergency Department,OP_22,Left before being seen,3,9867,,2024-01-01,2024-12-31,3,01/01/2024,12/31/2024
010046,RIVERVIEW REGIONAL MEDICAL CENTER,600 SOUTH THIRD STREET,GADSDEN,AL,35901,ETOWAH,(256) 543-5200,Emergency Department,OP_18b,"Average (median) time patients spent in the emergency department before leaving from the visit, excluding patients transferred to another facility or psychiatric care/mental health patients. A lower number of minutes is better",155,425,,2024-10-01,2025-09-30,155,10/01/2024,09/30/2025
010046,RIVERVIEW REGIONAL MEDICAL CENTER,600 SOUTH THIRD STREET,GADSDEN,AL,35901,ETOWAH,(256) 543-5200,Emergency Department,OP_22,Left before being seen,2,27912,,2024-01-01,2024-12-31,2,01/01/2024,12/31/2024
010049,MEDICAL CENTER ENTERPRISE,400 N EDWARDS STREET,ENTERPRISE,AL,36330,COFFEE,(334) 347-0584,Emergency Department,OP_18b,"Average (median) time patients spent in the emergency department before leaving from the visit, excluding patients transferred to another facility or psychiatric care/mental health patients. A lower number of minutes is better",142,402,,2024-10-01,2025-09-30,142,10/01/2024,09/30/2025
010049,MEDICAL CENTER ENTERPRISE,400 N EDWARDS STREET,ENTERPRISE,AL,36330,COFFEE,(334) 347-0584,Emergency Department,OP_22,Left before being seen,1,32588,,2024-01-01,2024-12-31,1,01/01/2024,12/31/2024
010051,GREENE COUNTY HOSPITAL,509 WILSON AVENUE,EUTAW,AL,35462,GREENE,(205) 372-3388,Emergency Department,OP_18b,"Average (median) time patients spent in the emergency department before leaving from the visit, excluding patients transferred to another facility or psychiatric care/mental health patients. A lower number of minutes is better",128,172,,2024-10-01,2025-09-30,128,10/01/2024,09/30/2025
010051,GREENE COUNTY HOSPITAL,509 WILSON AVENUE,EUTAW,AL,35462,GREENE,(205) 372-3388,Emergency Department,OP_22,Left before being seen,1,4065,,2024-01-01,2024-12-31,1,01/01/2024,12/31/2024
010052,LAKE MARTIN COMMUNITY HOSPITAL,201 MARIARDEN ROAD,DADEVILLE,AL,36853,TALLAPOOSA,(256) 825-7821,Emergency Department,OP_18b,"Average (median) time patients spent in the emergency department before leaving from the visit, excluding patients transferred to another facility or psychiatric care/mental health patients. A lower number of minutes is better",116,361,,2024-10-01,2025-09-30,116,10/01/2024,09/30/2025
010052,LAKE MARTIN COMMUNITY HOSPITAL,201 MARIARDEN ROAD,DADEVILLE,AL,36853,TALLAPOOSA,(256) 825-7821,Emergency Department,OP_22,Left before being seen,0,6126,,2024-01-01,2024-12-31,0,01/01/2024,12/31/2024
010055,FLOWERS HOSPITAL,4370 WEST MAIN STREET,DOTHAN,AL,36302,HOUSTON,(334) 793-5000,Emergency Department,OP_18b,"Average (median) time patients spent in the emergency department before leaving from the visit, excluding patients transferred to another facility or psychiatric care/mental health patients. A lower number of minutes is better",227,403,,2024-10-01,2025-09-30,227,10/01/2024,09/30/2025
010055,FLOWERS HOSPITAL,4370 WEST MAIN STREET,DOTHAN,AL,36302,HOUSTON,(334) 793-5000,Emergency Department,OP_22,Left before being seen,5,40287,,2024-01-01,2024-12-31,5,01/01/2024,12/31/2024
010056,ST VINCENT'S BIRMINGHAM,810 ST VINCENT'S DRIVE,BIRMINGHAM,AL,35205,JEFFERSON,(205) 939-7000,Emergency Department,OP_18b,"Average (median) time patients spent in the emergency department before leaving from the visit, excluding patients transferred to another facility or psychiatric care/mental health patients. A lower number of minutes is better",243,336,,2024-10-01,2025-09-30,243,10/01/2024,09/30/2025
010056,ST VINCENT'S BIRMINGHAM,810 ST VINCENT'S DRIVE,BIRMINGHAM,AL,35205,JEFFERSON,(205) 939-7000,Emergency Department,OP_22,Left before being seen,,Not Available,5,2024-01-01,2024-12-31,Not Available,01/01/2024,12/31/2024
010058,BIBB MEDICAL CENTER,208 PIERSON AVE,CENTREVILLE,AL,35042,BIBB,(205) 926-4881,Emergency Department,OP_18b,"Average (median) time patients spent in the emergency department before leaving from the visit, excluding patients transferred to another facility or psychiatric care/mental health patients. A lower number of minutes is better",130,570,,2024-10-01,2025-09-30,130,10/01/2024,09/30/2025
010058,BIBB MEDICAL CENTER,208 PIERSON AVE,CENTREVILLE,AL,35042,BIBB,(205) 926-4881,Emergency Department,OP_22,Left before being seen,3,14793,,2024-01-01,2024-12-31,3,01/01/2024,12/31/2024
010061,HIGHLANDS MEDICAL CENTER,380 WOODS COVE ROAD,SCOTTSBORO,AL,35768,JACKSON,(256) 259-4444,Emergency Department,OP_18b,"Average (median) time patients spent in the emergency department before leaving from the visit, excluding patients transferred to another facility or psychiatric care/mental health patients. A lower number of minutes is better",176,727,,2024-10-01,2025-09-30,176,10/01/2024,09/30/2025
010061,HIGHLANDS MEDICAL CENTER,380 WOODS COVE ROAD,SCOTTSBORO,AL,35768,JACKSON,(256) 259-4444,Emergency Department,OP_22,Left before being seen,3,18118,,2024-01-01,2024-12-31,3,01/01/2024,12/31/2024
010062,WIREGRASS MEDICAL CENTER,1200 W MAPLE AVENUE,GENEVA,AL,36340,GENEVA,(334) 684-3655,Emergency Department,OP_18b,"Average (median) time patients spent in the emergency department before leaving from the visit, excluding patients transferred to another facility or psychiatric care/mental health patients. A lower number of minutes is better",110,130,3,2024-10-01,2025-09-30,110,10/01/2024,09/30/2025
010062,WIREGRASS MEDICAL CENTER,1200 W MAPLE AVENUE,GENEVA,AL,36340,GENEVA,(334) 684-3655,Emergency Department,OP_22,Left before being seen,4,9281,,2024-01-01,2024-12-31,4,01/01/2024,12/31/2024
010065,RUSSELL MEDICAL CENTER,3316 HIGHWAY 280,ALEXANDER CITY,AL,35010,TALLAPOOSA,(256) 329-7100,Emergency Department,OP_18b,"Average (median) time patients spent in the emergency department before leaving from the visit, excluding patients transferred to another facility or psychiatric care/mental health patients. A lower number of minutes is better",138,466,,2024-10-01,2025-09-30,138,10/01/2024,09/30/2025
010065,RUSSELL MEDICAL CENTER,3316 HIGHWAY 280,ALEXANDER CITY,AL,35010,TALLAPOOSA,(256) 329-7100,Emergency Department,OP_22,Left before being seen,2,20291,,2024-01-01,2024-12-31,2,01/01/2024,12/31/2024
010073,CLAY COUNTY HOSPITAL,83825 HIGHWAY 9    P O BOX 1270,ASHLAND,AL,36251,CLAY,(256) 354-2131,Emergency Department,OP_18b,"Average (median) time patients spent in the emergency department before leaving from the visit, excluding patients transferred to another facility or psychiatric care/mental health patients. A lower number of minutes is better",91,351,,2024-10-01,2025-09-30,91,10/01/2024,09/30/2025
010073,CLAY COUNTY HOSPITAL,83825 HIGHWAY 9    P O BOX 1270,ASHLAND,AL,36251,CLAY,(256) 354-2131,Emergency Department,OP_22,Left before being seen,0,4633,,2024-01-01,2024-12-31,0,01/01/2024,12/31/2024
010078,NORTHEAST ALABAMA REGIONAL MEDICAL CENTER,400 EAST 10TH STREET,ANNISTON,AL,36207,CALHOUN,(256) 235-5121,Emergency Department,OP_18b,"Average (median) time patients spent in the emergency department before leaving from the visit, excluding patients transferred to another facility or psychiatric care/mental health patients. A lower number of minutes is better",244,367,,2024-10-01,2025-09-30,244,10/01/2024,09/30/2025
010078,NORTHEAST ALABAMA REGIONAL MEDICAL CENTER,400 EAST 10TH STREET,ANNISTON,AL,36207,CALHOUN,(256) 235-5121,Emergency Department,OP_22,Left before being seen,4,39422,,2024-01-01,2024-12-31,4,01/01/2024,12/31/2024
010079,ATHENS LIMESTONE HOSPITAL,700 WEST MARKET STREET,ATHENS,AL,35611,LIMESTONE,(256) 233-9292,Emergency Department,OP_18b,"Average (median) time patients spent in the emergency department before leaving from the visit, excluding patients transferred to another facility or psychiatric care/mental health patients. A lower number of minutes is better",178,354,,2024-10-01,2025-09-30,178,10/01/2024,09/30/2025
010079,ATHENS LIMESTONE HOSPITAL,700 WEST MARKET STREET,ATHENS,AL,35611,LIMESTONE,(256) 233-9292,Emergency Department,OP_22,Left before being seen,2,29677,,2024-01-01,2024-12-31,2,01/01/2024,12/31/2024
010083,BALDWIN HEALTH,1613 NORTH MCKENZIE STREET,FOLEY,AL,36535,BALDWIN,(251) 949-3400,Emergency Department,OP_18b,"Average (median) time patients spent in the emergency department before leaving from the visit, excluding patients transferred to another facility or psychiatric care/mental health patients. A lower number of minutes is better",140,411,,2024-10-01,2025-09-30,140,10/01/2024,09/30/2025
010083,BALDWIN HEALTH,1613 NORTH MCKENZIE STREET,FOLEY,AL,36535,BALDWIN,(251) 949-3400,Emergency Department,OP_22,Left before being seen,2,58281,,2024-01-01,2024-12-31,2,01/01/2024,12/31/2024
010085,DECATUR MORGAN HOSPITAL - DECATUR CAMPUS,1201 7TH STREET SE,DECATUR,AL,35601,MORGAN,(256) 341-2000,Emergency Department,OP_18b,"Average (median) time patients spent in the emergency department before leaving from the visit, excluding patients transferred to another facility or psychiatric care/mental health patients. A lower number of minutes is better",160,424,,2024-10-01,2025-09-30,160,10/01/2024,09/30/2025
010085,DECATUR MORGAN HOSPITAL - DECATUR CAMPUS,1201 7TH STREET SE,DECATUR,AL,35601,MORGAN,(256) 341-2000,Emergency Department,OP_22,Left before being seen,1,55013,,2024-01-01,2024-12-31,1,01/01/2024,12/31/2024
010086,NORTH MISSISSIPPI HEALTH SERVICES - SOUTH MARION,1530 U S HIGHWAY 43,WINFIELD,AL,35594,FAYETTE,(205) 487-7000,Emergency Department,OP_18b,"Average (median) time patients spent in the emergency department before leaving from the visit, excluding patients transferred to another facility or psychiatric care/mental health patients. A lower number of minutes is better",130,666,,2024-10-01,2025-09-30,130,10/01/2024,09/30/2025
010086,NORTH MISSISSIPPI HEALTH SERVICES - SOUTH MARION,1530 U S HIGHWAY 43,WINFIELD,AL,35594,FAYETTE,(205) 487-7000,Emergency Department,OP_22,Left before being seen,4,11379,,2024-01-01,2024-12-31,4,01/01/2024,12/31/2024
010087,USA HEALTH UNIVERSITY HOSPITAL,2451 FILLINGIM STREET,MOBILE,AL,36617,MOBILE,(251) 471-7110,Emergency Department,OP_18b,"Average (median) time patients spent in the emergency department before leaving from the visit, excluding patients transferred to another facility or psychiatric care/mental health patients. A lower number of minutes is better",211,385,,2024-10-01,2025-09-30,211,10/01/2024,09/30/2025
010087,USA HEALTH UNIVERSITY HOSPITAL,2451 FILLINGIM STREET,MOBILE,AL,36617,MOBILE,(251) 471-7110,Emergency Department,OP_22,Left before being seen,2,34917,,2024-01-01,2024-12-31,2,01/01/2024,12/31/2024
010089,WALKER BAPTIST MEDICAL CENTER,3400 HIGHWAY 78 EAST,JASPER,AL,35502,WALKER,(205) 387-4000,Emergency Department,OP_18b,"Average (median) time patients spent in the emergency department before leaving from the visit, excluding patients transferred to another facility or psychiatric care/mental health patients. A lower number of minutes is better",155,427,,2024-10-01,2025-09-30,155,10/01/2024,09/30/2025
010089,WALKER BAPTIST MEDICAL CENTER,3400 HIGHWAY 78 EAST,JASPER,AL,35502,WALKER,(205) 387-4000,Emergency Department,OP_22,Left before being seen,3,31684,,2024-01-01,2024-12-31,3,01/01/2024,12/31/2024
010090,"USA HEALTH HCA PROVIDENCE HOSPITAL, LLC",6801 AIRPORT BOULEVARD,MOBILE,AL,36608,MOBILE,(251) 633-1000,Emergency Department,OP_18b,"Average (median) time patients spent in the emergency department before leaving from the visit, excluding patients transferred to another facility or psychiatric care/mental health patients. A lower number of minutes is better",212,394,,2024-10-01,2025-09-30,212,10/01/2024,09/30/2025
010090,"USA HEALTH HCA PROVIDENCE HOSPITAL, LLC",6801 AIRPORT BOULEVARD,MOBILE,AL,36608,MOBILE,(251) 633-1000,Emergency Department,OP_22,Left before being seen,6,39611,,2024-01-01,2024-12-31,6,01/01/2024,12/31/2024
010091,GROVE HILL MEMORIAL HOSPITAL,295 JACKSON HWY S,GROVE HILL,AL,36451,CLARKE,(251) 275-3191,Emergency Department,OP_18b,"Average (median) time patients spent in the emergency department before leaving from the visit, excluding patients transferred to another facility or psychiatric care/mental health patients. A lower number of minutes is better",166,357,,2024-10-01,2025-09-30,166,10/01/2024,09/30/2025
010091,GROVE HILL MEMORIAL HOSPITAL,295 JACKSON HWY S,GROVE HILL,AL,36451,CLARKE,(251) 275-3191,Emergency Department,OP_22,Left before being seen,2,6138,,2024-01-01,2024-12-31,2,01/01/2024,12/31/2024
010092,DCH REGIONAL MEDICAL CENTER,809 UNIVERSITY BOULEVARD EAST,TUSCALOOSA,AL,35401,TUSCALOOSA,(205) 759-7111,Emergency Department,OP_18b,"Average (median) time patients spent in the emergency department before leaving from the visit, excluding patients transferred to another facility or psychiatric care/mental health patients. A lower number of minutes is better",237,382,,2024-10-01,2025-09-30,237,10/01/2024,09/30/2025
010092,DCH REGIONAL MEDICAL CENTER,809 UNIVERSITY BOULEVARD EAST,TUSCALOOSA,AL,35401,TUSCALOOSA,(205) 759-7111,Emergency Department,OP_22,Left before being seen,4,100971,,2024-01-01,2024-12-31,4,01/01/2024,12/31/2024
010095,HALE COUNTY HOSPITAL,508 GREENE STREET,GREENSBORO,AL,36744,HALE,(334) 624-3024,Emergency Department,OP_18b,"Average (median) time patients spent in the emergency department before leaving from the visit, excluding patients transferred to another facility or psychiatric care/mental health patients. A lower number of minutes is better",100,336,,2024-10-01,2025-09-30,100,10/01/2024,09/30/2025
010095,HALE COUNTY HOSPITAL,508 GREENE STREET,GREENSBORO,AL,36744,HALE,(334) 624-3024,Emergency Department,OP_22,Left before being seen,4,10002,,2024-01-01,2024-12-31,4,01/01/2024,12/31/2024
010097,ELMORE COMMUNITY HOSPITAL,500 HOSPITAL DRIVE,WETUMPKA,AL,36092,ELMORE,(334) 567-4311,Emergency Department,OP_18b,"Average (median) time patients spent in the emergency department before leaving from the visit, excluding patients transferred to another facility or psychiatric care/mental health patients. A lower number of minutes is better",110,333,,2024-10-01,2025-09-30,110,10/01/2024,09/30/2025
010097,ELMORE COMMUNITY HOSPITAL,500 HOSPITAL DRIVE,WETUMPKA,AL,36092,ELMORE,(334) 567-4311,Emergency Department,OP_22,Left before being seen,3,10773,,2024-01-01,2024-12-31,3,01/01/2024,12/31/2024
010099,D W MCMILLAN MEMORIAL HOSPITAL,1301 BELLEVILLE AVENUE,BREWTON,AL,36426,ESCAMBIA,(251) 867-8061,Emergency Department,OP_18b,"Average (median) time patients spent in the emergency department before leaving from the visit, excluding patients transferred to another facility or psychiatric care/mental health patients. A lower number of minutes is better",166,395,,2024-10-01,2025-09-30,166,10/01/2024,09/30/2025
010099,D W MCMILLAN MEMORIAL HOSPITAL,1301 BELLEVILLE AVENUE,BREWTON,AL,36426,ESCAMBIA,(251) 867-8061,Emergency Department,OP_22,Left before being seen,4,11562,,2024-01-01,2024-12-31,4,01/01/2024,12/31/2024
010100,THOMAS HOSPITAL,750 MORPHY AVENUE,FAIRHOPE,AL,36532,BALDWIN,(251) 928-2375,Emergency Department,OP_18b,"Average (median) time patients spent in the emergency department before leaving from the visit, excluding patients transferred to another facility or psychiatric care/mental health patients. A lower number of minutes is better",188,376,,2024-10-01,2025-09-30,188,10/01/2024,09/30/2025
010100,THOMAS HOSPITAL,750 MORPHY AVENUE,FAIRHOPE,AL,36532,BALDWIN,(251) 928-2375,Emergency Department,OP_22,Left before being seen,5,28834,,2024-01-01,2024-12-31,5,01/01/2024,12/31/2024
010101,CITIZENS BAPTIST MEDICAL CENTER,604 STONE AVENUE,TALLADEGA,AL,35160,TALLADEGA,(256) 761-4542,Emergency Department,OP_18b,"Average (median) time patients spent in the emergency department before leaving from the visit, excluding patients transferred to another facility or psychiatric care/mental health patients. A lower number of minutes is better",118,407,,2024-10-01,2025-09-30,118,10/01/2024,09/30/2025
010101,CITIZENS BAPTIST MEDICAL CENTER,604 STONE AVENUE,TALLADEGA,AL,35160,TALLADEGA,(256) 761-4542,Emergency Department,OP_22,Left before being seen,1,17410,,2024-01-01,2024-12-31,1,01/01/2024,12/31/2024
010103,PRINCETON BAPTIST MEDICAL CENTER,701 PRINCETON AVENUE SOUTHWEST,BIRMINGHAM,AL,35211,JEFFERSON,(205) 783-3800,Emergency Department,OP_18b,"Average (median) time patients spent in the emergency department before leaving from the visit, excluding patients transferred to another facility or psychiatric care/mental health patients. A lower number of minutes is better",164,424,,2024-10-01,2025-09-30,164,10/01/2024,09/30/2025
010103,PRINCETON BAPTIST MEDICAL CENTER,701 PRINCETON AVENUE SOUTHWEST,BIRMINGHAM,AL,35211,JEFFERSON,(205) 783-3800,Emergency Department,OP_22,Left before being seen,1,27799,,2024-01-01,2024-12-31,1,01/01/2024,12/31/2024
010104,GRANDVIEW MEDICAL CENTER,3690 GRANDVIEW PARKWAY,BIRMINGHAM,AL,35243,JEFFERSON,(205) 971-1000,Emergency Department,OP_18b,"Average (median) time patients spent in the emergency department before leaving from the visit, excluding patients transferred to another facility or psychiatric care/mental health patients. A lower number of minutes is better",174,415,,2024-10-01,2025-09-30,174,10/01/2024,09/30/2025
010104,GRANDVIEW MEDICAL CENTER,3690 GRANDVIEW PARKWAY,BIRMINGHAM,AL,35243,JEFFERSON,(205) 971-1000,Emergency Department,OP_22,Left before being seen,1,62315,,2024-01-01,2024-12-31,1,01/01/2024,12/31/2024
010108,PRATTVILLE BAPTIST HOSPITAL,124 S MEMORIAL DR,PRATTVILLE,AL,36067,AUTAUGA,(334) 361-4267,Emergency Department,OP_18b,"Average (median) time patients spent in the emergency department before leaving from the visit, excluding patients transferred to another facility or psychiatric care/mental health patients. A lower number of minutes is better",204,391,,2024-10-01,2025-09-30,204,10/01/2024,09/30/2025
010108,PRATTVILLE BAPTIST HOSPITAL,124 S MEMORIAL DR,PRATTVILLE,AL,36067,AUTAUGA,(334) 361-4267,Emergency Department,OP_22,Left before being seen,6,29793,,2024-01-01,2024-12-31,6,01/01/2024,12/31/2024
010110,BULLOCK COUNTY HOSPITAL,102 WEST CONECUH AVENUE,UNION SPRINGS,AL,36089,BULLOCK,(334) 738-2140,Emergency Department,OP_18b,"Average (median) time patients spent in the emergency department before leaving from the visit, excluding patients transferred to another facility or psychiatric care/mental health patients. A lower number of minutes is better",,Not Available,5,2024-10-01,2025-09-30,Not Available,10/01/2024,09/30/2025
010110,BULLOCK COUNTY HOSPITAL,102 WEST CONECUH AVENUE,UNION SPRINGS,AL,36089,BULLOCK,(334) 738-2140,Emergency Department,OP_22,Left before being seen,,Not Available,5,2024-01-01,2024-12-31,Not Available,01/01/2024,12/31/2024
010112,WHITFIELD REGIONAL HOSPITAL,105 HIGHWAY 80 EAST,DEMOPOLIS,AL,36732,MARENGO,(334) 289-4000,Emergency Department,OP_18b,"Average (median) time patients spent in the emergency department before leaving from the visit, excluding patients transferred to another facility or psychiatric care/mental health patients. A lower number of minutes is better",119,363,,2024-10-01,2025-09-30,119,10/01/2024,09/30/2025
010112,WHITFIELD REGIONAL HOSPITAL,105 HIGHWAY 80 EAST,DEMOPOLIS,AL,36732,MARENGO,(334) 289-4000,Emergency Department,OP_22,Left before being seen,0,10524,,2024-01-01,2024-12-31,0,01/01/2024,12/31/2024
010113,MOBILE INFIRMARY MEDICAL CENTER,5 MOBILE INFIRMARY CIRCLE,MOBILE,AL,36607,MOBILE,(251) 435-4700,Emergency Department,OP_18b,"Average (median) time patients spent in the emergency department before leaving from the visit, excluding patients transferred to another facility or psychiatric care/mental health patients. A lower number of minutes is better",185,395,,2024-10-01,2025-09-30,185,10/01/2024,09/30/2025
010113,MOBILE INFIRMARY MEDICAL CENTER,5 MOBILE INFIRMARY CIRCLE,MOBILE,AL,36607,MOBILE,(251) 435-4700,Emergency Department,OP_22,Left before being seen,4,38694,,2024-01-01,2024-12-31,4,01/01/2024,12/31/2024
010114,"MEDICAL WEST, AN AFFILIATE OF UAB HEALTH SYSTEM",995 9TH AVENUE SOUTHWEST,BESSEMER,AL,35022,JEFFERSON,(205) 481-7000,Emergency Department,OP_18b,"Average (median) time patients spent in the emergency department before leaving from the visit, excluding patients transferred to another facility or psychiatric care/mental health patients. A lower number of minutes is better",147,708,,2024-10-01,2025-09-30,147,10/01/2024,09/30/2025
010114,"MEDICAL WEST, AN AFFILIATE OF UAB HEALTH SYSTEM",995 9TH AVENUE SOUTHWEST,BESSEMER,AL,35022,JEFFERSON,(205) 481-7000,Emergency Department,OP_22,Left before being seen,2,36206,,2024-01-01,2024-12-31,2,01/01/2024,12/31/2024
010118,VAUGHAN REGIONAL MEDICAL CENTER PARKWAY CAMPUS,1015 MEDICAL CENTER PARKWAY,SELMA,AL,36701,DALLAS,(334) 418-4100,Emergency Department,OP_18b,"Average (median) time patients spent in the emergency department before leaving from the visit, excluding patients transferred to another facility or psychiatric care/mental health patients. A lower number of minutes is better",164,392,,2024-10-01,2025-09-30,164,10/01/2024,09/30/2025
010118,VAUGHAN REGIONAL MEDICAL CENTER PARKWAY CAMPUS,1015 MEDICAL CENTER PARKWAY,SELMA,AL,36701,DALLAS,(334) 418-4100,Emergency Department,OP_22,Left before being seen,2,20746,,2024-01-01,2024-12-31,2,01/01/2024,12/31/2024
010125,LAKELAND COMMUNITY HOSPITAL,42024 HIGHWAY 195 E,HALEYVILLE,AL,35565,WINSTON,(205) 485-7117,Emergency Department,OP_18b,"Average (median) time patients spent in the emergency department before leaving from the visit, excluding patients transferred to another facility or psychiatric care/mental health patients. A lower number of minutes is better",96,417,,2024-10-01,2025-09-30,96,10/01/2024,09/30/2025
010125,LAKELAND COMMUNITY HOSPITAL,42024 HIGHWAY 195 E,HALEYVILLE,AL,35565,WINSTON,(205) 485-7117,Emergency Department,OP_22,Left before being seen,2,8628,,2024-01-01,2024-12-31,2,01/01/2024,12/31/2024
010126,TROY REGIONAL MEDICAL CENTER,1330 HIGHWAY 231 SOUTH,TROY,AL,36081,PIKE,(334) 670-5000,Emergency Department,OP_18b,"Average (median) time patients spent in the emergency department before leaving from the visit, excluding patients transferred to another facility or psychiatric care/mental health patients. A lower number of minutes is better",112,353,,2024-10-01,2025-09-30,112,10/01/2024,09/30/2025
010126,TROY REGIONAL MEDICAL CENTER,1330 HIGHWAY 231 SOUTH,TROY,AL,36081,PIKE,(334) 670-5000,Emergency Department,OP_22,Left before being seen,1,20684,,2024-01-01,2024-12-31,1,01/01/2024,12/31/2024
010128,JACKSON MEDICAL CENTER,220 HOSPITAL DRIVE,JACKSON,AL,36545,CLARKE,(251) 246-9021,Emergency Department,OP_18b,"Average (median) time patients spent in the emergency department before leaving from the visit, excluding patients transferred to another facility or psychiatric care/mental health patients. A lower number of minutes is better",124,308,,2024-10-01,2025-09-30,124,10/01/2024,09/30/2025
010128,JACKSON MEDICAL CENTER,220 HOSPITAL DRIVE,JACKSON,AL,36545,CLARKE,(251) 246-9021,Emergency Department,OP_22,Left before being seen,6,4071,,2024-01-01,2024-12-31,6,01/01/2024,12/31/2024
010129,NORTH BALDWIN INFIRMARY,1815 HAND AVENUE,BAY MINETTE,AL,36507,BALDWIN,(251) 937-5521,Emergency Department,OP_18b,"Average (median) time patients spent in the emergency department before leaving from the visit, excluding patients transferred to another facility or psychiatric care/mental health patients. A lower number of minutes is better",180,372,,2024-10-01,2025-09-30,180,10/01/2024,09/30/2025
010129,NORTH BALDWIN INFIRMARY,1815 HAND AVENUE,BAY MINETTE,AL,36507,BALDWIN,(251) 937-5521,Emergency Department,OP_22,Left before being seen,4,16857,,2024-01-01,2024-12-31,4,01/01/2024,12/31/2024
010130,ST VINCENT'S ST CLAIR,7063 VETERANS PARKWAY,PELL CITY,AL,35125,ST. CLAIR,(205) 338-3301,Emergency Department,OP_18b,"Average (median) time patients spent in the emergency department before leaving from the visit, excluding patients transferred to another facility or psychiatric care/mental health patients. A lower number of minutes is better",154,352,,2024-10-01,2025-09-30,154,10/01/2024,09/30/2025
010130,ST VINCENT'S ST CLAIR,7063 VETERANS PARKWAY,PELL CITY,AL,35125,ST. CLAIR,(205) 338-3301,Emergency Department,OP_22,Left before being seen,,Not Available,5,2024-01-01,2024-12-31,Not Available,01/01/2024,12/31/2024
010131,CRESTWOOD MEDICAL CENTER,ONE HOSPITAL DR SE,HUNTSVILLE,AL,35801,MADISON,(256) 429-4000,Emergency Department,OP_18b,"Average (median) time patients spent in the emergency department before leaving from the visit, excluding patients transferred to another facility or psychiatric care/mental health patients. A lower number of minutes is better",164,418,,2024-10-01,2025-09-30,164,10/01/2024,09/30/2025
010131,CRESTWOOD MEDICAL CENTER,ONE HOSPITAL DR SE,HUNTSVILLE,AL,35801,MADISON,(256) 429-4000,Emergency Department,OP_22,Left before being seen,0,48403,,2024-01-01,2024-12-31,0,01/01/2024,12/31/2024
010138,HILL HOSPITAL OF SUMTER COUNTY,751 DERBY DRIVE,YORK,AL,36925,SUMTER,(205) 392-5263,Emergency Department,OP_18b,"Average (median) time patients spent in the emergency department before leaving from the visit, excluding patients transferred to another facility or psychiatric care/mental health patients. A lower number of minutes is better",141,281,,2024-10-01,2025-09-30,141,10/01/2024,09/30/2025
010138,HILL HOSPITAL OF SUMTER COUNTY,751 DERBY DRIVE,YORK,AL,36925,SUMTER,(205) 392-5263,Emergency Department,OP_22,Left before being seen,2,2458,,2024-01-01,2024-12-31,2,01/01/2024,12/31/2024
010139,BAPTIST HEALTH BROOKWOOD HOSPITAL,2010 BROOKWOOD MEDICAL CENTER DRIVE,BIRMINGHAM,AL,35209,JEFFERSON,(205) 877-1000,Emergency Department,OP_18b,"Average (median) time patients spent in the emergency department before leaving from the visit, excluding patients transferred to another facility or psychiatric care/mental health patients. A lower number of minutes is better",158,426,,2024-10-01,2025-09-30,158,10/01/2024,09/30/2025
010139,BAPTIST HEALTH BROOKWOOD HOSPITAL,2010 BROOKWOOD MEDICAL CENTER DRIVE,BIRMINGHAM,AL,35209,JEFFERSON,(205) 877-1000,Emergency Department,OP_22,Left before being seen,2,34319,,2024-01-01,2024-12-31,2,01/01/2024,12/31/2024
010144,SPRINGHILL MEDICAL CENTER,3719 DAUPHIN STREET,MOBILE,AL,36608,MOBILE,(251) 460-5220,Emergency Department,OP_18b,"Average (median) time patients spent in the emergency department before leaving from the visit, excluding patients transferred to another facility or psychiatric care/mental health patients. A lower number of minutes is better",147,651,,2024-10-01,2025-09-30,147,10/01/2024,09/30/2025
010144,SPRINGHILL MEDICAL CENTER,3719 DAUPHIN STREET,MOBILE,AL,36608,MOBILE,(251) 460-5220,Emergency Department,OP_22,Left before being seen,2,46504,,2024-01-01,2024-12-31,2,01/01/2024,12/31/2024
010148,EVERGREEN MEDICAL CENTER,101 CRESTVIEW AVENUE,EVERGREEN,AL,36401,CONECUH,(251) 578-2480,Emergency Department,OP_18b,"Average (median) time patients spent in the emergency department before leaving from the visit, excluding patients transferred to another facility or psychiatric care/mental health patients. A lower number of minutes is better",118,337,,2024-10-01,2025-09-30,118,10/01/2024,09/30/2025
010148,EVERGREEN MEDICAL CENTER,101 CRESTVIEW AVENUE,EVERGREEN,AL,36401,CONECUH,(251) 578-2480,Emergency Department,OP_22,Left before being seen,2,5909,,2024-01-01,2024-12-31,2,01/01/2024,12/31/2024
010149,BAPTIST MEDICAL CENTER EAST,400 TAYLOR ROAD,MONTGOMERY,AL,36117,MONTGOMERY,(334) 244-8330,Emergency Department,OP_18b,"Average (median) time patients spent in the emergency department before leaving from the visit, excluding patients transferred to another facility or psychiatric care/mental health patients. A lower number of minutes is better",239,399,,2024-10-01,2025-09-30,239,10/01/2024,09/30/2025
010149,BAPTIST MEDICAL CENTER EAST,400 TAYLOR ROAD,MONTGOMERY,AL,36117,MONTGOMERY,(334) 244-8330,Emergency Department,OP_22,Left before being seen,6,54340,,2024-01-01,2024-12-31,6,01/01/2024,12/31/2024
010150,THE HEALTH CARE AUTHORITY OF THE CITY OF GREENVILLE- LV STABLER HOSPITAL,29 L V STABLER DRIVE,GREENVILLE,AL,36037,BUTLER,(334) 382-2200,Emergency Department,OP_18b,"Average (median) time patients spent in the emergency department before leaving from the visit, excluding patients transferred to another facility or psychiatric care/mental health patients. A lower number of minutes is better",115,353,,2024-10-01,2025-09-30,115,10/01/2024,09/30/2025
010150,THE HEALTH CARE AUTHORITY OF THE CITY OF GREENVILLE- LV STABLER HOSPITAL,29 L V STABLER DRIVE,GREENVILLE,AL,36037,BUTLER,(334) 382-2200,Emergency Department,OP_22,Left before being seen,1,11416,,2024-01-01,2024-12-31,1,01/01/2024,12/31/2024
010157,NORTH ALABAMA SHOALS HOSPITAL,201 WEST AVALON AVENUE,MUSCLE SHOALS,AL,35661,COLBERT,(256) 386-1601,Emergency Department,OP_18b,"Average (median) time patients spent in the emergency department before leaving from the visit, excluding patients transferred to another facility or psychiatric care/mental health patients. A lower number of minutes is better",103,348,,2024-10-01,2025-09-30,103,10/01/2024,09/30/2025
010157,NORTH ALABAMA SHOALS HOSPITAL,201 WEST AVALON AVENUE,MUSCLE SHOALS,AL,35661,COLBERT,(256) 386-1601,Emergency Department,OP_22,Left before being seen,1,9078,,2024-01-01,2024-12-31,1,01/01/2024,12/31/2024
010158,RUSSELLVILLE HOSPITAL,15155 HIGHWAY 43,RUSSELLVILLE,AL,35653,FRANKLIN,(256) 332-1611,Emergency Department,OP_18b,"Average (median) time patients spent in the emergency department before leaving from the visit, excluding patients transferred to another facility or psychiatric care/mental health patients. A lower number of minutes is better",101,381,,2024-10-01,2025-09-30,101,10/01/2024,09/30/2025
010158,RUSSELLVILLE HOSPITAL,15155 HIGHWAY 43,RUSSELLVILLE,AL,35653,FRANKLIN,(256) 332-1611,Emergency Department,OP_22,Left before being seen,1,9745,,2024-01-01,2024-12-31,1,01/01/2024,12/31/2024
010164,COOSA VALLEY MEDICAL CENTER,315 W HICKORY ST,SYLACAUGA,AL,35150,TALLADEGA,(256) 249-5000,Emergency Department,OP_18b,"Average (median) time patients spent in the emergency department before leaving from the visit, excluding patients transferred to another facility or psychiatric care/mental health patients. A lower number of minutes is better",124,479,,2024-10-01,2025-09-30,124,10/01/2024,09/30/2025
010164,COOSA VALLEY MEDICAL CENTER,315 W HICKORY ST,SYLACAUGA,AL,35150,TALLADEGA,(256) 249-5000,Emergency Department,OP_22,Left before being seen,0,22720,,2024-01-01,2024-12-31,0,01/01/2024,12/31/2024
010168,JACK HUGHSTON MEMORIAL HOSPITAL,4401 RIVER CHASE DRIVE,PHENIX CITY,AL,36867,RUSSELL,(334) 732-3000,Emergency Department,OP_18b,"Average (median) time patients spent in the emergency department before leaving from the visit, excluding patients transferred to another facility or psychiatric care/mental health patients. A lower number of minutes is better",129,409,,2024-10-01,2025-09-30,129,10/01/2024,09/30/2025
010168,JACK HUGHSTON MEMORIAL HOSPITAL,4401 RIVER CHASE DRIVE,PHENIX CITY,AL,36867,RUSSELL,(334) 732-3000,Emergency Department,OP_22,Left before being seen,1,17625,,2024-01-01,2024-12-31,1,01/01/2024,12/31/2024
010169,ATMORE COMMUNITY HOSPITAL,401 MEDICAL PARK DRIVE,ATMORE,AL,36502,ESCAMBIA,(251) 368-2500,Emergency Department,OP_18b,"Average (median) time patients spent in the emergency department before leaving from the visit, excluding patients transferred to another facility or psychiatric care/mental health patients. A lower number of minutes is better",126,411,,2024-10-01,2025-09-30,126,10/01/2024,09/30/2025
010169,ATMORE COMMUNITY HOSPITAL,401 MEDICAL PARK DRIVE,ATMORE,AL,36502,ESCAMBIA,(251) 368-2500,Emergency Department,OP_22,Left before being seen,3,10808,,2024-01-01,2024-12-31,3,01/01/2024,12/31/2024
010173,ST VINCENT'S CHILTON,2030 LAY DAM ROAD,CLANTON,AL,35045,CHILTON,(205) 258-4400,Emergency Department,OP_18b,"Average (median) time patients spent in the emergency department before leaving from the visit, excluding patients transferred to another facility or psychiatric care/mental health patients. A lower number of minutes is better",164,342,,2024-10-01,2025-09-30,164,10/01/2024,09/30/2025
010173,ST VINCENT'S CHILTON,2030 LAY DAM ROAD,CLANTON,AL,35045,CHILTON,(205) 258-4400,Emergency Department,OP_22,Left before being seen,,Not Available,5,2024-01-01,2024-12-31,Not Available,01/01/2024,12/31/2024
010779,BULLOCK COUNTY HOSPITAL,102 WEST CONECUH AVENUE,UNION SPRINGS,AL,36089,BULLOCK,(334) 738-2140,Emergency Department,OP_18b,"Average (median) time patients spent in the emergency department before leaving from the visit, excluding patients transferred to another facility or psychiatric care/mental health patients. A lower number of minutes is better",,Not Available,19,2024-10-01,2025-09-30,Not Available,10/01/2024,09/30/2025
010779,BULLOCK COUNTY HOSPITAL,102 WEST CONECUH AVENUE,UNION SPRINGS,AL,36089,BULLOCK,(334) 738-2140,Emergency Department,OP_22,Left before being seen,,Not Available,19,2024-01-01,2024-12-31,Not Available,01/01/2024,12/31/2024
010780,EAMC - LANIER,4800 48TH STREET,VALLEY,AL,36854,CHAMBERS,(334) 756-9180,Emergency Department,OP_18b,"Average (median) time patients spent in the emergency department before leaving from the visit, excluding patients transferred to another facility or psychiatric care/mental health patients. A lower number of minutes is better",,Not Available,19,2024-10-01,2025-09-30,Not Available,10/01/2024,09/30/2025
010780,EAMC - LANIER,4800 48TH STREET,VALLEY,AL,36854,CHAMBERS,(334) 756-9180,Emergency Department,OP_22,Left before being seen,,Not Available,19,2024-01-01,2024-12-31,Not Available,01/01/2024,12/31/2024
010781,J PAUL JONES HOSPITAL,317 MCWILLIAMS AVENUE,CAMDEN,AL,36726,WILCOX,(334) 682-4131,Emergency Department,OP_18b,"Average (median) time patients spent in the emergency department before leaving from the visit, excluding patients transferred to another facility or psychiatric care/mental health patients. A lower number of minutes is better",,Not Available,19,2024-10-01,2025-09-30,Not Available,10/01/2024,09/30/2025
010781,J PAUL JONES HOSPITAL,317 MCWILLIAMS AVENUE,CAMDEN,AL,36726,WILCOX,(334) 682-4131,Emergency Department,OP_22,Left before being seen,,Not Available,19,2024-01-01,2024-12-31,Not Available,01/01/2024,12/31/2024
011300,WASHINGTON COUNTY HOSPITAL,14600 ST. STEPHENS AVENUE,CHATOM,AL,36518,WASHINGTON,(251) 847-2223,Emergency Department,OP_18b,"Average (median) time patients spent in the emergency department before leaving from the visit, excluding patients transferred to another facility or psychiatric care/mental health patients. A lower number of minutes is better",,Not Available,5,2024-10-01,2025-09-30,Not Available,10/01/2024,09/30/2025
011300,WASHINGTON COUNTY HOSPITAL,14600 ST. STEPHENS AVENUE,CHATOM,AL,36518,WASHINGTON,(251) 847-2223,Emergency Department,OP_22,Left before being seen,,Not Available,5,2024-01-01,2024-12-31,Not Available,01/01/2024,12/31/2024
011302,RED BAY HOSPITAL,211 HOSPITAL ROAD,RED BAY,AL,35582,FRANKLIN,(256) 356-9532,Emergency Department,OP_18b,"Average (median) time patients spent in the emergency department before leaving from the visit, excluding patients transferred to another facility or psychiatric care/mental health patients. A lower number of minutes is better",131,312,,2024-10-01,2025-09-30,131,10/01/2024,09/30/2025
011302,RED BAY HOSPITAL,211 HOSPITAL ROAD,RED BAY,AL,35582,FRANKLIN,(256) 356-9532,Emergency Department,OP_22,Left before being seen,1,3575,,2024-01-01,2024-12-31,1,01/01/2024,12/31/2024
011304,OCHSNER CHOCTAW GENERAL,"401 VANITY FAIR LANE, PO BOX 618",BUTLER,AL,36904,CHOCTAW,(205) 459-9100,Emergency Department,OP_18b,"Average (median) time patients spent in the emergency department before leaving from the visit, excluding patients transferred to another facility or psychiatric care/mental health patients. A lower number of minutes is better",119,363,,2024-10-01,2025-09-30,119,10/01/2024,09/30/2025
011304,OCHSNER CHOCTAW GENERAL,"401 VANITY FAIR LANE, PO BOX 618",BUTLER,AL,36904,CHOCTAW,(205) 459-9100,Emergency Department,OP_22,Left before being seen,1,5990,,2024-01-01,2024-12-31,1,01/01/2024,12/31/2024
011305,ST VINCENTS BLOUNT,150 GILBREATH DRIVE,ONEONTA,AL,35121,BLOUNT,(205) 274-3000,Emergency Department,OP_18b,"Average (median) time patients spent in the emergency department before leaving from the visit, excluding patients transferred to another facility or psychiatric care/mental health patients. A lower number of minutes is better",132,336,,2024-10-01,2025-09-30,132,10/01/2024,09/30/2025
011305,ST VINCENTS BLOUNT,150 GILBREATH DRIVE,ONEONTA,AL,35121,BLOUNT,(205) 274-3000,Emergency Department,OP_22,Left before being seen,2,13794,,2024-01-01,2024-12-31,2,01/01/2024,12/31/2024
011306,TANNER MEDICAL CENTER-EAST ALABAMA,1032 MAIN STREET SOUTH,WEDOWEE,AL,36278,RANDOLPH,(256) 357-2111,Emergency Department,OP_18b,"Average (median) time patients spent in the emergency department before leaving from the visit, excluding patients transferred to another facility or psychiatric care/mental health patients. A lower number of minutes is better",96,536,,2024-10-01,2025-09-30,96,10/01/2024,09/30/2025
011306,TANNER MEDICAL CENTER-EAST ALABAMA,1032 MAIN STREET SOUTH,WEDOWEE,AL,36278,RANDOLPH,(256) 357-2111,Emergency Department,OP_22,Left before being seen,0,14844,,2024-01-01,2024-12-31,0,01/01/2024,12/31/2024
011307,MEDICAL CENTER BARBOUR,820 W WASHINGTON ST,EUFAULA,AL,36027,BARBOUR,(334) 688-7271,Emergency Department,OP_18b,"Average (median) time patients spent in the emergency department before leaving from the visit, excluding patients transferred to another facility or psychiatric care/mental health patients. A lower number of minutes is better",157,133,,2024-10-01,2025-09-30,157,10/01/2024,09/30/2025
011307,MEDICAL CENTER BARBOUR,820 W WASHINGTON ST,EUFAULA,AL,36027,BARBOUR,(334) 688-7271,Emergency Department,OP_22,Left before being seen,8,16319,,2024-01-01,2024-12-31,8,01/01/2024,12/31/2024
011308,CRENSHAW COMMUNITY HOSPITAL,101 HOSPITAL CIRCLE,LUVERNE,AL,36049,CRENSHAW,(334) 335-3374,Emergency Department,OP_18b,"Average (median) time patients spent in the emergency department before leaving from the visit, excluding patients transferred to another facility or psychiatric care/mental health patients. A lower number of minutes is better",108,187,3,2024-10-01,2025-09-30,108,10/01/2024,09/30/2025
011308,CRENSHAW COMMUNITY HOSPITAL,101 HOSPITAL CIRCLE,LUVERNE,AL,36049,CRENSHAW,(334) 335-3374,Emergency Department,OP_22,Left before being seen,,Not Available,5,2024-01-01,2024-12-31,Not Available,01/01/2024,12/31/2024
011309,WIREGRASS MEDICAL CENTER,1200 W MAPLE AVENUE,GENEVA,AL,36340,GENEVA,(334) 684-3655,Emergency Department,OP_18b,"Average (median) time patients spent in the emergency department before leaving from the visit, excluding patients transferred to another facility or psychiatric care/mental health patients. A lower number of minutes is better",59,190,3,2024-10-01,2025-09-30,59,10/01/2024,09/30/2025
011309,WIREGRASS MEDICAL CENTER,1200 W MAPLE AVENUE,GENEVA,AL,36340,GENEVA,(334) 684-3655,Emergency Department,OP_22,Left before being seen,,Not Available,5,2024-01-01,2024-12-31,Not Available,01/01/2024,12/31/2024
011311,LAKELAND COMMUNITY HOSPITAL,42024 HIGHWAY 195 E,HALEYVILLE,AL,35565,WINSTON,(205) 485-7117,Emergency Department,OP_18b,"Average (median) time patients spent in the emergency department before leaving from the visit, excluding patients transferred to another facility or psychiatric care/mental health patients. A lower number of minutes is better",,Not Available,5,2024-10-01,2025-09-30,Not Available,10/01/2024,09/30/2025
011311,LAKELAND COMMUNITY HOSPITAL,42024 HIGHWAY 195 E,HALEYVILLE,AL,35565,WINSTON,(205) 485-7117,Emergency Department,OP_22,Left before being seen,,Not Available,5,2024-01-01,2024-12-31,Not Available,01/01/2024,12/31/2024
013300,THE CHILDREN'S HOSPITAL OF ALABAMA,1600 SEVENTH AVENUE SOUTH,BIRMINGHAM,AL,35233,JEFFERSON,(205) 939-9100,Emergency Department,OP_18b,"Average (median) time patients spent in the emergency department before leaving from the visit, excluding patients transferred to another facility or psychiatric care/mental health patients. A lower number of minutes is better",,Not Available,19,2024-10-01,2025-09-30,Not Available,10/01/2024,09/30/2025
013300,THE CHILDREN'S HOSPITAL OF ALABAMA,1600 SEVENTH AVENUE SOUTH,BIRMINGHAM,AL,35233,JEFFERSON,(205) 939-9100,Emergency Department,OP_22,Left before being seen,,Not Available,19,2024-01-01,2024-12-31,Not Available,01/01/2024,12/31/2024
013301,USA HEALTH CHILDREN'S & WOMEN'S HOSPITAL,1700 CENTER STREET,MOBILE,AL,36604,MOBILE,(251) 415-1000,Emergency Department,OP_18b,"Average (median) time patients spent in the emergency department before leaving from the visit, excluding patients transferred to another facility or psychiatric care/mental health patients. A lower number of minutes is better",,Not Available,19,2024-10-01,2025-09-30,Not Available,10/01/2024,09/30/2025
013301,USA HEALTH CHILDREN'S & WOMEN'S HOSPITAL,1700 CENTER STREET,MOBILE,AL,36604,MOBILE,(251) 415-1000,Emergency Department,OP_22,Left before being seen,,Not Available,19,2024-01-01,2024-12-31,Not Available,01/01/2024,12/31/2024
190002,OCHSNER LAFAYETTE GENERAL MEDICAL CENTER,1214 COOLIDGE AVENUE,LAFAYETTE,LA,70503,LAFAYETTE,(337) 289-7991,Emergency Department,OP_18b,"Average (median) time patients spent in the emergency department before leaving from the visit, excluding patients transferred to another facility or psychiatric care/mental health patients. A lower number of minutes is better",166,371,,2024-10-01,2025-09-30,166,10/01/2024,09/30/2025
190002,OCHSNER LAFAYETTE GENERAL MEDICAL CENTER,1214 COOLIDGE AVENUE,LAFAYETTE,LA,70503,LAFAYETTE,(337) 289-7991,Emergency Department,OP_22,Left before being seen,1,70152,,2024-01-01,2024-12-31,1,01/01/2024,12/31/2024
190004,THIBODAUX REGIONAL MEDICAL CENTER,602 N ACADIA ROAD,THIBODAUX,LA,70301,LAFOURCHE,(985) 447-5500,Emergency Department,OP_18b,"Average (median) time patients spent in the emergency department before leaving from the visit, excluding patients transferred to another facility or psychiatric care/mental health patients. A lower number of minutes is better",171,457,,2024-10-01,2025-09-30,171,10/01/2024,09/30/2025
190004,THIBODAUX REGIONAL MEDICAL CENTER,602 N ACADIA ROAD,THIBODAUX,LA,70301,LAFOURCHE,(985) 447-5500,Emergency Department,OP_22,Left before being seen,3,36488,,2024-01-01,2024-12-31,3,01/01/2024,12/31/2024
190005,UNIVERSITY MEDICAL CENTER NEW ORLEANS,2000 CANAL STREET,NEW ORLEANS,LA,70112,ORLEANS,(504) 702-3000,Emergency Department,OP_18b,"Average (median) time patients spent in the emergency department before leaving from the visit, excluding patients transferred to another facility or psychiatric care/mental health patients. A lower number of minutes is better",327,376,,2024-10-01,2025-09-30,327,10/01/2024,09/30/2025
190005,UNIVERSITY MEDICAL CENTER NEW ORLEANS,2000 CANAL STREET,NEW ORLEANS,LA,70112,ORLEANS,(504) 702-3000,Emergency Department,OP_22,Left before being seen,3,64728,,2024-01-01,2024-12-31,3,01/01/2024,12/31/2024
190006,OCHSNER UNIVERSITY HOSPITAL AND CLINICS,2390 WEST CONGRESS,LAFAYETTE,LA,70506,LAFAYETTE,(337) 261-6000,Emergency Department,OP_18b,"Average (median) time patients spent in the emergency department before leaving from the visit, excluding patients transferred to another facility or psychiatric care/mental health patients. A lower number of minutes is better",143,332,,2024-10-01,2025-09-30,143,10/01/2024,09/30/2025
190006,OCHSNER UNIVERSITY HOSPITAL AND CLINICS,2390 WEST CONGRESS,LAFAYETTE,LA,70506,LAFAYETTE,(337) 261-6000,Emergency Department,OP_22,Left before being seen,2,38348,,2024-01-01,2024-12-31,2,01/01/2024,12/31/2024
190007,NATCHITOCHES REGIONAL MEDICAL CENTER,501 KEYSER AVE,NATCHITOCHES,LA,71457,NATCHITOCHES,(318) 214-4200,Emergency Department,OP_18b,"Average (median) time patients spent in the emergency department before leaving from the visit, excluding patients transferred to another facility or psychiatric care/mental health patients. A lower number of minutes is better",158,350,,2024-10-01,2025-09-30,158,10/01/2024,09/30/2025
190007,NATCHITOCHES REGIONAL MEDICAL CENTER,501 KEYSER AVE,NATCHITOCHES,LA,71457,NATCHITOCHES,(318) 214-4200,Emergency Department,OP_22,Left before being seen,3,18910,,2024-01-01,2024-12-31,3,01/01/2024,12/31/2024
190008,TERREBONNE GENERAL MEDICAL CENTER - PARISH,8166 MAIN STREET,HOUMA,LA,70360,TERREBONNE,(985) 873-4141,Emergency Department,OP_18b,"Average (median) time patients spent in the emergency department before leaving from the visit, excluding patients transferred to another facility or psychiatric care/mental health patients. A lower number of minutes is better",133,359,,2024-10-01,2025-09-30,133,10/01/2024,09/30/2025
190008,TERREBONNE GENERAL MEDICAL CENTER - PARISH,8166 MAIN STREET,HOUMA,LA,70360,TERREBONNE,(985) 873-4141,Emergency Department,OP_22,Left before being seen,3,37931,,2024-01-01,2024-12-31,3,01/01/2024,12/31/2024
190011,OCHSNER LSU HEALTH MONROE,4864 JACKSON STREET,MONROE,LA,71202,OUACHITA,(318) 388-7000,Emergency Department,OP_18b,"Average (median) time patients spent in the emergency department before leaving from the visit, excluding patients transferred to another facility or psychiatric care/mental health patients. A lower number of minutes is better",152,366,,2024-10-01,2025-09-30,152,10/01/2024,09/30/2025
190011,OCHSNER LSU HEALTH MONROE,4864 JACKSON STREET,MONROE,LA,71202,OUACHITA,(318) 388-7000,Emergency Department,OP_22,Left before being seen,6,36612,,2024-01-01,2024-12-31,6,01/01/2024,12/31/2024
190013,WEST CALCASIEU CAMERON HOSPITAL,701 EAST CYPRESS STREET,SULPHUR,LA,70663,CALCASIEU,(337) 527-4240,Emergency Department,OP_18b,"Average (median) time patients spent in the emergency department before leaving from the visit, excluding patients transferred to another facility or psychiatric care/mental health patients. A lower number of minutes is better",123,583,,2024-10-01,2025-09-30,123,10/01/2024,09/30/2025
190013,WEST CALCASIEU CAMERON HOSPITAL,701 EAST CYPRESS STREET,SULPHUR,LA,70663,CALCASIEU,(337) 527-4240,Emergency Department,OP_22,Left before being seen,1,22442,,2024-01-01,2024-12-31,1,01/01/2024,12/31/2024
190014,OCHSNER ST MARY,1125 MARGUERITE STREET,MORGAN CITY,LA,70380,ST. MARY,(985) 384-2200,Emergency Department,OP_18b,"Average (median) time patients spent in the emergency department before leaving from the visit, excluding patients transferred to another facility or psychiatric care/mental health patients. A lower number of minutes is better",89,372,,2024-10-01,2025-09-30,89,10/01/2024,09/30/2025
190014,OCHSNER ST MARY,1125 MARGUERITE STREET,MORGAN CITY,LA,70380,ST. MARY,(985) 384-2200,Emergency Department,OP_22,Left before being seen,1,23224,,2024-01-01,2024-12-31,1,01/01/2024,12/31/2024
190015,NORTH OAKS MEDICAL CENTER,15790 PAUL VEGA MD DRIVE,HAMMOND,LA,70403,TANGIPAHOA,(985) 345-2700,Emergency Department,OP_18b,"Average (median) time patients spent in the emergency department before leaving from the visit, excluding patients transferred to another facility or psychiatric care/mental health patients. A lower number of minutes is better",159,350,,2024-10-01,2025-09-30,159,10/01/2024,09/30/2025
190015,NORTH OAKS MEDICAL CENTER,15790 PAUL VEGA MD DRIVE,HAMMOND,LA,70403,TANGIPAHOA,(985) 345-2700,Emergency Department,OP_22,Left before being seen,6,65984,,2024-01-01,2024-12-31,6,01/01/2024,12/31/2024
190017,OPELOUSAS GENERAL HEALTH SYSTEM,539 EAST PRUDHOMME STREET,OPELOUSAS,LA,70570,ST. LANDRY,(337) 948-3011,Emergency Department,OP_18b,"Average (median) time patients spent in the emergency department before leaving from the visit, excluding patients transferred to another facility or psychiatric care/mental health patients. A lower number of minutes is better",122,407,,2024-10-01,2025-09-30,122,10/01/2024,09/30/2025
190017,OPELOUSAS GENERAL HEALTH SYSTEM,539 EAST PRUDHOMME STREET,OPELOUSAS,LA,70570,ST. LANDRY,(337) 948-3011,Emergency Department,OP_22,Left before being seen,2,42526,,2024-01-01,2024-12-31,2,01/01/2024,12/31/2024
190019,CHRISTUS ST FRANCES CABRINI HOSPITAL,3330 MASONIC DRIVE,ALEXANDRIA,LA,71301,RAPIDES,(318) 487-1122,Emergency Department,OP_18b,"Average (median) time patients spent in the emergency department before leaving from the visit, excluding patients transferred to another facility or psychiatric care/mental health patients. A lower number of minutes is better",215,363,,2024-10-01,2025-09-30,215,10/01/2024,09/30/2025
190019,CHRISTUS ST FRANCES CABRINI HOSPITAL,3330 MASONIC DRIVE,ALEXANDRIA,LA,71301,RAPIDES,(318) 487-1122,Emergency Department,OP_22,Left before being seen,1,53013,,2024-01-01,2024-12-31,1,01/01/2024,12/31/2024
190020,LANE REGIONAL MEDICAL CENTER,6300 MAIN STREET,ZACHARY,LA,70791,E. BATON ROUGE,(225) 658-4000,Emergency Department,OP_18b,"Average (median) time patients spent in the emergency department before leaving from the visit, excluding patients transferred to another facility or psychiatric care/mental health patients. A lower number of minutes is better",184,440,,2024-10-01,2025-09-30,184,10/01/2024,09/30/2025
190020,LANE REGIONAL MEDICAL CENTER,6300 MAIN STREET,ZACHARY,LA,70791,E. BATON ROUGE,(225) 658-4000,Emergency Department,OP_22,Left before being seen,2,24349,,2024-01-01,2024-12-31,2,01/01/2024,12/31/2024
190025,SAVOY MEDICAL CENTER,801 POINCIANA AVENUE,MAMOU,LA,70554,EVANGELINE,(337) 468-5261,Emergency Department,OP_18b,"Average (median) time patients spent in the emergency department before leaving from the visit, excluding patients transferred to another facility or psychiatric care/mental health patients. A lower number of minutes is better",108,297,,2024-10-01,2025-09-30,108,10/01/2024,09/30/2025
190025,SAVOY MEDICAL CENTER,801 POINCIANA AVENUE,MAMOU,LA,70554,EVANGELINE,(337) 468-5261,Emergency Department,OP_22,Left before being seen,0,6022,,2024-01-01,2024-12-31,0,01/01/2024,12/31/2024
190026,RAPIDES REGIONAL MEDICAL CENTER,211 4TH STREET,ALEXANDRIA,LA,71301,RAPIDES,(318) 769-3000,Emergency Department,OP_18b,"Average (median) time patients spent in the emergency department before leaving from the visit, excluding patients transferred to another facility or psychiatric care/mental health patients. A lower number of minutes is better",137,407,,2024-10-01,2025-09-30,137,10/01/2024,09/30/2025
190026,RAPIDES REGIONAL MEDICAL CENTER,211 4TH STREET,ALEXANDRIA,LA,71301,RAPIDES,(318) 769-3000,Emergency Department,OP_22,Left before being seen,0,60272,,2024-01-01,2024-12-31,0,01/01/2024,12/31/2024
190027,CHRISTUS OCHSNER ST PATRICK HOSPITAL,524 DR MICHAEL DEBAKEY DRIVE,LAKE CHARLES,LA,70601,CALCASIEU,(337) 436-2511,Emergency Department,OP_18b,"Average (median) time patients spent in the emergency department before leaving from the visit, excluding patients transferred to another facility or psychiatric care/mental health patients. A lower number of minutes is better",142,367,,2024-10-01,2025-09-30,142,10/01/2024,09/30/2025
190027,CHRISTUS OCHSNER ST PATRICK HOSPITAL,524 DR MICHAEL DEBAKEY DRIVE,LAKE CHARLES,LA,70601,CALCASIEU,(337) 436-2511,Emergency Department,OP_22,Left before being seen,1,24469,,2024-01-01,2024-12-31,1,01/01/2024,12/31/2024
190034,ABBEVILLE GENERAL HOSPITAL,118 N HOSPITAL DR,ABBEVILLE,LA,70510,VERMILION,(337) 893-5466,Emergency Department,OP_18b,"Average (median) time patients spent in the emergency department before leaving from the visit, excluding patients transferred to another facility or psychiatric care/mental health patients. A lower number of minutes is better",117,397,,2024-10-01,2025-09-30,117,10/01/2024,09/30/2025
190034,ABBEVILLE GENERAL HOSPITAL,118 N HOSPITAL DR,ABBEVILLE,LA,70510,VERMILION,(337) 893-5466,Emergency Department,OP_22,Left before being seen,1,16987,,2024-01-01,2024-12-31,1,01/01/2024,12/31/2024
190036,OCHSNER MEDICAL CENTER ACUTE,1516 JEFFERSON HWY,NEW ORLEANS,LA,70121,JEFFERSON,(504) 842-3000,Emergency Department,OP_18b,"Average (median) time patients spent in the emergency department before leaving from the visit, excluding patients transferred to another facility or psychiatric care/mental health patients. A lower number of minutes is better",174,386,,2024-10-01,2025-09-30,174,10/01/2024,09/30/2025
190036,OCHSNER MEDICAL CENTER ACUTE,1516 JEFFERSON HWY,NEW ORLEANS,LA,70121,JEFFERSON,(504) 842-3000,Emergency Department,OP_22,Left before being seen,1,195341,,2024-01-01,2024-12-31,1,01/01/2024,12/31/2024
190039,WEST JEFFERSON MEDICAL CENTER,1101 MEDICAL CENTER BLVD,MARRERO,LA,70072,JEFFERSON,(504) 347-5511,Emergency Department,OP_18b,"Average (median) time patients spent in the emergency department before leaving from the visit, excluding patients transferred to another facility or psychiatric care/mental health patients. A lower number of minutes is better",147,388,,2024-10-01,2025-09-30,147,10/01/2024,09/30/2025
190039,WEST JEFFERSON MEDICAL CENTER,1101 MEDICAL CENTER BLVD,MARRERO,LA,70072,JEFFERSON,(504) 347-5511,Emergency Department,OP_22,Left before being seen,3,54523,,2024-01-01,2024-12-31,3,01/01/2024,12/31/2024
190040,SLIDELL MEMORIAL HOSPITAL,1001 GAUSE BLVD,SLIDELL,LA,70458,ST. TAMMANY,(985) 643-2200,Emergency Department,OP_18b,"Average (median) time patients spent in the emergency department before leaving from the visit, excluding patients transferred to another facility or psychiatric care/mental health patients. A lower number of minutes is better",203,368,,2024-10-01,2025-09-30,203,10/01/2024,09/30/2025
190040,SLIDELL MEMORIAL HOSPITAL,1001 GAUSE BLVD,SLIDELL,LA,70458,ST. TAMMANY,(985) 643-2200,Emergency Department,OP_22,Left before being seen,1,62115,,2024-01-01,2024-12-31,1,01/01/2024,12/31/2024
190041,CHRISTUS SHREVEPORT-BOSSIER HEALTH SYSTEM,1453 E BERT KOUNS INDUSTRIAL DRIVE,SHREVEPORT,LA,71105,CADDO,(318) 681-5000,Emergency Department,OP_18b,"Average (median) time patients spent in the emergency department before leaving from the visit, excluding patients transferred to another facility or psychiatric care/mental health patients. A lower number of minutes is better",165,381,,2024-10-01,2025-09-30,165,10/01/2024,09/30/2025
190041,CHRISTUS SHREVEPORT-BOSSIER HEALTH SYSTEM,1453 E BERT KOUNS INDUSTRIAL DRIVE,SHREVEPORT,LA,71105,CADDO,(318) 681-5000,Emergency Department,OP_22,Left before being seen,2,49340,,2024-01-01,2024-12-31,2,01/01/2024,12/31/2024
190044,ACADIA GENERAL HOSPITAL,1305 CROWLEY RAYNE HIGHWAY,CROWLEY,LA,70526,ACADIA,(337) 783-3222,Emergency Department,OP_18b,"Average (median) time patients spent in the emergency department before leaving from the visit, excluding patients transferred to another facility or psychiatric care/mental health patients. A lower number of minutes is better",109,365,,2024-10-01,2025-09-30,109,10/01/2024,09/30/2025
190044,ACADIA GENERAL HOSPITAL,1305 CROWLEY RAYNE HIGHWAY,CROWLEY,LA,70526,ACADIA,(337) 783-3222,Emergency Department,OP_22,Left before being seen,2,17921,,2024-01-01,2024-12-31,2,01/01/2024,12/31/2024
190045,ST TAMMANY PARISH HOSPITAL,1202 S TYLER STREET,COVINGTON,LA,70433,ST. TAMMANY,(985) 898-4000,Emergency Department,OP_18b,"Average (median) time patients spent in the emergency department before leaving from the visit, excluding patients transferred to another facility or psychiatric care/mental health patients. A lower number of minutes is better",161,388,,2024-10-01,2025-09-30,161,10/01/2024,09/30/2025
190045,ST TAMMANY PARISH HOSPITAL,1202 S TYLER STREET,COVINGTON,LA,70433,ST. TAMMANY,(985) 898-4000,Emergency Department,OP_22,Left before being seen,1,51877,,2024-01-01,2024-12-31,1,01/01/2024,12/31/2024
190046,TOURO INFIRMARY,1401 FOUCHER STREET,NEW ORLEANS,LA,70115,ORLEANS,(504) 897-8247,Emergency Department,OP_18b,"Average (median) time patients spent in the emergency department before leaving from the visit, excluding patients transferred to another facility or psychiatric care/mental health patients. A lower number of minutes is better",147,372,,2024-10-01,2025-09-30,147,10/01/2024,09/30/2025
190046,TOURO INFIRMARY,1401 FOUCHER STREET,NEW ORLEANS,LA,70115,ORLEANS,(504) 897-8247,Emergency Department,OP_22,Left before being seen,1,31045,,2024-01-01,2024-12-31,1,01/01/2024,12/31/2024
190050,BEAUREGARD MEMORIAL HOSPITAL,600 S PINE STREET,DERIDDER,LA,70634,BEAUREGARD,(337) 462-7100,Emergency Department,OP_18b,"Average (median) time patients spent in the emergency department before leaving from the visit, excluding patients transferred to another facility or psychiatric care/mental health patients. A lower number of minutes is better",180,436,,2024-10-01,2025-09-30,180,10/01/2024,09/30/2025
190050,BEAUREGARD MEMORIAL HOSPITAL,600 S PINE STREET,DERIDDER,LA,70634,BEAUREGARD,(337) 462-7100,Emergency Department,OP_22,Left before being seen,1,18496,,2024-01-01,2024-12-31,1,01/01/2024,12/31/2024
190053,OCHSNER AMERICAN LEGION HOSPITAL,1634 ELTON ROAD,JENNINGS,LA,70546,JEFFRSON DAVIS,(337) 616-7000,Emergency Department,OP_18b,"Average (median) time patients spent in the emergency department before leaving from the visit, excluding patients transferred to another facility or psychiatric care/mental health patients. A lower number of minutes is better",104,368,,2024-10-01,2025-09-30,104,10/01/2024,09/30/2025
190053,OCHSNER AMERICAN LEGION HOSPITAL,1634 ELTON ROAD,JENNINGS,LA,70546,JEFFRSON DAVIS,(337) 616-7000,Emergency Department,OP_22,Left before being seen,2,14999,,2024-01-01,2024-12-31,2,01/01/2024,12/31/2024
190054,IBERIA MEDICAL CENTER,2315 E MAIN STREET,NEW IBERIA,LA,70560,IBERIA,(337) 364-0441,Emergency Department,OP_18b,"Average (median) time patients spent in the emergency department before leaving from the visit, excluding patients transferred to another facility or psychiatric care/mental health patients. A lower number of minutes is better",125,733,,2024-10-01,2025-09-30,125,10/01/2024,09/30/2025
190054,IBERIA MEDICAL CENTER,2315 E MAIN STREET,NEW IBERIA,LA,70560,IBERIA,(337) 364-0441,Emergency Department,OP_22,Left before being seen,1,43784,,2024-01-01,2024-12-31,1,01/01/2024,12/31/2024
190060,LAKE CHARLES MEMORIAL HOSPITAL,1701 OAK PARK BLVD,LAKE CHARLES,LA,70601,CALCASIEU,(337) 494-3000,Emergency Department,OP_18b,"Average (median) time patients spent in the emergency department before leaving from the visit, excluding patients transferred to another facility or psychiatric care/mental health patients. A lower number of minutes is better",210,358,,2024-10-01,2025-09-30,210,10/01/2024,09/30/2025
190060,LAKE CHARLES MEMORIAL HOSPITAL,1701 OAK PARK BLVD,LAKE CHARLES,LA,70601,CALCASIEU,(337) 494-3000,Emergency Department,OP_22,Left before being seen,2,50971,,2024-01-01,2024-12-31,2,01/01/2024,12/31/2024
190064,OUR LADY OF THE LAKE REGIONAL MEDICAL CENTER,5000 HENNESSY BLVD,BATON ROUGE,LA,70808,E. BATON ROUGE,(225) 765-6565,Emergency Department,OP_18b,"Average (median) time patients spent in the emergency department before leaving from the visit, excluding patients transferred to another facility or psychiatric care/mental health patients. A lower number of minutes is better",168,381,,2024-10-01,2025-09-30,168,10/01/2024,09/30/2025
190064,OUR LADY OF THE LAKE REGIONAL MEDICAL CENTER,5000 HENNESSY BLVD,BATON ROUGE,LA,70808,E. BATON ROUGE,(225) 765-6565,Emergency Department,OP_22,Left before being seen,1,210156,,2024-01-01,2024-12-31,1,01/01/2024,12/31/2024
190065,BATON ROUGE GENERAL MEDICAL CENTER,8585 PICARDY AVE,BATON ROUGE,LA,70809,E. BATON ROUGE,(225) 387-7767,Emergency Department,OP_18b,"Average (median) time patients spent in the emergency department before leaving from the visit, excluding patients transferred to another facility or psychiatric care/mental health patients. A lower number of minutes is better",210,360,,2024-10-01,2025-09-30,210,10/01/2024,09/30/2025
190065,BATON ROUGE GENERAL MEDICAL CENTER,8585 PICARDY AVE,BATON ROUGE,LA,70809,E. BATON ROUGE,(225) 387-7767,Emergency Department,OP_22,Left before being seen,1,48715,,2024-01-01,2024-12-31,1,01/01/2024,12/31/2024
190079,ST CHARLES PARISH HOSPITAL,1057 PAUL MAILLARD ROAD,LULING,LA,70070,ST. CHARLES,(985) 785-3644,Emergency Department,OP_18b,"Average (median) time patients spent in the emergency department before leaving from the visit, excluding patients transferred to another facility or psychiatric care/mental health patients. A lower number of minutes is better",114,375,,2024-10-01,2025-09-30,114,10/01/2024,09/30/2025
190079,ST CHARLES PARISH HOSPITAL,1057 PAUL MAILLARD ROAD,LULING,LA,70070,ST. CHARLES,(985) 785-3644,Emergency Department,OP_22,Left before being seen,0,15185,,2024-01-01,2024-12-31,0,01/01/2024,12/31/2024
190086,NORTHERN LOUISIANA MEDICAL CENTER,401 EAST VAUGHN AVENUE,RUSTON,LA,71270,LINCOLN,(318) 254-2100,Emergency Department,OP_18b,"Average (median) time patients spent in the emergency department before leaving from the visit, excluding patients transferred to another facility or psychiatric care/mental health patients. A lower number of minutes is better",135,383,,2024-10-01,2025-09-30,135,10/01/2024,09/30/2025
190086,NORTHERN LOUISIANA MEDICAL CENTER,401 EAST VAUGHN AVENUE,RUSTON,LA,71270,LINCOLN,(318) 254-2100,Emergency Department,OP_22,Left before being seen,2,20466,,2024-01-01,2024-12-31,2,01/01/2024,12/31/2024
190088,SPRINGHILL MEDICAL CENTER,2001 DOCTORS DRIVE,SPRINGHILL,LA,71075,WEBSTER,(318) 539-1000,Emergency Department,OP_18b,"Average (median) time patients spent in the emergency department before leaving from the visit, excluding patients transferred to another facility or psychiatric care/mental health patients. A lower number of minutes is better",99,413,,2024-10-01,2025-09-30,99,10/01/2024,09/30/2025
190088,SPRINGHILL MEDICAL CENTER,2001 DOCTORS DRIVE,SPRINGHILL,LA,71075,WEBSTER,(318) 539-1000,Emergency Department,OP_22,Left before being seen,3,6072,,2024-01-01,2024-12-31,3,01/01/2024,12/31/2024
190090,WINN PARISH MEDICAL CENTER,301 W BOUNDARY AVE,WINNFIELD,LA,71483,WINN,(318) 648-3000,Emergency Department,OP_18b,"Average (median) time patients spent in the emergency department before leaving from the visit, excluding patients transferred to another facility or psychiatric care/mental health patients. A lower number of minutes is better",100,350,,2024-10-01,2025-09-30,100,10/01/2024,09/30/2025
190090,WINN PARISH MEDICAL CENTER,301 W BOUNDARY AVE,WINNFIELD,LA,71483,WINN,(318) 648-3000,Emergency Department,OP_22,Left before being seen,1,6484,,2024-01-01,2024-12-31,1,01/01/2024,12/31/2024
190098,OCHSNER LSU HEALTH SHREVEPORT,1541 KINGS HIGHWAY,SHREVEPORT,LA,71130,CADDO,(318) 675-5058,Emergency Department,OP_18b,"Average (median) time patients spent in the emergency department before leaving from the visit, excluding patients transferred to another facility or psychiatric care/mental health patients. A lower number of minutes is better",247,283,,2024-10-01,2025-09-30,247,10/01/2024,09/30/2025
190098,OCHSNER LSU HEALTH SHREVEPORT,1541 KINGS HIGHWAY,SHREVEPORT,LA,71130,CADDO,(318) 675-5058,Emergency Department,OP_22,Left before being seen,2,45450,,2024-01-01,2024-12-31,2,01/01/2024,12/31/2024
190099,AVOYELLES HOSPITAL,4231 HIGHWAY 1192,MARKSVILLE,LA,71351,AVOYELLES,(318) 253-8611,Emergency Department,OP_18b,"Average (median) time patients spent in the emergency department before leaving from the visit, excluding patients transferred to another facility or psychiatric care/mental health patients. A lower number of minutes is better",77,379,,2024-10-01,2025-09-30,77,10/01/2024,09/30/2025
190099,AVOYELLES HOSPITAL,4231 HIGHWAY 1192,MARKSVILLE,LA,71351,AVOYELLES,(318) 253-8611,Emergency Department,OP_22,Left before being seen,2,10805,,2024-01-01,2024-12-31,2,01/01/2024,12/31/2024
190102,"OUR LADY OF LOURDES REGIONAL MEDICAL CENTER, INC",4801 AMBASSADOR CAFFERY PARKWAY,LAFAYETTE,LA,70508,LAFAYETTE,(337) 470-2000,Emergency Department,OP_18b,"Average (median) time patients spent in the emergency department before leaving from the visit, excluding patients transferred to another facility or psychiatric care/mental health patients. A lower number of minutes is better",140,406,,2024-10-01,2025-09-30,140,10/01/2024,09/30/2025
190102,"OUR LADY OF LOURDES REGIONAL MEDICAL CENTER, INC",4801 AMBASSADOR CAFFERY PARKWAY,LAFAYETTE,LA,70508,LAFAYETTE,(337) 470-2000,Emergency Department,OP_22,Left before being seen,2,103284,,2024-01-01,2024-12-31,2,01/01/2024,12/31/2024
190106,OAKDALE COMMUNITY HOSPITAL,130 N HOSPITAL DR,OAKDALE,LA,71463,ALLEN,(318) 335-3700,Emergency Department,OP_18b,"Average (median) time patients spent in the emergency department before leaving from the visit, excluding patients transferred to another facility or psychiatric care/mental health patients. A lower number of minutes is better",117,336,,2024-10-01,2025-09-30,117,10/01/2024,09/30/2025
190106,OAKDALE COMMUNITY HOSPITAL,130 N HOSPITAL DR,OAKDALE,LA,71463,ALLEN,(318) 335-3700,Emergency Department,OP_22,Left before being seen,2,7041,,2024-01-01,2024-12-31,2,01/01/2024,12/31/2024
190111,WILLIS KNIGHTON MEDICAL CENTER,2600 GREENWOOD ROAD,SHREVEPORT,LA,71103,CADDO,(318) 212-4000,Emergency Department,OP_18b,"Average (median) time patients spent in the emergency department before leaving from the visit, excluding patients transferred to another facility or psychiatric care/mental health patients. A lower number of minutes is better",177,1723,,2024-10-01,2025-09-30,177,10/01/2024,09/30/2025
190111,WILLIS KNIGHTON MEDICAL CENTER,2600 GREENWOOD ROAD,SHREVEPORT,LA,71103,CADDO,(318) 212-4000,Emergency Department,OP_22,Left before being seen,4,151852,,2024-01-01,2024-12-31,4,01/01/2024,12/31/2024
190114,CLAIBORNE MEMORIAL MEDICAL CENTER,620 EAST COLLEGE STREET,HOMER,LA,71040,CLAIBORNE,(318) 927-2024,Emergency Department,OP_18b,"Average (median) time patients spent in the emergency department before leaving from the visit, excluding patients transferred to another facility or psychiatric care/mental health patients. A lower number of minutes is better",84,586,,2024-10-01,2025-09-30,84,10/01/2024,09/30/2025
190114,CLAIBORNE MEMORIAL MEDICAL CENTER,620 EAST COLLEGE STREET,HOMER,LA,71040,CLAIBORNE,(318) 927-2024,Emergency Department,OP_22,Left before being seen,2,2207,,2024-01-01,2024-12-31,2,01/01/2024,12/31/2024
190116,MOREHOUSE GENERAL HOSPITAL,323 W WALNUT,BASTROP,LA,71220,MOREHOUSE,(318) 283-3600,Emergency Department,OP_18b,"Average (median) time patients spent in the emergency department before leaving from the visit, excluding patients transferred to another facility or psychiatric care/mental health patients. A lower number of minutes is better",122,342,,2024-10-01,2025-09-30,122,10/01/2024,09/30/2025
190116,MOREHOUSE GENERAL HOSPITAL,323 W WALNUT,BASTROP,LA,71220,MOREHOUSE,(318) 283-3600,Emergency Department,OP_22,Left before being seen,2,10887,,2024-01-01,2024-12-31,2,01/01/2024,12/31/2024
190118,DESOTO REGIONAL HEALTH SYSTEM,207 JEFFERSON STREET,MANSFIELD,LA,71052,DE SOTO,(318) 872-4610,Emergency Department,OP_18b,"Average (median) time patients spent in the emergency department before leaving from the visit, excluding patients transferred to another facility or psychiatric care/mental health patients. A lower number of minutes is better",109,331,,2024-10-01,2025-09-30,109,10/01/2024,09/30/2025
190118,DESOTO REGIONAL HEALTH SYSTEM,207 JEFFERSON STREET,MANSFIELD,LA,71052,DE SOTO,(318) 872-4610,Emergency Department,OP_22,Left before being seen,2,7679,,2024-01-01,2024-12-31,2,01/01/2024,12/31/2024
190125,FMOL HEALTH ST FRANCIS,309 JACKSON STREET,MONROE,LA,71201,OUACHITA,(318) 966-4000,Emergency Department,OP_18b,"Average (median) time patients spent in the emergency department before leaving from the visit, excluding patients transferred to another facility or psychiatric care/mental health patients. A lower number of minutes is better",226,353,,2024-10-01,2025-09-30,226,10/01/2024,09/30/2025
190125,FMOL HEALTH ST FRANCIS,309 JACKSON STREET,MONROE,LA,71201,OUACHITA,(318) 966-4000,Emergency Department,OP_22,Left before being seen,1,34898,,2024-01-01,2024-12-31,1,01/01/2024,12/31/2024
190128,WOMANS HOSPITAL,100 WOMAN'S WAY,BATON ROUGE,LA,70817,E. BATON ROUGE,(225) 927-1300,Emergency Department,OP_18b,"Average (median) time patients spent in the emergency department before leaving from the visit, excluding patients transferred to another facility or psychiatric care/mental health patients. A lower number of minutes is better",147,495,,2024-10-01,2025-09-30,147,10/01/2024,09/30/2025
190128,WOMANS HOSPITAL,100 WOMAN'S WAY,BATON ROUGE,LA,70817,E. BATON ROUGE,(225) 927-1300,Emergency Department,OP_22,Left before being seen,0,21799,,2024-01-01,2024-12-31,0,01/01/2024,12/31/2024
190133,ALLEN PARISH HOSPITAL,108 6TH AVENUE,KINDER,LA,70648,ALLEN,(337) 738-9489,Emergency Department,OP_18b,"Average (median) time patients spent in the emergency department before leaving from the visit, excluding patients transferred to another facility or psychiatric care/mental health patients. A lower number of minutes is better",105,409,,2024-10-01,2025-09-30,105,10/01/2024,09/30/2025
190133,ALLEN PARISH HOSPITAL,108 6TH AVENUE,KINDER,LA,70648,ALLEN,(337) 738-9489,Emergency Department,OP_22,Left before being seen,1,5142,,2024-01-01,2024-12-31,1,01/01/2024,12/31/2024
190140,FRANKLIN MEDICAL CENTER,2106 LOOP ROAD,WINNSBORO,LA,71295,FRANKLIN,(318) 435-9411,Emergency Department,OP_18b,"Average (median) time patients spent in the emergency department before leaving from the visit, excluding patients transferred to another facility or psychiatric care/mental health patients. A lower number of minutes is better",145,372,,2024-10-01,2025-09-30,145,10/01/2024,09/30/2025
190140,FRANKLIN MEDICAL CENTER,2106 LOOP ROAD,WINNSBORO,LA,71295,FRANKLIN,(318) 435-9411,Emergency Department,OP_22,Left before being seen,4,11003,,2024-01-01,2024-12-31,4,01/01/2024,12/31/2024
190144,MINDEN MEDICAL CENTER,NO 1 MEDICAL PLAZA,MINDEN,LA,71055,WEBSTER,(318) 377-2321,Emergency Department,OP_18b,"Average (median) time patients spent in the emergency department before leaving from the visit, excluding patients transferred to another facility or psychiatric care/mental health patients. A lower number of minutes is better",121,330,,2024-10-01,2025-09-30,121,10/01/2024,09/30/2025
190144,MINDEN MEDICAL CENTER,NO 1 MEDICAL PLAZA,MINDEN,LA,71055,WEBSTER,(318) 377-2321,Emergency Department,OP_22,Left before being seen,2,19190,,2024-01-01,2024-12-31,2,01/01/2024,12/31/2024
190145,LASALLE GENERAL HOSPITAL,187 NINTH ST/HWY 84 WEST,JENA,LA,71342,LASALLE,(318) 992-9200,Emergency Department,OP_18b,"Average (median) time patients spent in the emergency department before leaving from the visit, excluding patients transferred to another facility or psychiatric care/mental health patients. A lower number of minutes is better",137,383,,2024-10-01,2025-09-30,137,10/01/2024,09/30/2025
190145,LASALLE GENERAL HOSPITAL,187 NINTH ST/HWY 84 WEST,JENA,LA,71342,LASALLE,(318) 992-9200,Emergency Department,OP_22,Left before being seen,1,6516,,2024-01-01,2024-12-31,1,01/01/2024,12/31/2024
190151,RICHARDSON MEDICAL CENTER,254 HIGHWAY 3048,RAYVILLE,LA,71269,RICHLAND,(318) 728-8292,Emergency Department,OP_18b,"Average (median) time patients spent in the emergency department before leaving from the visit, excluding patients transferred to another facility or psychiatric care/mental health patients. A lower number of minutes is better",65,383,,2024-10-01,2025-09-30,65,10/01/2024,09/30/2025
190151,RICHARDSON MEDICAL CENTER,254 HIGHWAY 3048,RAYVILLE,LA,71269,RICHLAND,(318) 728-8292,Emergency Department,OP_22,Left before being seen,2,6679,,2024-01-01,2024-12-31,2,01/01/2024,12/31/2024
190160,GLENWOOD REGIONAL MEDICAL CENTER,503 MCMILLAN ROAD,WEST MONROE,LA,71291,OUACHITA,(318) 329-4600,Emergency Department,OP_18b,"Average (median) time patients spent in the emergency department before leaving from the visit, excluding patients transferred to another facility or psychiatric care/mental health patients. A lower number of minutes is better",158,363,,2024-10-01,2025-09-30,158,10/01/2024,09/30/2025
190160,GLENWOOD REGIONAL MEDICAL CENTER,503 MCMILLAN ROAD,WEST MONROE,LA,71291,OUACHITA,(318) 329-4600,Emergency Department,OP_22,Left before being seen,1,25281,,2024-01-01,2024-12-31,1,01/01/2024,12/31/2024
190164,BYRD REGIONAL HOSPITAL,1020 FERTITTA BLVD,LEESVILLE,LA,71446,VERNON,(337) 239-9041,Emergency Department,OP_18b,"Average (median) time patients spent in the emergency department before leaving from the visit, excluding patients transferred to another facility or psychiatric care/mental health patients. A lower number of minutes is better",121,305,,2024-10-01,2025-09-30,121,10/01/2024,09/30/2025
190164,BYRD REGIONAL HOSPITAL,1020 FERTITTA BLVD,LEESVILLE,LA,71446,VERNON,(337) 239-9041,Emergency Department,OP_22,Left before being seen,1,19018,,2024-01-01,2024-12-31,1,01/01/2024,12/31/2024
190167,MERCY REGIONAL MEDICAL CENTER,800 E MAIN,VILLE PLATTE,LA,70586,EVANGELINE,(337) 363-5684,Emergency Department,OP_18b,"Average (median) time patients spent in the emergency department before leaving from the visit, excluding patients transferred to another facility or psychiatric care/mental health patients. A lower number of minutes is better",144,355,,2024-10-01,2025-09-30,144,10/01/2024,09/30/2025
190167,MERCY REGIONAL MEDICAL CENTER,800 E MAIN,VILLE PLATTE,LA,70586,EVANGELINE,(337) 363-5684,Emergency Department,OP_22,Left before being seen,3,10350,,2024-01-01,2024-12-31,3,01/01/2024,12/31/2024
190176,EAST JEFFERSON GENERAL HOSPITAL,4200 HOUMA BLVD,METAIRIE,LA,70006,JEFFERSON,(504) 988-5263,Emergency Department,OP_18b,"Average (median) time patients spent in the emergency department before leaving from the visit, excluding patients transferred to another facility or psychiatric care/mental health patients. A lower number of minutes is better",157,762,,2024-10-01,2025-09-30,157,10/01/2024,09/30/2025
190176,EAST JEFFERSON GENERAL HOSPITAL,4200 HOUMA BLVD,METAIRIE,LA,70006,JEFFERSON,(504) 988-5263,Emergency Department,OP_22,Left before being seen,2,91681,,2024-01-01,2024-12-31,2,01/01/2024,12/31/2024
190183,LEONARD J CHABERT MEDICAL CENTER,1978 INDUSTRIAL BLVD,HOUMA,LA,70363,TERREBONNE,(985) 873-2200,Emergency Department,OP_18b,"Average (median) time patients spent in the emergency department before leaving from the visit, excluding patients transferred to another facility or psychiatric care/mental health patients. A lower number of minutes is better",126,380,,2024-10-01,2025-09-30,126,10/01/2024,09/30/2025
190183,LEONARD J CHABERT MEDICAL CENTER,1978 INDUSTRIAL BLVD,HOUMA,LA,70363,TERREBONNE,(985) 873-2200,Emergency Department,OP_22,Left before being seen,1,26564,,2024-01-01,2024-12-31,1,01/01/2024,12/31/2024
190184,CITIZENS MEDICAL CENTER,7939 U S HWY 165 SOUTH,COLUMBIA,LA,71418,CALDWELL,(318) 649-6106,Emergency Department,OP_18b,"Average (median) time patients spent in the emergency department before leaving from the visit, excluding patients transferred to another facility or psychiatric care/mental health patients. A lower number of minutes is better",124,770,,2024-10-01,2025-09-30,124,10/01/2024,09/30/2025
190184,CITIZENS MEDICAL CENTER,7939 U S HWY 165 SOUTH,COLUMBIA,LA,71418,CALDWELL,(318) 649-6106,Emergency Department,OP_22,Left before being seen,1,5026,,2024-01-01,2024-12-31,1,01/01/2024,12/31/2024
190190,"CALDWELL MEMORIAL HOSPITAL, INC",411 MAIN STREET,COLUMBIA,LA,71418,CALDWELL,(318) 649-6111,Emergency Department,OP_18b,"Average (median) time patients spent in the emergency department before leaving from the visit, excluding patients transferred to another facility or psychiatric care/mental health patients. A lower number of minutes is better",,Not Available,5,2024-10-01,2025-09-30,Not Available,10/01/2024,09/30/2025
190190,"CALDWELL MEMORIAL HOSPITAL, INC",411 MAIN STREET,COLUMBIA,LA,71418,CALDWELL,(318) 649-6111,Emergency Department,OP_22,Left before being seen,,Not Available,5,2024-01-01,2024-12-31,Not Available,01/01/2024,12/31/2024
190201,CHRISTUS OCHSNER LAKE AREA HOSPITAL,4200 NELSON ROAD,LAKE CHARLES,LA,70605,CALCASIEU,(337) 474-6370,Emergency Department,OP_18b,"Average (median) time patients spent in the emergency department before leaving from the visit, excluding patients transferred to another facility or psychiatric care/mental health patients. A lower number of minutes is better",130,390,,2024-10-01,2025-09-30,130,10/01/2024,09/30/2025
190201,CHRISTUS OCHSNER LAKE AREA HOSPITAL,4200 NELSON ROAD,LAKE CHARLES,LA,70605,CALCASIEU,(337) 474-6370,Emergency Department,OP_22,Left before being seen,1,27129,,2024-01-01,2024-12-31,1,01/01/2024,12/31/2024
190202,OCHSNER MEDICAL CENTER - BATON ROUGE,17000 MEDICAL CENTER DR,BATON ROUGE,LA,70816,E. BATON ROUGE,(225) 752-2470,Emergency Department,OP_18b,"Average (median) time patients spent in the emergency department before leaving from the visit, excluding patients transferred to another facility or psychiatric care/mental health patients. A lower number of minutes is better",197,368,,2024-10-01,2025-09-30,197,10/01/2024,09/30/2025
190202,OCHSNER MEDICAL CENTER - BATON ROUGE,17000 MEDICAL CENTER DR,BATON ROUGE,LA,70816,E. BATON ROUGE,(225) 752-2470,Emergency Department,OP_22,Left before being seen,2,60196,,2024-01-01,2024-12-31,2,01/01/2024,12/31/2024
190208,EAST CARROLL PARISH HOSPITAL,336 NORTH HOOD STREET,LAKE PROVIDENCE,LA,71254,EAST CARROLL,(318) 559-4023,Emergency Department,OP_18b,"Average (median) time patients spent in the emergency department before leaving from the visit, excluding patients transferred to another facility or psychiatric care/mental health patients. A lower number of minutes is better",89,380,,2024-10-01,2025-09-30,89,10/01/2024,09/30/2025
190208,EAST CARROLL PARISH HOSPITAL,336 NORTH HOOD STREET,LAKE PROVIDENCE,LA,71254,EAST CARROLL,(318) 559-4023,Emergency Department,OP_22,Left before being seen,1,4004,,2024-01-01,2024-12-31,1,01/01/2024,12/31/2024
190218,SABINE MEDICAL CENTER,240 HIGHLAND DRIVE,MANY,LA,71449,SABINE,(318) 256-1232,Emergency Department,OP_18b,"Average (median) time patients spent in the emergency department before leaving from the visit, excluding patients transferred to another facility or psychiatric care/mental health patients. A lower number of minutes is better",129,344,,2024-10-01,2025-09-30,129,10/01/2024,09/30/2025
190218,SABINE MEDICAL CENTER,240 HIGHLAND DRIVE,MANY,LA,71449,SABINE,(318) 256-1232,Emergency Department,OP_22,Left before being seen,0,8042,,2024-01-01,2024-12-31,0,01/01/2024,12/31/2024
190241,PHYSICIANS MEDICAL CENTER,218 CORPORATE DRIVE,HOUMA,LA,70360,TERREBONNE,(985) 853-1390,Emergency Department,OP_18b,"Average (median) time patients spent in the emergency department before leaving from the visit, excluding patients transferred to another facility or psychiatric care/mental health patients. A lower number of minutes is better",,Not Available,5,2024-10-01,2025-09-30,Not Available,10/01/2024,09/30/2025
190241,PHYSICIANS MEDICAL CENTER,218 CORPORATE DRIVE,HOUMA,LA,70360,TERREBONNE,(985) 853-1390,Emergency Department,OP_22,Left before being seen,,Not Available,5,2024-01-01,2024-12-31,Not Available,01/01/2024,12/31/2024
190245,MONROE SURGICAL HOSPITAL,2408 BROADMOOR BLVD,MONROE,LA,71201,OUACHITA,(318) 410-0002,Emergency Department,OP_18b,"Average (median) time patients spent in the emergency department before leaving from the visit, excluding patients transferred to another facility or psychiatric care/mental health patients. A lower number of minutes is better",,Not Available,5,2024-10-01,2025-09-30,Not Available,10/01/2024,09/30/2025
190245,MONROE SURGICAL HOSPITAL,2408 BROADMOOR BLVD,MONROE,LA,71201,OUACHITA,(318) 410-0002,Emergency Department,OP_22,Left before being seen,,Not Available,5,2024-01-01,2024-12-31,Not Available,01/01/2024,12/31/2024
190251,SURGICAL SPECIALTY CENTER OF BATON ROUGE,8080 BLUEBONNET BLVD,BATON ROUGE,LA,70810,E. BATON ROUGE,(225) 408-8080,Emergency Department,OP_18b,"Average (median) time patients spent in the emergency department before leaving from the visit, excluding patients transferred to another facility or psychiatric care/mental health patients. A lower number of minutes is better",,Not Available,5,2024-10-01,2025-09-30,Not Available,10/01/2024,09/30/2025
190251,SURGICAL SPECIALTY CENTER OF BATON ROUGE,8080 BLUEBONNET BLVD,BATON ROUGE,LA,70810,E. BATON ROUGE,(225) 408-8080,Emergency Department,OP_22,Left before being seen,,Not Available,5,2024-01-01,2024-12-31,Not Available,01/01/2024,12/31/2024
190255,PARK PLACE SURGICAL HOSPITAL,4811 AMBASSADOR CAFFERY PARKWAY,LAFAYETTE,LA,70508,LAFAYETTE,(337) 237-8119,Emergency Department,OP_18b,"Average (median) time patients spent in the emergency department before leaving from the visit, excluding patients transferred to another facility or psychiatric care/mental health patients. A lower number of minutes is better",,Not Available,5,2024-10-01,2025-09-30,Not Available,10/01/2024,09/30/2025
190255,PARK PLACE SURGICAL HOSPITAL,4811 AMBASSADOR CAFFERY PARKWAY,LAFAYETTE,LA,70508,LAFAYETTE,(337) 237-8119,Emergency Department,OP_22,Left before being seen,,Not Available,5,2024-01-01,2024-12-31,Not Available,01/01/2024,12/31/2024
190256,STERLING SURGICAL HOSPITAL,989 ROBERT BLVD,SLIDELL,LA,70458,ST. TAMMANY,(985) 690-8200,Emergency Department,OP_18b,"Average (median) time patients spent in the emergency department before leaving from the visit, excluding patients transferred to another facility or psychiatric care/mental health patients. A lower number of minutes is better",,Not Available,5,2024-10-01,2025-09-30,Not Available,10/01/2024,09/30/2025
190256,STERLING SURGICAL HOSPITAL,989 ROBERT BLVD,SLIDELL,LA,70458,ST. TAMMANY,(985) 690-8200,Emergency Department,OP_22,Left before being seen,,Not Available,5,2024-01-01,2024-12-31,Not Available,01/01/2024,12/31/2024
190259,LAFAYETTE SURGICAL SPECIALTY HOSPITAL,1101 KALISTE SALOOM RD,LAFAYETTE,LA,70508,LAFAYETTE,(337) 769-4100,Emergency Department,OP_18b,"Average (median) time patients spent in the emergency department before leaving from the visit, excluding patients transferred to another facility or psychiatric care/mental health patients. A lower number of minutes is better",,Not Available,5,2024-10-01,2025-09-30,Not Available,10/01/2024,09/30/2025
190259,LAFAYETTE SURGICAL SPECIALTY HOSPITAL,1101 KALISTE SALOOM RD,LAFAYETTE,LA,70508,LAFAYETTE,(337) 769-4100,Emergency Department,OP_22,Left before being seen,,Not Available,5,2024-01-01,2024-12-31,Not Available,01/01/2024,12/31/2024
190266,THE SPINE HOSPITAL OF LOUISIANA,"10105 PARK ROW CIRCLE, SUITE 250",BATON ROUGE,LA,70810,E. BATON ROUGE,(225) 763-9900,Emergency Department,OP_18b,"Average (median) time patients spent in the emergency department before leaving from the visit, excluding patients transferred to another facility or psychiatric care/mental health patients. A lower number of minutes is better",,Not Available,5,2024-10-01,2025-09-30,Not Available,10/01/2024,09/30/2025
190266,THE SPINE HOSPITAL OF LOUISIANA,"10105 PARK ROW CIRCLE, SUITE 250",BATON ROUGE,LA,70810,E. BATON ROUGE,(225) 763-9900,Emergency Department,OP_22,Left before being seen,,Not Available,5,2024-01-01,2024-12-31,Not Available,01/01/2024,12/31/2024
190267,AVALA,67252 INDUSTRY LANE,COVINGTON,LA,70433,ST. TAMMANY,(985) 809-9888,Emergency Department,OP_18b,"Average (median) time patients spent in the emergency department before leaving from the visit, excluding patients transferred to another facility or psychiatric care/mental health patients. A lower number of minutes is better",,Not Available,5,2024-10-01,2025-09-30,Not Available,10/01/2024,09/30/2025
190267,AVALA,67252 INDUSTRY LANE,COVINGTON,LA,70433,ST. TAMMANY,(985) 809-9888,Emergency Department,OP_22,Left before being seen,,Not Available,5,2024-01-01,2024-12-31,Not Available,01/01/2024,12/31/2024
190270,OUR LADY OF THE LAKE SURGICAL HOSPITAL,1700 W LINDBERG DRIVE,SLIDELL,LA,70458,ST. TAMMANY,(985) 641-0600,Emergency Department,OP_18b,"Average (median) time patients spent in the emergency department before leaving from the visit, excluding patients transferred to another facility or psychiatric care/mental health patients. A lower number of minutes is better",,Not Available,5,2024-10-01,2025-09-30,Not Available,10/01/2024,09/30/2025
190270,OUR LADY OF THE LAKE SURGICAL HOSPITAL,1700 W LINDBERG DRIVE,SLIDELL,LA,70458,ST. TAMMANY,(985) 641-0600,Emergency Department,OP_22,Left before being seen,,Not Available,5,2024-01-01,2024-12-31,Not Available,01/01/2024,12/31/2024
190274,OCHSNER MEDICAL CENTER-KENNER,180 WEST ESPLANADE AVENUE,KENNER,LA,70065,JEFFERSON,(504) 464-8065,Emergency Department,OP_18b,"Average (median) time patients spent in the emergency department before leaving from the visit, excluding patients transferred to another facility or psychiatric care/mental health patients. A lower number of minutes is better",147,385,,2024-10-01,2025-09-30,147,10/01/2024,09/30/2025
190274,OCHSNER MEDICAL CENTER-KENNER,180 WEST ESPLANADE AVENUE,KENNER,LA,70065,JEFFERSON,(504) 464-8065,Emergency Department,OP_22,Left before being seen,1,53193,,2024-01-01,2024-12-31,1,01/01/2024,12/31/2024
190278,SPECIALISTS HOSPITAL SHREVEPORT,1500 LINE AVENUE,SHREVEPORT,LA,71101,CADDO,(318) 213-3800,Emergency Department,OP_18b,"Average (median) time patients spent in the emergency department before leaving from the visit, excluding patients transferred to another facility or psychiatric care/mental health patients. A lower number of minutes is better",,Not Available,5,2024-10-01,2025-09-30,Not Available,10/01/2024,09/30/2025
190278,SPECIALISTS HOSPITAL SHREVEPORT,1500 LINE AVENUE,SHREVEPORT,LA,71101,CADDO,(318) 213-3800,Emergency Department,OP_22,Left before being seen,,Not Available,5,2024-01-01,2024-12-31,Not Available,01/01/2024,12/31/2024
190298,CHRISTUS CENTRAL LOUISIANA SURGICAL HOSPITAL,651 NORTH BOLTON AVE,ALEXANDRIA,LA,71301,RAPIDES,(318) 449-6400,Emergency Department,OP_18b,"Average (median) time patients spent in the emergency department before leaving from the visit, excluding patients transferred to another facility or psychiatric care/mental health patients. A lower number of minutes is better",,Not Available,5,2024-10-01,2025-09-30,Not Available,10/01/2024,09/30/2025
190298,CHRISTUS CENTRAL LOUISIANA SURGICAL HOSPITAL,651 NORTH BOLTON AVE,ALEXANDRIA,LA,71301,RAPIDES,(318) 449-6400,Emergency Department,OP_22,Left before being seen,,Not Available,5,2024-01-01,2024-12-31,Not Available,01/01/2024,12/31/2024
190300,ST CHARLES SURGICAL HOSPITAL,1717 ST CHARLES AVE,NEW ORLEANS,LA,70130,ORLEANS,(504) 529-6600,Emergency Department,OP_18b,"Average (median) time patients spent in the emergency department before leaving from the visit, excluding patients transferred to another facility or psychiatric care/mental health patients. A lower number of minutes is better",,Not Available,5,2024-10-01,2025-09-30,Not Available,10/01/2024,09/30/2025
190300,ST CHARLES SURGICAL HOSPITAL,1717 ST CHARLES AVE,NEW ORLEANS,LA,70130,ORLEANS,(504) 529-6600,Emergency Department,OP_22,Left before being seen,,Not Available,5,2024-01-01,2024-12-31,Not Available,01/01/2024,12/31/2024
190302,"OMEGA HOSPITAL, LLC",2525 SEVERN AVENUE,METAIRIE,LA,70002,JEFFERSON,(504) 616-3897,Emergency Department,OP_18b,"Average (median) time patients spent in the emergency department before leaving from the visit, excluding patients transferred to another facility or psychiatric care/mental health patients. A lower number of minutes is better",,Not Available,19,2024-10-01,2025-09-30,Not Available,10/01/2024,09/30/2025
190302,"OMEGA HOSPITAL, LLC",2525 SEVERN AVENUE,METAIRIE,LA,70002,JEFFERSON,(504) 616-3897,Emergency Department,OP_22,Left before being seen,,Not Available,19,2024-01-01,2024-12-31,Not Available,01/01/2024,12/31/2024
190303,CYPRESS POINTE SURGICAL HOSPITAL,42570 SOUTH AIRPORT RD,HAMMOND,LA,70403,TANGIPAHOA,(985) 510-6200,Emergency Department,OP_18b,"Average (median) time patients spent in the emergency department before leaving from the visit, excluding patients transferred to another facility or psychiatric care/mental health patients. A lower number of minutes is better",,Not Available,5,2024-10-01,2025-09-30,Not Available,10/01/2024,09/30/2025
190303,CYPRESS POINTE SURGICAL HOSPITAL,42570 SOUTH AIRPORT RD,HAMMOND,LA,70403,TANGIPAHOA,(985) 510-6200,Emergency Department,OP_22,Left before being seen,,Not Available,5,2024-01-01,2024-12-31,Not Available,01/01/2024,12/31/2024
190308,ST BERNARD PARISH HOSPITAL,8000 WEST JUDGE PEREZ DRIVE,CHALMETTE,LA,70043,ST. BERNARD,(504) 826-9500,Emergency Department,OP_18b,"Average (median) time patients spent in the emergency department before leaving from the visit, excluding patients transferred to another facility or psychiatric care/mental health patients. A lower number of minutes is better",180,368,,2024-10-01,2025-09-30,180,10/01/2024,09/30/2025
190308,ST BERNARD PARISH HOSPITAL,8000 WEST JUDGE PEREZ DRIVE,CHALMETTE,LA,70043,ST. BERNARD,(504) 826-9500,Emergency Department,OP_22,Left before being seen,2,28417,,2024-01-01,2024-12-31,2,01/01/2024,12/31/2024
190312,OUR LADY OF THE ANGELS HOSPITAL,433 PLAZA STREET,BOGALUSA,LA,70427,WASHINGTON,(985) 730-6700,Emergency Department,OP_18b,"Average (median) time patients spent in the emergency department before leaving from the visit, excluding patients transferred to another facility or psychiatric care/mental health patients. A lower number of minutes is better",135,359,,2024-10-01,2025-09-30,135,10/01/2024,09/30/2025
190312,OUR LADY OF THE ANGELS HOSPITAL,433 PLAZA STREET,BOGALUSA,LA,70427,WASHINGTON,(985) 730-6700,Emergency Department,OP_22,Left before being seen,,Not Available,5,2024-01-01,2024-12-31,Not Available,01/01/2024,12/31/2024
190313,NEW ORLEANS EAST HOSPITAL,5620 READ BLVD,NEW ORLEANS,LA,70127,ORLEANS,(504) 592-6600,Emergency Department,OP_18b,"Average (median) time patients spent in the emergency department before leaving from the visit, excluding patients transferred to another facility or psychiatric care/mental health patients. A lower number of minutes is better",140,372,,2024-10-01,2025-09-30,140,10/01/2024,09/30/2025
190313,NEW ORLEANS EAST HOSPITAL,5620 READ BLVD,NEW ORLEANS,LA,70127,ORLEANS,(504) 592-6600,Emergency Department,OP_22,Left before being seen,2,32450,,2024-01-01,2024-12-31,2,01/01/2024,12/31/2024
190316,THE GENERAL,"3600 FLORIDA BLVD, SUITE 2020",BATON ROUGE,LA,70806,E. BATON ROUGE,(225) 381-6393,Emergency Department,OP_18b,"Average (median) time patients spent in the emergency department before leaving from the visit, excluding patients transferred to another facility or psychiatric care/mental health patients. A lower number of minutes is better",180,286,,2024-10-01,2025-09-30,180,10/01/2024,09/30/2025
190316,THE GENERAL,"3600 FLORIDA BLVD, SUITE 2020",BATON ROUGE,LA,70806,E. BATON ROUGE,(225) 381-6393,Emergency Department,OP_22,Left before being seen,3,20868,,2024-01-01,2024-12-31,3,01/01/2024,12/31/2024
190317,OCHSNER LSU HEALTH SHREVEPORT-ST MARY MEDICAL CENT,1 ST MARY PLACE,SHREVEPORT,LA,71101,CADDO,(318) 626-4300,Emergency Department,OP_18b,"Average (median) time patients spent in the emergency department before leaving from the visit, excluding patients transferred to another facility or psychiatric care/mental health patients. A lower number of minutes is better",,Not Available,5,2024-10-01,2025-09-30,Not Available,10/01/2024,09/30/2025
190317,OCHSNER LSU HEALTH SHREVEPORT-ST MARY MEDICAL CENT,1 ST MARY PLACE,SHREVEPORT,LA,71101,CADDO,(318) 626-4300,Emergency Department,OP_22,Left before being seen,,Not Available,5,2024-01-01,2024-12-31,Not Available,01/01/2024,12/31/2024
190318,ACADIAN MEDICAL CENTER,3501 HIGHWAY 190 EAST,EUNICE,LA,70535,ST. LANDRY,(337) 580-7903,Emergency Department,OP_18b,"Average (median) time patients spent in the emergency department before leaving from the visit, excluding patients transferred to another facility or psychiatric care/mental health patients. A lower number of minutes is better",116,386,,2024-10-01,2025-09-30,116,10/01/2024,09/30/2025
190318,ACADIAN MEDICAL CENTER,3501 HIGHWAY 190 EAST,EUNICE,LA,70535,ST. LANDRY,(337) 580-7903,Emergency Department,OP_22,Left before being seen,1,12248,,2024-01-01,2024-12-31,1,01/01/2024,12/31/2024
190319,ALEXANDRIA HOSPITAL,5900 COLISEUM BLVD,ALEXANDRIA,LA,71303,RAPIDES,(318) 386-8110,Emergency Department,OP_18b,"Average (median) time patients spent in the emergency department before leaving from the visit, excluding patients transferred to another facility or psychiatric care/mental health patients. A lower number of minutes is better",,Not Available,5,2024-10-01,2025-09-30,Not Available,10/01/2024,09/30/2025
190319,ALEXANDRIA HOSPITAL,5900 COLISEUM BLVD,ALEXANDRIA,LA,71303,RAPIDES,(318) 386-8110,Emergency Department,OP_22,Left before being seen,,Not Available,5,2024-01-01,2024-12-31,Not Available,01/01/2024,12/31/2024
19050F,Bayne-Jones ACH (Ft Johnson),1585 3rd St,Fort Johnson,LA,71459,VERNON,(337) 531-3118,Emergency Department,OP_18b,"Average (median) time patients spent in the emergency department before leaving from the visit, excluding patients transferred to another facility or psychiatric care/mental health patients. A lower number of minutes is better",98,337,,2024-10-01,2025-09-30,98,10/01/2024,09/30/2025
19050F,Bayne-Jones ACH (Ft Johnson),1585 3rd St,Fort Johnson,LA,71459,VERNON,(337) 531-3118,Emergency Department,OP_22,Left before being seen,1,13199,2,2024-01-01,2024-12-31,1,01/01/2024,12/31/2024
190779,ASSUMPTION COMMUNITY HOSPITAL,135 HIGHWAY 402,NAPOLEONVILLE,LA,70390,ASSUMPTION,(985) 369-3600,Emergency Department,OP_18b,"Average (median) time patients spent in the emergency department before leaving from the visit, excluding patients transferred to another facility or psychiatric care/mental health patients. A lower number of minutes is better",,Not Available,19,2024-10-01,2025-09-30,Not Available,10/01/2024,09/30/2025
190779,ASSUMPTION COMMUNITY HOSPITAL,135 HIGHWAY 402,NAPOLEONVILLE,LA,70390,ASSUMPTION,(985) 369-3600,Emergency Department,OP_22,Left before being seen,,Not Available,19,2024-01-01,2024-12-31,Not Available,01/01/2024,12/31/2024
191300,ST HELENA PARISH HOSPITAL,16874 HIGHWAY 43,GREENSBURG,LA,70441,ST. HELENA,(225) 222-6111,Emergency Department,OP_18b,"Average (median) time patients spent in the emergency department before leaving from the visit, excluding patients transferred to another facility or psychiatric care/mental health patients. A lower number of minutes is better",73,382,,2024-10-01,2025-09-30,73,10/01/2024,09/30/2025
191300,ST HELENA PARISH HOSPITAL,16874 HIGHWAY 43,GREENSBURG,LA,70441,ST. HELENA,(225) 222-6111,Emergency Department,OP_22,Left before being seen,1,4402,,2024-01-01,2024-12-31,1,01/01/2024,12/31/2024
191301,UNION GENERAL HOSPITAL,901 JAMES AVE,FARMERVILLE,LA,71241,UNION,(318) 368-9751,Emergency Department,OP_18b,"Average (median) time patients spent in the emergency department before leaving from the visit, excluding patients transferred to another facility or psychiatric care/mental health patients. A lower number of minutes is better",89,346,,2024-10-01,2025-09-30,89,10/01/2024,09/30/2025
191301,UNION GENERAL HOSPITAL,901 JAMES AVE,FARMERVILLE,LA,71241,UNION,(318) 368-9751,Emergency Department,OP_22,Left before being seen,0,6630,,2024-01-01,2024-12-31,0,01/01/2024,12/31/2024
191302,OCHSNER ST MARTIN HOSPITAL,210 CHAMPAGNE BOULEVARD,BREAUX BRIDGE,LA,70517,ST. MARTIN,(337) 332-2178,Emergency Department,OP_18b,"Average (median) time patients spent in the emergency department before leaving from the visit, excluding patients transferred to another facility or psychiatric care/mental health patients. A lower number of minutes is better",99,379,,2024-10-01,2025-09-30,99,10/01/2024,09/30/2025
191302,OCHSNER ST MARTIN HOSPITAL,210 CHAMPAGNE BOULEVARD,BREAUX BRIDGE,LA,70517,ST. MARTIN,(337) 332-2178,Emergency Department,OP_22,Left before being seen,2,19164,,2024-01-01,2024-12-31,2,01/01/2024,12/31/2024
191304,NORTH CADDO MEDICAL CENTER,815 SOUTH PINE STREET,VIVIAN,LA,71082,CADDO,(318) 375-3235,Emergency Department,OP_18b,"Average (median) time patients spent in the emergency department before leaving from the visit, excluding patients transferred to another facility or psychiatric care/mental health patients. A lower number of minutes is better",124,361,,2024-10-01,2025-09-30,124,10/01/2024,09/30/2025
191304,NORTH CADDO MEDICAL CENTER,815 SOUTH PINE STREET,VIVIAN,LA,71082,CADDO,(318) 375-3235,Emergency Department,OP_22,Left before being seen,2,5461,,2024-01-01,2024-12-31,2,01/01/2024,12/31/2024
191305,ST JAMES PARISH HOSPITAL,1645 LUTCHER AVENUE,LUTCHER,LA,70071,ST. JAMES,(225) 869-5512,Emergency Department,OP_18b,"Average (median) time patients spent in the emergency department before leaving from the visit, excluding patients transferred to another facility or psychiatric care/mental health patients. A lower number of minutes is better",100,422,,2024-10-01,2025-09-30,100,10/01/2024,09/30/2025
191305,ST JAMES PARISH HOSPITAL,1645 LUTCHER AVENUE,LUTCHER,LA,70071,ST. JAMES,(225) 869-5512,Emergency Department,OP_22,Left before being seen,1,8313,,2024-01-01,2024-12-31,1,01/01/2024,12/31/2024
191306,WEST FELICIANA PARISH HOSPITAL,"5266 COMMERCE STREET, BUILDING B",SAINT FRANCISVILLE,LA,70775,WEST FELICIANA,(225) 635-3811,Emergency Department,OP_18b,"Average (median) time patients spent in the emergency department before leaving from the visit, excluding patients transferred to another facility or psychiatric care/mental health patients. A lower number of minutes is better",97,344,,2024-10-01,2025-09-30,97,10/01/2024,09/30/2025
191306,WEST FELICIANA PARISH HOSPITAL,"5266 COMMERCE STREET, BUILDING B",SAINT FRANCISVILLE,LA,70775,WEST FELICIANA,(225) 635-3811,Emergency Department,OP_22,Left before being seen,1,5654,,2024-01-01,2024-12-31,1,01/01/2024,12/31/2024
191307,DEQUINCY MEMORIAL HOSPITAL,110 WEST 4TH STREET,DEQUINCY,LA,70633,CALCASIEU,(337) 786-1200,Emergency Department,OP_18b,"Average (median) time patients spent in the emergency department before leaving from the visit, excluding patients transferred to another facility or psychiatric care/mental health patients. A lower number of minutes is better",99,241,,2024-10-01,2025-09-30,99,10/01/2024,09/30/2025
191307,DEQUINCY MEMORIAL HOSPITAL,110 WEST 4TH STREET,DEQUINCY,LA,70633,CALCASIEU,(337) 786-1200,Emergency Department,OP_22,Left before being seen,1,3163,,2024-01-01,2024-12-31,1,01/01/2024,12/31/2024
191308,PREVOST MEMORIAL HOSPITAL,301 MEMORIAL DR,DONALDSONVILLE,LA,70346,ASCENSION,(225) 473-7931,Emergency Department,OP_18b,"Average (median) time patients spent in the emergency department before leaving from the visit, excluding patients transferred to another facility or psychiatric care/mental health patients. A lower number of minutes is better",,Not Available,"1, 3",2024-10-01,2025-09-30,Not Available,10/01/2024,09/30/2025
191308,PREVOST MEMORIAL HOSPITAL,301 MEMORIAL DR,DONALDSONVILLE,LA,70346,ASCENSION,(225) 473-7931,Emergency Department,OP_22,Left before being seen,1,5590,,2024-01-01,2024-12-31,1,01/01/2024,12/31/2024
191309,HOOD MEMORIAL HOSPITAL,301 W WALNUT STREET,AMITE,LA,70422,TANGIPAHOA,(985) 748-9485,Emergency Department,OP_18b,"Average (median) time patients spent in the emergency department before leaving from the visit, excluding patients transferred to another facility or psychiatric care/mental health patients. A lower number of minutes is better",82,347,,2024-10-01,2025-09-30,82,10/01/2024,09/30/2025
191309,HOOD MEMORIAL HOSPITAL,301 W WALNUT STREET,AMITE,LA,70422,TANGIPAHOA,(985) 748-9485,Emergency Department,OP_22,Left before being seen,2,8823,,2024-01-01,2024-12-31,2,01/01/2024,12/31/2024
191310,BAYOU BEND HEALTH SYSTEM,1097 NORTHWEST BLVD,FRANKLIN,LA,70538,ST. MARY,(337) 828-0760,Emergency Department,OP_18b,"Average (median) time patients spent in the emergency department before leaving from the visit, excluding patients transferred to another facility or psychiatric care/mental health patients. A lower number of minutes is better",102,331,3,2024-10-01,2025-09-30,102,10/01/2024,09/30/2025
191310,BAYOU BEND HEALTH SYSTEM,1097 NORTHWEST BLVD,FRANKLIN,LA,70538,ST. MARY,(337) 828-0760,Emergency Department,OP_22,Left before being seen,1,12773,,2024-01-01,2024-12-31,1,01/01/2024,12/31/2024
191311,BUNKIE GENERAL HOSPITAL,427 EVERGREEN STREET,BUNKIE,LA,71322,AVOYELLES,(318) 346-6681,Emergency Department,OP_18b,"Average (median) time patients spent in the emergency department before leaving from the visit, excluding patients transferred to another facility or psychiatric care/mental health patients. A lower number of minutes is better",88,120,3,2024-10-01,2025-09-30,88,10/01/2024,09/30/2025
191311,BUNKIE GENERAL HOSPITAL,427 EVERGREEN STREET,BUNKIE,LA,71322,AVOYELLES,(318) 346-6681,Emergency Department,OP_22,Left before being seen,2,6318,,2024-01-01,2024-12-31,2,01/01/2024,12/31/2024
191312,CHRISTUS COUSHATTA HEALTH CARE CENTER,1635 MARVEL STREET,COUSHATTA,LA,71019,RED RIVER,(318) 932-2000,Emergency Department,OP_18b,"Average (median) time patients spent in the emergency department before leaving from the visit, excluding patients transferred to another facility or psychiatric care/mental health patients. A lower number of minutes is better",,Not Available,5,2024-10-01,2025-09-30,Not Available,10/01/2024,09/30/2025
191312,CHRISTUS COUSHATTA HEALTH CARE CENTER,1635 MARVEL STREET,COUSHATTA,LA,71019,RED RIVER,(318) 932-2000,Emergency Department,OP_22,Left before being seen,,Not Available,5,2024-01-01,2024-12-31,Not Available,01/01/2024,12/31/2024
191313,RIVERSIDE MEDICAL CENTER,1900 SOUTH MAIN ST,FRANKLINTON,LA,70438,WASHINGTON,(985) 795-4431,Emergency Department,OP_18b,"Average (median) time patients spent in the emergency department before leaving from the visit, excluding patients transferred to another facility or psychiatric care/mental health patients. A lower number of minutes is better",126,353,,2024-10-01,2025-09-30,126,10/01/2024,09/30/2025
191313,RIVERSIDE MEDICAL CENTER,1900 SOUTH MAIN ST,FRANKLINTON,LA,70438,WASHINGTON,(985) 795-4431,Emergency Department,OP_22,Left before being seen,1,14061,,2024-01-01,2024-12-31,1,01/01/2024,12/31/2024
191314,MADISON PARISH HOSPITAL,900 JOHNSON STREET,TALLULAH,LA,71282,MADISON,(318) 574-2374,Emergency Department,OP_18b,"Average (median) time patients spent in the emergency department before leaving from the visit, excluding patients transferred to another facility or psychiatric care/mental health patients. A lower number of minutes is better",125,4477,,2024-10-01,2025-09-30,125,10/01/2024,09/30/2025
191314,MADISON PARISH HOSPITAL,900 JOHNSON STREET,TALLULAH,LA,71282,MADISON,(318) 574-2374,Emergency Department,OP_22,Left before being seen,1,6089,,2024-01-01,2024-12-31,1,01/01/2024,12/31/2024
191315,HARDTNER MEDICAL CENTER,1102 N PINE ROAD,OLLA,LA,71465,LASALLE,(318) 495-3131,Emergency Department,OP_18b,"Average (median) time patients spent in the emergency department before leaving from the visit, excluding patients transferred to another facility or psychiatric care/mental health patients. A lower number of minutes is better",90,401,,2024-10-01,2025-09-30,90,10/01/2024,09/30/2025
191315,HARDTNER MEDICAL CENTER,1102 N PINE ROAD,OLLA,LA,71465,LASALLE,(318) 495-3131,Emergency Department,OP_22,Left before being seen,0,4774,,2024-01-01,2024-12-31,0,01/01/2024,12/31/2024
191316,POINTE COUPEE GENERAL HOSPITAL,2202 FALSE RIVER DRIVE,NEW ROADS,LA,70760,POINTE COUPEE,(225) 638-6331,Emergency Department,OP_18b,"Average (median) time patients spent in the emergency department before leaving from the visit, excluding patients transferred to another facility or psychiatric care/mental health patients. A lower number of minutes is better",124,393,,2024-10-01,2025-09-30,124,10/01/2024,09/30/2025
191316,POINTE COUPEE GENERAL HOSPITAL,2202 FALSE RIVER DRIVE,NEW ROADS,LA,70760,POINTE COUPEE,(225) 638-6331,Emergency Department,OP_22,Left before being seen,1,9509,,2024-01-01,2024-12-31,1,01/01/2024,12/31/2024
191317,JACKSON PARISH HOSPITAL,165 BEECH SPRINGS ROAD,JONESBORO,LA,71251,JACKSON,(318) 259-4435,Emergency Department,OP_18b,"Average (median) time patients spent in the emergency department before leaving from the visit, excluding patients transferred to another facility or psychiatric care/mental health patients. A lower number of minutes is better",135,379,,2024-10-01,2025-09-30,135,10/01/2024,09/30/2025
191317,JACKSON PARISH HOSPITAL,165 BEECH SPRINGS ROAD,JONESBORO,LA,71251,JACKSON,(318) 259-4435,Emergency Department,OP_22,Left before being seen,1,6752,,2024-01-01,2024-12-31,1,01/01/2024,12/31/2024
191318,RIVERLAND MEDICAL CENTER,6569 HWY 84,FERRIDAY,LA,71334,CONCORDIA,(318) 757-6551,Emergency Department,OP_18b,"Average (median) time patients spent in the emergency department before leaving from the visit, excluding patients transferred to another facility or psychiatric care/mental health patients. A lower number of minutes is better",,Not Available,5,2024-10-01,2025-09-30,Not Available,10/01/2024,09/30/2025
191318,RIVERLAND MEDICAL CENTER,6569 HWY 84,FERRIDAY,LA,71334,CONCORDIA,(318) 757-6551,Emergency Department,OP_22,Left before being seen,,Not Available,5,2024-01-01,2024-12-31,Not Available,01/01/2024,12/31/2024
191319,ACADIA ST LANDRY,810 SOUTH BROADWAY STREET,CHURCH POINT,LA,70525,ACADIA,(337) 684-5435,Emergency Department,OP_18b,"Average (median) time patients spent in the emergency department before leaving from the visit, excluding patients transferred to another facility or psychiatric care/mental health patients. A lower number of minutes is better",,Not Available,5,2024-10-01,2025-09-30,Not Available,10/01/2024,09/30/2025
191319,ACADIA ST LANDRY,810 SOUTH BROADWAY STREET,CHURCH POINT,LA,70525,ACADIA,(337) 684-5435,Emergency Department,OP_22,Left before being seen,,Not Available,5,2024-01-01,2024-12-31,Not Available,01/01/2024,12/31/2024
191320,BIENVILLE MEDICAL CENTER,1175 PINE STREET,ARCADIA,LA,71001,BIENVILLE,(318) 263-4700,Emergency Department,OP_18b,"Average (median) time patients spent in the emergency department before leaving from the visit, excluding patients transferred to another facility or psychiatric care/mental health patients. A lower number of minutes is better",100,114,3,2024-10-01,2025-09-30,100,10/01/2024,09/30/2025
191320,BIENVILLE MEDICAL CENTER,1175 PINE STREET,ARCADIA,LA,71001,BIENVILLE,(318) 263-4700,Emergency Department,OP_22,Left before being seen,,Not Available,5,2024-01-01,2024-12-31,Not Available,01/01/2024,12/31/2024
191321,LALLIE KEMP MEDICAL CENTER,52579 HIGHWAY 51 SOUTH,INDEPENDENCE,LA,70443,TANGIPAHOA,(985) 878-1333,Emergency Department,OP_18b,"Average (median) time patients spent in the emergency department before leaving from the visit, excluding patients transferred to another facility or psychiatric care/mental health patients. A lower number of minutes is better",101,365,,2024-10-01,2025-09-30,101,10/01/2024,09/30/2025
191321,LALLIE KEMP MEDICAL CENTER,52579 HIGHWAY 51 SOUTH,INDEPENDENCE,LA,70443,TANGIPAHOA,(985) 878-1333,Emergency Department,OP_22,Left before being seen,3,16512,,2024-01-01,2024-12-31,3,01/01/2024,12/31/2024
191322,ABROM KAPLAN MEMORIAL HOSPITAL,1310 WEST SEVENTH STREET,KAPLAN,LA,70548,VERMILION,(337) 643-8300,Emergency Department,OP_18b,"Average (median) time patients spent in the emergency department before leaving from the visit, excluding patients transferred to another facility or psychiatric care/mental health patients. A lower number of minutes is better",90,362,,2024-10-01,2025-09-30,90,10/01/2024,09/30/2025
191322,ABROM KAPLAN MEMORIAL HOSPITAL,1310 WEST SEVENTH STREET,KAPLAN,LA,70548,VERMILION,(337) 643-8300,Emergency Department,OP_22,Left before being seen,0,6090,,2024-01-01,2024-12-31,0,01/01/2024,12/31/2024
191323,RICHLAND PARISH HOSPITAL-DELHI,407 CINCINNATI STREET,DELHI,LA,71232,RICHLAND,(318) 878-5171,Emergency Department,OP_18b,"Average (median) time patients spent in the emergency department before leaving from the visit, excluding patients transferred to another facility or psychiatric care/mental health patients. A lower number of minutes is better",160,314,,2024-10-01,2025-09-30,160,10/01/2024,09/30/2025
191323,RICHLAND PARISH HOSPITAL-DELHI,407 CINCINNATI STREET,DELHI,LA,71232,RICHLAND,(318) 878-5171,Emergency Department,OP_22,Left before being seen,2,3708,,2024-01-01,2024-12-31,2,01/01/2024,12/31/2024
191324,OCHSNER ST ANNE GENERAL HOSPITAL,4608 HIGHWAY 1,RACELAND,LA,70394,LAFOURCHE,(985) 537-6841,Emergency Department,OP_18b,"Average (median) time patients spent in the emergency department before leaving from the visit, excluding patients transferred to another facility or psychiatric care/mental health patients. A lower number of minutes is better",120,359,,2024-10-01,2025-09-30,120,10/01/2024,09/30/2025
191324,OCHSNER ST ANNE GENERAL HOSPITAL,4608 HIGHWAY 1,RACELAND,LA,70394,LAFOURCHE,(985) 537-6841,Emergency Department,OP_22,Left before being seen,0,20171,,2024-01-01,2024-12-31,0,01/01/2024,12/31/2024
191325,LADY OF THE SEA GENERAL HOSPITAL,200 WEST 134TH PLACE,CUT OFF,LA,70345,LAFOURCHE,(985) 632-6401,Emergency Department,OP_18b,"Average (median) time patients spent in the emergency department before leaving from the visit, excluding patients transferred to another facility or psychiatric care/mental health patients. A lower number of minutes is better",62,375,,2024-10-01,2025-09-30,62,10/01/2024,09/30/2025
191325,LADY OF THE SEA GENERAL HOSPITAL,200 WEST 134TH PLACE,CUT OFF,LA,70345,LAFOURCHE,(985) 632-6401,Emergency Department,OP_22,Left before being seen,1,8081,,2024-01-01,2024-12-31,1,01/01/2024,12/31/2024
191326,REEVES MEMORIAL MEDICAL CENTER,409 FIRST STREET,BERNICE,LA,71222,UNION,(318) 285-9066,Emergency Department,OP_18b,"Average (median) time patients spent in the emergency department before leaving from the visit, excluding patients transferred to another facility or psychiatric care/mental health patients. A lower number of minutes is better",115,607,,2024-10-01,2025-09-30,115,10/01/2024,09/30/2025
191326,REEVES MEMORIAL MEDICAL CENTER,409 FIRST STREET,BERNICE,LA,71222,UNION,(318) 285-9066,Emergency Department,OP_22,Left before being seen,0,2780,,2024-01-01,2024-12-31,0,01/01/2024,12/31/2024
191327,WEST CARROLL MEMORIAL HOSPITAL,706 ROSS STREET,OAK GROVE,LA,71263,WEST CARROLL,(318) 428-3237,Emergency Department,OP_18b,"Average (median) time patients spent in the emergency department before leaving from the visit, excluding patients transferred to another facility or psychiatric care/mental health patients. A lower number of minutes is better",145,333,,2024-10-01,2025-09-30,145,10/01/2024,09/30/2025
191327,WEST CARROLL MEMORIAL HOSPITAL,706 ROSS STREET,OAK GROVE,LA,71263,WEST CARROLL,(318) 428-3237,Emergency Department,OP_22,Left before being seen,1,4674,,2024-01-01,2024-12-31,1,01/01/2024,12/31/2024
193300,CHILDRENS HOSPITAL,200 HENRY CLAY AVE,NEW ORLEANS,LA,70118,ORLEANS,(504) 899-9511,Emergency Department,OP_18b,"Average (median) time patients spent in the emergency department before leaving from the visit, excluding patients transferred to another facility or psychiatric care/mental health patients. A lower number of minutes is better",,Not Available,19,2024-10-01,2025-09-30,Not Available,10/01/2024,09/30/2025
193300,CHILDRENS HOSPITAL,200 HENRY CLAY AVE,NEW ORLEANS,LA,70118,ORLEANS,(504) 899-9511,Emergency Department,OP_22,Left before being seen,,Not Available,19,2024-01-01,2024-12-31,Not Available,01/01/2024,12/31/2024
250001,UNIVERSITY OF MISSISSIPPI MED CENTER,2500 N STATE ST,JACKSON,MS,39216,HINDS,(601) 984-4100,Emergency Department,OP_18b,"Average (median) time patients spent in the emergency department before leaving from the visit, excluding patients transferred to another facility or psychiatric care/mental health patients. A lower number of minutes is better",189,357,,2024-10-01,2025-09-30,189,10/01/2024,09/30/2025
250001,UNIVERSITY OF MISSISSIPPI MED CENTER,2500 N STATE ST,JACKSON,MS,39216,HINDS,(601) 984-4100,Emergency Department,OP_22,Left before being seen,10,101371,,2024-01-01,2024-12-31,10,01/01/2024,12/31/2024
250002,TISHOMINGO HEALTH SERVICES INC,1777 CURTIS DRIVE,IUKA,MS,38852,TISHOMINGO,(662) 423-6051,Emergency Department,OP_18b,"Average (median) time patients spent in the emergency department before leaving from the visit, excluding patients transferred to another facility or psychiatric care/mental health patients. A lower number of minutes is better",108,389,,2024-10-01,2025-09-30,108,10/01/2024,09/30/2025
250002,TISHOMINGO HEALTH SERVICES INC,1777 CURTIS DRIVE,IUKA,MS,38852,TISHOMINGO,(662) 423-6051,Emergency Department,OP_22,Left before being seen,1,7760,,2024-01-01,2024-12-31,1,01/01/2024,12/31/2024
250004,NORTH MISSISSIPPI MEDICAL CENTER,830 S GLOSTER STREET,TUPELO,MS,38801,LEE,(662) 377-6608,Emergency Department,OP_18b,"Average (median) time patients spent in the emergency department before leaving from the visit, excluding patients transferred to another facility or psychiatric care/mental health patients. A lower number of minutes is better",203,385,,2024-10-01,2025-09-30,203,10/01/2024,09/30/2025
250004,NORTH MISSISSIPPI MEDICAL CENTER,830 S GLOSTER STREET,TUPELO,MS,38801,LEE,(662) 377-6608,Emergency Department,OP_22,Left before being seen,2,63973,,2024-01-01,2024-12-31,2,01/01/2024,12/31/2024
250006,BAPTIST MEMORIAL HOSPITAL UNION COUNTY,200 HWY 30 WEST,NEW ALBANY,MS,38652,UNION,(662) 538-7631,Emergency Department,OP_18b,"Average (median) time patients spent in the emergency department before leaving from the visit, excluding patients transferred to another facility or psychiatric care/mental health patients. A lower number of minutes is better",144,531,,2024-10-01,2025-09-30,144,10/01/2024,09/30/2025
250006,BAPTIST MEMORIAL HOSPITAL UNION COUNTY,200 HWY 30 WEST,NEW ALBANY,MS,38652,UNION,(662) 538-7631,Emergency Department,OP_22,Left before being seen,1,28852,,2024-01-01,2024-12-31,1,01/01/2024,12/31/2024
250007,Memorial Hospital Biloxi,150 REYNOIR STREET,BILOXI,MS,39530,HARRISON,(228) 432-1571,Emergency Department,OP_18b,"Average (median) time patients spent in the emergency department before leaving from the visit, excluding patients transferred to another facility or psychiatric care/mental health patients. A lower number of minutes is better",153,479,,2024-10-01,2025-09-30,153,10/01/2024,09/30/2025
250007,Memorial Hospital Biloxi,150 REYNOIR STREET,BILOXI,MS,39530,HARRISON,(228) 432-1571,Emergency Department,OP_22,Left before being seen,2,26064,,2024-01-01,2024-12-31,2,01/01/2024,12/31/2024
250009,MAGNOLIA REGIONAL HEALTH CENTER,611 ALCORN DRIVE,CORINTH,MS,38834,ALCORN,(662) 293-1000,Emergency Department,OP_18b,"Average (median) time patients spent in the emergency department before leaving from the visit, excluding patients transferred to another facility or psychiatric care/mental health patients. A lower number of minutes is better",138,388,,2024-10-01,2025-09-30,138,10/01/2024,09/30/2025
250009,MAGNOLIA REGIONAL HEALTH CENTER,611 ALCORN DRIVE,CORINTH,MS,38834,ALCORN,(662) 293-1000,Emergency Department,OP_22,Left before being seen,2,29767,,2024-01-01,2024-12-31,2,01/01/2024,12/31/2024
250017,PROGRESSIVE HEALTH GROUP OF HOUSTON,1002 EAST MADISON STREET,HOUSTON,MS,38851,CHICKASAW,(662) 456-3700,Emergency Department,OP_18b,"Average (median) time patients spent in the emergency department before leaving from the visit, excluding patients transferred to another facility or psychiatric care/mental health patients. A lower number of minutes is better",,Not Available,5,2024-10-01,2025-09-30,Not Available,10/01/2024,09/30/2025
250017,PROGRESSIVE HEALTH GROUP OF HOUSTON,1002 EAST MADISON STREET,HOUSTON,MS,38851,CHICKASAW,(662) 456-3700,Emergency Department,OP_22,Left before being seen,,Not Available,5,2024-01-01,2024-12-31,Not Available,01/01/2024,12/31/2024
250018,JASPER GENERAL HOSPITAL,15 SOUTH 6TH STREET,BAY SPRINGS,MS,39422,JASPER,(601) 764-2101,Emergency Department,OP_18b,"Average (median) time patients spent in the emergency department before leaving from the visit, excluding patients transferred to another facility or psychiatric care/mental health patients. A lower number of minutes is better",,Not Available,5,2024-10-01,2025-09-30,Not Available,10/01/2024,09/30/2025
250018,JASPER GENERAL HOSPITAL,15 SOUTH 6TH STREET,BAY SPRINGS,MS,39422,JASPER,(601) 764-2101,Emergency Department,OP_22,Left before being seen,,Not Available,5,2024-01-01,2024-12-31,Not Available,01/01/2024,12/31/2024
250019,MEMORIAL HOSPITAL AT GULFPORT,4500 13TH STREET,GULFPORT,MS,39502,HARRISON,(228) 867-4000,Emergency Department,OP_18b,"Average (median) time patients spent in the emergency department before leaving from the visit, excluding patients transferred to another facility or psychiatric care/mental health patients. A lower number of minutes is better",157,471,,2024-10-01,2025-09-30,157,10/01/2024,09/30/2025
250019,MEMORIAL HOSPITAL AT GULFPORT,4500 13TH STREET,GULFPORT,MS,39502,HARRISON,(228) 867-4000,Emergency Department,OP_22,Left before being seen,3,74585,,2024-01-01,2024-12-31,3,01/01/2024,12/31/2024
250020,WEBSTER GENERAL HOSPITAL/ SWING BED,70 MEDICAL PLAZA,EUPORA,MS,39744,WEBSTER,(662) 258-6221,Emergency Department,OP_18b,"Average (median) time patients spent in the emergency department before leaving from the visit, excluding patients transferred to another facility or psychiatric care/mental health patients. A lower number of minutes is better",83,396,,2024-10-01,2025-09-30,83,10/01/2024,09/30/2025
250020,WEBSTER GENERAL HOSPITAL/ SWING BED,70 MEDICAL PLAZA,EUPORA,MS,39744,WEBSTER,(662) 258-6221,Emergency Department,OP_22,Left before being seen,1,7124,,2024-01-01,2024-12-31,1,01/01/2024,12/31/2024
250025,NORTH MISSISSIPPI MEDICAL CENTER-GILMORE AMORY,1105 EARL FRYE BLVD,AMORY,MS,38821,MONROE,(662) 256-7111,Emergency Department,OP_18b,"Average (median) time patients spent in the emergency department before leaving from the visit, excluding patients transferred to another facility or psychiatric care/mental health patients. A lower number of minutes is better",161,375,,2024-10-01,2025-09-30,161,10/01/2024,09/30/2025
250025,NORTH MISSISSIPPI MEDICAL CENTER-GILMORE AMORY,1105 EARL FRYE BLVD,AMORY,MS,38821,MONROE,(662) 256-7111,Emergency Department,OP_22,Left before being seen,1,21868,,2024-01-01,2024-12-31,1,01/01/2024,12/31/2024
250027,WINSTON MEDICAL CENTER,17550 EAST MAIN STREET,LOUISVILLE,MS,39339,WINSTON,(662) 779-5124,Emergency Department,OP_18b,"Average (median) time patients spent in the emergency department before leaving from the visit, excluding patients transferred to another facility or psychiatric care/mental health patients. A lower number of minutes is better",109,632,,2024-10-01,2025-09-30,109,10/01/2024,09/30/2025
250027,WINSTON MEDICAL CENTER,17550 EAST MAIN STREET,LOUISVILLE,MS,39339,WINSTON,(662) 779-5124,Emergency Department,OP_22,Left before being seen,2,10462,,2024-01-01,2024-12-31,2,01/01/2024,12/31/2024
250031,MERIT HEALTH RIVER REGION,2100 HWY 61 N,VICKSBURG,MS,39183,WARREN,(601) 883-5000,Emergency Department,OP_18b,"Average (median) time patients spent in the emergency department before leaving from the visit, excluding patients transferred to another facility or psychiatric care/mental health patients. A lower number of minutes is better",123,398,,2024-10-01,2025-09-30,123,10/01/2024,09/30/2025
250031,MERIT HEALTH RIVER REGION,2100 HWY 61 N,VICKSBURG,MS,39183,WARREN,(601) 883-5000,Emergency Department,OP_22,Left before being seen,1,17828,,2024-01-01,2024-12-31,1,01/01/2024,12/31/2024
250034,BAPTIST MEMORIAL HOSPITAL NORTH MS,1100 BELK BLVD,OXFORD,MS,38655,LAFAYETTE,(662) 232-8100,Emergency Department,OP_18b,"Average (median) time patients spent in the emergency department before leaving from the visit, excluding patients transferred to another facility or psychiatric care/mental health patients. A lower number of minutes is better",157,512,,2024-10-01,2025-09-30,157,10/01/2024,09/30/2025
250034,BAPTIST MEMORIAL HOSPITAL NORTH MS,1100 BELK BLVD,OXFORD,MS,38655,LAFAYETTE,(662) 232-8100,Emergency Department,OP_22,Left before being seen,1,47172,,2024-01-01,2024-12-31,1,01/01/2024,12/31/2024
250036,GEORGE REGIONAL HEALTH SYSTEM,859 WINTER STREET,LUCEDALE,MS,39452,GEORGE,(601) 947-3161,Emergency Department,OP_18b,"Average (median) time patients spent in the emergency department before leaving from the visit, excluding patients transferred to another facility or psychiatric care/mental health patients. A lower number of minutes is better",132,392,,2024-10-01,2025-09-30,132,10/01/2024,09/30/2025
250036,GEORGE REGIONAL HEALTH SYSTEM,859 WINTER STREET,LUCEDALE,MS,39452,GEORGE,(601) 947-3161,Emergency Department,OP_22,Left before being seen,6,12393,,2024-01-01,2024-12-31,6,01/01/2024,12/31/2024
250038,MERIT HEALTH MADISON,161 RIVER OAKS DRIVE,CANTON,MS,39046,MADISON,(601) 855-4000,Emergency Department,OP_18b,"Average (median) time patients spent in the emergency department before leaving from the visit, excluding patients transferred to another facility or psychiatric care/mental health patients. A lower number of minutes is better",136,370,,2024-10-01,2025-09-30,136,10/01/2024,09/30/2025
250038,MERIT HEALTH MADISON,161 RIVER OAKS DRIVE,CANTON,MS,39046,MADISON,(601) 855-4000,Emergency Department,OP_22,Left before being seen,2,19832,,2024-01-01,2024-12-31,2,01/01/2024,12/31/2024
250040,SINGING RIVER HEALTH SYSTEM,2809 DENNY AV,PASCAGOULA,MS,39581,JACKSON,(228) 809-5000,Emergency Department,OP_18b,"Average (median) time patients spent in the emergency department before leaving from the visit, excluding patients transferred to another facility or psychiatric care/mental health patients. A lower number of minutes is better",176,396,,2024-10-01,2025-09-30,176,10/01/2024,09/30/2025
250040,SINGING RIVER HEALTH SYSTEM,2809 DENNY AV,PASCAGOULA,MS,39581,JACKSON,(228) 809-5000,Emergency Department,OP_22,Left before being seen,9,69956,,2024-01-01,2024-12-31,9,01/01/2024,12/31/2024
250042,NORTHWEST MISSISSISSIPPI REGIONAL MEDICAL CENTER,1970 HOSPITAL DRIVE,CLARKSDALE,MS,38614,COAHOMA,(662) 627-3211,Emergency Department,OP_18b,"Average (median) time patients spent in the emergency department before leaving from the visit, excluding patients transferred to another facility or psychiatric care/mental health patients. A lower number of minutes is better",172,337,,2024-10-01,2025-09-30,172,10/01/2024,09/30/2025
250042,NORTHWEST MISSISSISSIPPI REGIONAL MEDICAL CENTER,1970 HOSPITAL DRIVE,CLARKSDALE,MS,38614,COAHOMA,(662) 627-3211,Emergency Department,OP_22,Left before being seen,2,15695,,2024-01-01,2024-12-31,2,01/01/2024,12/31/2024
250043,NESHOBA COUNTY GENERAL HOSPITAL,1001 HOLLAND AVENUE,PHILADELPHIA,MS,39350,NESHOBA,(601) 663-1200,Emergency Department,OP_18b,"Average (median) time patients spent in the emergency department before leaving from the visit, excluding patients transferred to another facility or psychiatric care/mental health patients. A lower number of minutes is better",97,419,,2024-10-01,2025-09-30,97,10/01/2024,09/30/2025
250043,NESHOBA COUNTY GENERAL HOSPITAL,1001 HOLLAND AVENUE,PHILADELPHIA,MS,39350,NESHOBA,(601) 663-1200,Emergency Department,OP_22,Left before being seen,2,20815,,2024-01-01,2024-12-31,2,01/01/2024,12/31/2024
250044,BAPTIST MEMORIAL HOSPITAL BOONEVILLE,100 HOSPITAL STREET,BOONEVILLE,MS,38829,PRENTISS,(662) 720-5000,Emergency Department,OP_18b,"Average (median) time patients spent in the emergency department before leaving from the visit, excluding patients transferred to another facility or psychiatric care/mental health patients. A lower number of minutes is better",99,399,,2024-10-01,2025-09-30,99,10/01/2024,09/30/2025
250044,BAPTIST MEMORIAL HOSPITAL BOONEVILLE,100 HOSPITAL STREET,BOONEVILLE,MS,38829,PRENTISS,(662) 720-5000,Emergency Department,OP_22,Left before being seen,1,11746,,2024-01-01,2024-12-31,1,01/01/2024,12/31/2024
250048,ST DOMINIC-JACKSON MEMORIAL HOSPITAL,969 LAKELAND DR,JACKSON,MS,39216,HINDS,(601) 200-2000,Emergency Department,OP_18b,"Average (median) time patients spent in the emergency department before leaving from the visit, excluding patients transferred to another facility or psychiatric care/mental health patients. A lower number of minutes is better",250,2144,,2024-10-01,2025-09-30,250,10/01/2024,09/30/2025
250048,ST DOMINIC-JACKSON MEMORIAL HOSPITAL,969 LAKELAND DR,JACKSON,MS,39216,HINDS,(601) 200-2000,Emergency Department,OP_22,Left before being seen,1,49092,,2024-01-01,2024-12-31,1,01/01/2024,12/31/2024
250049,BEACHAM MEMORIAL HOSPITAL,205 N CHERRY STREET / PO BOX 351,MAGNOLIA,MS,39652,PIKE,(601) 783-2353,Emergency Department,OP_18b,"Average (median) time patients spent in the emergency department before leaving from the visit, excluding patients transferred to another facility or psychiatric care/mental health patients. A lower number of minutes is better",,Not Available,5,2024-10-01,2025-09-30,Not Available,10/01/2024,09/30/2025
250049,BEACHAM MEMORIAL HOSPITAL,205 N CHERRY STREET / PO BOX 351,MAGNOLIA,MS,39652,PIKE,(601) 783-2353,Emergency Department,OP_22,Left before being seen,,Not Available,5,2024-01-01,2024-12-31,Not Available,01/01/2024,12/31/2024
250050,BAPTIST MEMORIAL HOSPITAL-OKTIBBEHA COUNTY,400 HOSPITAL ROAD,STARKVILLE,MS,39759,OKTIBBEHA,(662) 323-4320,Emergency Department,OP_18b,"Average (median) time patients spent in the emergency department before leaving from the visit, excluding patients transferred to another facility or psychiatric care/mental health patients. A lower number of minutes is better",133,397,,2024-10-01,2025-09-30,133,10/01/2024,09/30/2025
250050,BAPTIST MEMORIAL HOSPITAL-OKTIBBEHA COUNTY,400 HOSPITAL ROAD,STARKVILLE,MS,39759,OKTIBBEHA,(662) 323-4320,Emergency Department,OP_22,Left before being seen,3,24063,,2024-01-01,2024-12-31,3,01/01/2024,12/31/2024
250057,KING'S DAUGHTERS MEDICAL CENTER-BROOKHAVEN,P O BOX 948/427 HIGHWAY 51 NORTH,BROOKHAVEN,MS,39601,LINCOLN,(601) 833-6011,Emergency Department,OP_18b,"Average (median) time patients spent in the emergency department before leaving from the visit, excluding patients transferred to another facility or psychiatric care/mental health patients. A lower number of minutes is better",140,396,,2024-10-01,2025-09-30,140,10/01/2024,09/30/2025
250057,KING'S DAUGHTERS MEDICAL CENTER-BROOKHAVEN,P O BOX 948/427 HIGHWAY 51 NORTH,BROOKHAVEN,MS,39601,LINCOLN,(601) 833-6011,Emergency Department,OP_22,Left before being seen,3,26678,,2024-01-01,2024-12-31,3,01/01/2024,12/31/2024
250058,SOUTH CENTRAL REG MED CTR,1220 JEFFERSON ST BOX 607,LAUREL,MS,39440,JONES,(601) 426-4000,Emergency Department,OP_18b,"Average (median) time patients spent in the emergency department before leaving from the visit, excluding patients transferred to another facility or psychiatric care/mental health patients. A lower number of minutes is better",128,424,,2024-10-01,2025-09-30,128,10/01/2024,09/30/2025
250058,SOUTH CENTRAL REG MED CTR,1220 JEFFERSON ST BOX 607,LAUREL,MS,39440,JONES,(601) 426-4000,Emergency Department,OP_22,Left before being seen,1,45846,,2024-01-01,2024-12-31,1,01/01/2024,12/31/2024
250061,YALOBUSHA GENERAL HOSPITAL,630 SOUTH MAIN STREET,WATER VALLEY,MS,38965,YALOBUSHA,(662) 473-1411,Emergency Department,OP_18b,"Average (median) time patients spent in the emergency department before leaving from the visit, excluding patients transferred to another facility or psychiatric care/mental health patients. A lower number of minutes is better",,Not Available,5,2024-10-01,2025-09-30,Not Available,10/01/2024,09/30/2025
250061,YALOBUSHA GENERAL HOSPITAL,630 SOUTH MAIN STREET,WATER VALLEY,MS,38965,YALOBUSHA,(662) 473-1411,Emergency Department,OP_22,Left before being seen,,Not Available,5,2024-01-01,2024-12-31,Not Available,01/01/2024,12/31/2024
250067,CLAY COUNTY MEDICAL CORPORATION,150 MEDICAL CENTER DRIVE,WEST POINT,MS,39773,CLAY,(662) 495-2300,Emergency Department,OP_18b,"Average (median) time patients spent in the emergency department before leaving from the visit, excluding patients transferred to another facility or psychiatric care/mental health patients. A lower number of minutes is better",110,385,,2024-10-01,2025-09-30,110,10/01/2024,09/30/2025
250067,CLAY COUNTY MEDICAL CORPORATION,150 MEDICAL CENTER DRIVE,WEST POINT,MS,39773,CLAY,(662) 495-2300,Emergency Department,OP_22,Left before being seen,1,16561,,2024-01-01,2024-12-31,1,01/01/2024,12/31/2024
250069,OCHSNER RUSH HOSPITAL,1314 19TH AVE,MERIDIAN,MS,39301,LAUDERDALE,(601) 483-0011,Emergency Department,OP_18b,"Average (median) time patients spent in the emergency department before leaving from the visit, excluding patients transferred to another facility or psychiatric care/mental health patients. A lower number of minutes is better",169,418,,2024-10-01,2025-09-30,169,10/01/2024,09/30/2025
250069,OCHSNER RUSH HOSPITAL,1314 19TH AVE,MERIDIAN,MS,39301,LAUDERDALE,(601) 483-0011,Emergency Department,OP_22,Left before being seen,1,30403,,2024-01-01,2024-12-31,1,01/01/2024,12/31/2024
250072,MERIT HEALTH CENTRAL,1850 CHADWICK DR,JACKSON,MS,39204,HINDS,(601) 376-1000,Emergency Department,OP_18b,"Average (median) time patients spent in the emergency department before leaving from the visit, excluding patients transferred to another facility or psychiatric care/mental health patients. A lower number of minutes is better",91,396,,2024-10-01,2025-09-30,91,10/01/2024,09/30/2025
250072,MERIT HEALTH CENTRAL,1850 CHADWICK DR,JACKSON,MS,39204,HINDS,(601) 376-1000,Emergency Department,OP_22,Left before being seen,1,31336,,2024-01-01,2024-12-31,1,01/01/2024,12/31/2024
250077,WAYNE GENERAL HOSPITAL,950 MATTHEW DR,WAYNESBORO,MS,39367,WAYNE,(601) 735-5151,Emergency Department,OP_18b,"Average (median) time patients spent in the emergency department before leaving from the visit, excluding patients transferred to another facility or psychiatric care/mental health patients. A lower number of minutes is better",132,390,,2024-10-01,2025-09-30,132,10/01/2024,09/30/2025
250077,WAYNE GENERAL HOSPITAL,950 MATTHEW DR,WAYNESBORO,MS,39367,WAYNE,(601) 735-5151,Emergency Department,OP_22,Left before being seen,4,9994,,2024-01-01,2024-12-31,4,01/01/2024,12/31/2024
250078,FORREST GENERAL HOSPITAL,6051 US HIGHWAY 49,HATTIESBURG,MS,39401,FORREST,(601) 288-7000,Emergency Department,OP_18b,"Average (median) time patients spent in the emergency department before leaving from the visit, excluding patients transferred to another facility or psychiatric care/mental health patients. A lower number of minutes is better",224,513,,2024-10-01,2025-09-30,224,10/01/2024,09/30/2025
250078,FORREST GENERAL HOSPITAL,6051 US HIGHWAY 49,HATTIESBURG,MS,39401,FORREST,(601) 288-7000,Emergency Department,OP_22,Left before being seen,1,78364,,2024-01-01,2024-12-31,1,01/01/2024,12/31/2024
250081,ANDERSON REGIONAL MEDICAL CENTER SOUTH CAMPUS,1102 CONSTITUTION AVENUE,MERIDIAN,MS,39301,LAUDERDALE,(601) 484-3590,Emergency Department,OP_18b,"Average (median) time patients spent in the emergency department before leaving from the visit, excluding patients transferred to another facility or psychiatric care/mental health patients. A lower number of minutes is better",,Not Available,5,2024-10-01,2025-09-30,Not Available,10/01/2024,09/30/2025
250081,ANDERSON REGIONAL MEDICAL CENTER SOUTH CAMPUS,1102 CONSTITUTION AVENUE,MERIDIAN,MS,39301,LAUDERDALE,(601) 484-3590,Emergency Department,OP_22,Left before being seen,,Not Available,5,2024-01-01,2024-12-31,Not Available,01/01/2024,12/31/2024
250082,DELTA HEALTH SYSTEM - THE MEDICAL CENTER,1400 E UNION ST,GREENVILLE,MS,38701,WASHINGTON,(662) 378-3783,Emergency Department,OP_18b,"Average (median) time patients spent in the emergency department before leaving from the visit, excluding patients transferred to another facility or psychiatric care/mental health patients. A lower number of minutes is better",270,174,,2024-10-01,2025-09-30,270,10/01/2024,09/30/2025
250082,DELTA HEALTH SYSTEM - THE MEDICAL CENTER,1400 E UNION ST,GREENVILLE,MS,38701,WASHINGTON,(662) 378-3783,Emergency Department,OP_22,Left before being seen,7,24863,,2024-01-01,2024-12-31,7,01/01/2024,12/31/2024
250084,MERIT HEALTH NATCHEZ,52 SERGEANT PRENTISS DRIVE,NATCHEZ,MS,39120,ADAMS,(601) 443-2100,Emergency Department,OP_18b,"Average (median) time patients spent in the emergency department before leaving from the visit, excluding patients transferred to another facility or psychiatric care/mental health patients. A lower number of minutes is better",175,394,,2024-10-01,2025-09-30,175,10/01/2024,09/30/2025
250084,MERIT HEALTH NATCHEZ,52 SERGEANT PRENTISS DRIVE,NATCHEZ,MS,39120,ADAMS,(601) 443-2100,Emergency Department,OP_22,Left before being seen,2,19046,,2024-01-01,2024-12-31,2,01/01/2024,12/31/2024
250085,MARION GENERAL HOSPITAL,1560 SUMRALL RD,COLUMBIA,MS,39429,MARION,(601) 736-6303,Emergency Department,OP_18b,"Average (median) time patients spent in the emergency department before leaving from the visit, excluding patients transferred to another facility or psychiatric care/mental health patients. A lower number of minutes is better",126,359,,2024-10-01,2025-09-30,126,10/01/2024,09/30/2025
250085,MARION GENERAL HOSPITAL,1560 SUMRALL RD,COLUMBIA,MS,39429,MARION,(601) 736-6303,Emergency Department,OP_22,Left before being seen,3,13967,,2024-01-01,2024-12-31,3,01/01/2024,12/31/2024
250093,BOLIVAR MEDICAL CENTER,901 E SUNFLOWER RD,CLEVELAND,MS,38732,BOLIVAR,(662) 846-0061,Emergency Department,OP_18b,"Average (median) time patients spent in the emergency department before leaving from the visit, excluding patients transferred to another facility or psychiatric care/mental health patients. A lower number of minutes is better",127,391,,2024-10-01,2025-09-30,127,10/01/2024,09/30/2025
250093,BOLIVAR MEDICAL CENTER,901 E SUNFLOWER RD,CLEVELAND,MS,38732,BOLIVAR,(662) 846-0061,Emergency Department,OP_22,Left before being seen,2,18942,,2024-01-01,2024-12-31,2,01/01/2024,12/31/2024
250094,MERIT HEALTH WESLEY,5001 W HARDY ST,HATTIESBURG,MS,39402,LAMAR,(601) 268-8000,Emergency Department,OP_18b,"Average (median) time patients spent in the emergency department before leaving from the visit, excluding patients transferred to another facility or psychiatric care/mental health patients. A lower number of minutes is better",154,415,,2024-10-01,2025-09-30,154,10/01/2024,09/30/2025
250094,MERIT HEALTH WESLEY,5001 W HARDY ST,HATTIESBURG,MS,39402,LAMAR,(601) 268-8000,Emergency Department,OP_22,Left before being seen,1,33717,,2024-01-01,2024-12-31,1,01/01/2024,12/31/2024
250095,SOUTH SUNFLOWER COUNTY HOSPITAL,121 EAST BAKER STREET,INDIANOLA,MS,38751,SUNFLOWER,(662) 887-5235,Emergency Department,OP_18b,"Average (median) time patients spent in the emergency department before leaving from the visit, excluding patients transferred to another facility or psychiatric care/mental health patients. A lower number of minutes is better",,Not Available,5,2024-10-01,2025-09-30,Not Available,10/01/2024,09/30/2025
250095,SOUTH SUNFLOWER COUNTY HOSPITAL,121 EAST BAKER STREET,INDIANOLA,MS,38751,SUNFLOWER,(662) 887-5235,Emergency Department,OP_22,Left before being seen,14,9539,,2024-01-01,2024-12-31,14,01/01/2024,12/31/2024
250096,CROSSGATES RIVER OAKS HOSPITAL,350 CROSSGATES BLVD,BRANDON,MS,39042,RANKIN,(601) 825-2811,Emergency Department,OP_18b,"Average (median) time patients spent in the emergency department before leaving from the visit, excluding patients transferred to another facility or psychiatric care/mental health patients. A lower number of minutes is better",95,410,,2024-10-01,2025-09-30,95,10/01/2024,09/30/2025
250096,CROSSGATES RIVER OAKS HOSPITAL,350 CROSSGATES BLVD,BRANDON,MS,39042,RANKIN,(601) 825-2811,Emergency Department,OP_22,Left before being seen,1,13823,,2024-01-01,2024-12-31,1,01/01/2024,12/31/2024
250097,SOUTHWEST MS REGIONAL MEDICAL CENTER,215 MARION AV BOX 1307,MCCOMB,MS,39649,PIKE,(601) 249-5500,Emergency Department,OP_18b,"Average (median) time patients spent in the emergency department before leaving from the visit, excluding patients transferred to another facility or psychiatric care/mental health patients. A lower number of minutes is better",121,505,,2024-10-01,2025-09-30,121,10/01/2024,09/30/2025
250097,SOUTHWEST MS REGIONAL MEDICAL CENTER,215 MARION AV BOX 1307,MCCOMB,MS,39649,PIKE,(601) 249-5500,Emergency Department,OP_22,Left before being seen,1,34414,,2024-01-01,2024-12-31,1,01/01/2024,12/31/2024
250099,GREENWOOD LEFLORE HOSPITAL,1401 RIVER RD,GREENWOOD,MS,38930,LEFLORE,(662) 459-7000,Emergency Department,OP_18b,"Average (median) time patients spent in the emergency department before leaving from the visit, excluding patients transferred to another facility or psychiatric care/mental health patients. A lower number of minutes is better",194,410,,2024-10-01,2025-09-30,194,10/01/2024,09/30/2025
250099,GREENWOOD LEFLORE HOSPITAL,1401 RIVER RD,GREENWOOD,MS,38930,LEFLORE,(662) 459-7000,Emergency Department,OP_22,Left before being seen,9,18813,,2024-01-01,2024-12-31,9,01/01/2024,12/31/2024
250100,BMH-GOLDEN TRIANGLE,2520 5TH STREET N,COLUMBUS,MS,39705,LOWNDES,(662) 244-1000,Emergency Department,OP_18b,"Average (median) time patients spent in the emergency department before leaving from the visit, excluding patients transferred to another facility or psychiatric care/mental health patients. A lower number of minutes is better",138,534,,2024-10-01,2025-09-30,138,10/01/2024,09/30/2025
250100,BMH-GOLDEN TRIANGLE,2520 5TH STREET N,COLUMBUS,MS,39705,LOWNDES,(662) 244-1000,Emergency Department,OP_22,Left before being seen,0,63976,,2024-01-01,2024-12-31,0,01/01/2024,12/31/2024
250102,MISSISSIPPI BAPTIST MEDICAL CENTER,1225 N STATE ST,JACKSON,MS,39202,HINDS,(601) 968-1000,Emergency Department,OP_18b,"Average (median) time patients spent in the emergency department before leaving from the visit, excluding patients transferred to another facility or psychiatric care/mental health patients. A lower number of minutes is better",211,488,,2024-10-01,2025-09-30,211,10/01/2024,09/30/2025
250102,MISSISSIPPI BAPTIST MEDICAL CENTER,1225 N STATE ST,JACKSON,MS,39202,HINDS,(601) 968-1000,Emergency Department,OP_22,Left before being seen,6,55411,,2024-01-01,2024-12-31,6,01/01/2024,12/31/2024
250104,ANDERSON REGIONAL MEDICAL CENTER,2124 14TH STREET,MERIDIAN,MS,39301,LAUDERDALE,(601) 553-6000,Emergency Department,OP_18b,"Average (median) time patients spent in the emergency department before leaving from the visit, excluding patients transferred to another facility or psychiatric care/mental health patients. A lower number of minutes is better",185,376,,2024-10-01,2025-09-30,185,10/01/2024,09/30/2025
250104,ANDERSON REGIONAL MEDICAL CENTER,2124 14TH STREET,MERIDIAN,MS,39301,LAUDERDALE,(601) 553-6000,Emergency Department,OP_22,Left before being seen,4,35184,,2024-01-01,2024-12-31,4,01/01/2024,12/31/2024
250117,HIGHLAND COMMUNITY  HOSPITAL,130 HIGHLAND PKWY,PICAYUNE,MS,39466,PEARL RIVER,(601) 358-9400,Emergency Department,OP_18b,"Average (median) time patients spent in the emergency department before leaving from the visit, excluding patients transferred to another facility or psychiatric care/mental health patients. A lower number of minutes is better",124,375,,2024-10-01,2025-09-30,124,10/01/2024,09/30/2025
250117,HIGHLAND COMMUNITY  HOSPITAL,130 HIGHLAND PKWY,PICAYUNE,MS,39466,PEARL RIVER,(601) 358-9400,Emergency Department,OP_22,Left before being seen,3,24842,,2024-01-01,2024-12-31,3,01/01/2024,12/31/2024
250123,SINGING RIVER GULFPORT,15200 COMMUNITY ROAD,GULFPORT,MS,39503,HARRISON,(228) 575-7000,Emergency Department,OP_18b,"Average (median) time patients spent in the emergency department before leaving from the visit, excluding patients transferred to another facility or psychiatric care/mental health patients. A lower number of minutes is better",165,506,,2024-10-01,2025-09-30,165,10/01/2024,09/30/2025
250123,SINGING RIVER GULFPORT,15200 COMMUNITY ROAD,GULFPORT,MS,39503,HARRISON,(228) 575-7000,Emergency Department,OP_22,Left before being seen,5,50244,,2024-01-01,2024-12-31,5,01/01/2024,12/31/2024
250124,MAGEE GENERAL HOSPITAL,300 3RD AVE SE,MAGEE,MS,39111,SIMPSON,(601) 849-5070,Emergency Department,OP_18b,"Average (median) time patients spent in the emergency department before leaving from the visit, excluding patients transferred to another facility or psychiatric care/mental health patients. A lower number of minutes is better",84,454,,2024-10-01,2025-09-30,84,10/01/2024,09/30/2025
250124,MAGEE GENERAL HOSPITAL,300 3RD AVE SE,MAGEE,MS,39111,SIMPSON,(601) 849-5070,Emergency Department,OP_22,Left before being seen,1,10099,,2024-01-01,2024-12-31,1,01/01/2024,12/31/2024
250127,CHOCTAW HEALTH CENTER,ROUTE 7 BOX R50,PHILADELPHIA,MS,39350,NESHOBA,(601) 656-2211,Emergency Department,OP_18b,"Average (median) time patients spent in the emergency department before leaving from the visit, excluding patients transferred to another facility or psychiatric care/mental health patients. A lower number of minutes is better",91,427,,2024-10-01,2025-09-30,91,10/01/2024,09/30/2025
250127,CHOCTAW HEALTH CENTER,ROUTE 7 BOX R50,PHILADELPHIA,MS,39350,NESHOBA,(601) 656-2211,Emergency Department,OP_22,Left before being seen,3,12059,,2024-01-01,2024-12-31,3,01/01/2024,12/31/2024
250134,WHITFIELD MEDICAL SURGICAL HOSPITAL,"3550 HWY 468 W, BLDG 60",WHITFIELD,MS,39193,RANKIN,(601) 351-8023,Emergency Department,OP_18b,"Average (median) time patients spent in the emergency department before leaving from the visit, excluding patients transferred to another facility or psychiatric care/mental health patients. A lower number of minutes is better",,Not Available,5,2024-10-01,2025-09-30,Not Available,10/01/2024,09/30/2025
250134,WHITFIELD MEDICAL SURGICAL HOSPITAL,"3550 HWY 468 W, BLDG 60",WHITFIELD,MS,39193,RANKIN,(601) 351-8023,Emergency Department,OP_22,Left before being seen,,Not Available,5,2024-01-01,2024-12-31,Not Available,01/01/2024,12/31/2024
250136,MERIT HEALTH WOMEN'S HOSPITAL,1026 RIVER OAKS DRIVE,FLOWOOD,MS,39232,RANKIN,(601) 932-1000,Emergency Department,OP_18b,"Average (median) time patients spent in the emergency department before leaving from the visit, excluding patients transferred to another facility or psychiatric care/mental health patients. A lower number of minutes is better",,Not Available,5,2024-10-01,2025-09-30,Not Available,10/01/2024,09/30/2025
250136,MERIT HEALTH WOMEN'S HOSPITAL,1026 RIVER OAKS DRIVE,FLOWOOD,MS,39232,RANKIN,(601) 932-1000,Emergency Department,OP_22,Left before being seen,,Not Available,5,2024-01-01,2024-12-31,Not Available,01/01/2024,12/31/2024
250138,MERIT HEALTH RIVER OAKS,1030 RIVER OAKS DRIVE,FLOWOOD,MS,39232,RANKIN,(601) 932-1030,Emergency Department,OP_18b,"Average (median) time patients spent in the emergency department before leaving from the visit, excluding patients transferred to another facility or psychiatric care/mental health patients. A lower number of minutes is better",134,412,,2024-10-01,2025-09-30,134,10/01/2024,09/30/2025
250138,MERIT HEALTH RIVER OAKS,1030 RIVER OAKS DRIVE,FLOWOOD,MS,39232,RANKIN,(601) 932-1030,Emergency Department,OP_22,Left before being seen,1,25417,,2024-01-01,2024-12-31,1,01/01/2024,12/31/2024
250141,BAPTIST MEMORIAL HOSPITAL DESOTO,7601 SOUTHCREST PARKWAY,SOUTHAVEN,MS,38671,DE SOTO,(662) 772-4000,Emergency Department,OP_18b,"Average (median) time patients spent in the emergency department before leaving from the visit, excluding patients transferred to another facility or psychiatric care/mental health patients. A lower number of minutes is better",259,394,,2024-10-01,2025-09-30,259,10/01/2024,09/30/2025
250141,BAPTIST MEMORIAL HOSPITAL DESOTO,7601 SOUTHCREST PARKWAY,SOUTHAVEN,MS,38671,DE SOTO,(662) 772-4000,Emergency Department,OP_22,Left before being seen,2,62221,,2024-01-01,2024-12-31,2,01/01/2024,12/31/2024
250151,ALLIANCE HEALTH CENTER,5000 HIGHWAY 39 NORTH,MERIDIAN,MS,39301,LAUDERDALE,(601) 483-6211,Emergency Department,OP_18b,"Average (median) time patients spent in the emergency department before leaving from the visit, excluding patients transferred to another facility or psychiatric care/mental health patients. A lower number of minutes is better",,Not Available,5,2024-10-01,2025-09-30,Not Available,10/01/2024,09/30/2025
250151,ALLIANCE HEALTH CENTER,5000 HIGHWAY 39 NORTH,MERIDIAN,MS,39301,LAUDERDALE,(601) 483-6211,Emergency Department,OP_22,Left before being seen,,Not Available,5,2024-01-01,2024-12-31,Not Available,01/01/2024,12/31/2024
250152,MISSISSIPPI METHODIST REHAB CTR,1350 E WOODROW WILSON DR,JACKSON,MS,39216,HINDS,(601) 981-2611,Emergency Department,OP_18b,"Average (median) time patients spent in the emergency department before leaving from the visit, excluding patients transferred to another facility or psychiatric care/mental health patients. A lower number of minutes is better",,Not Available,5,2024-10-01,2025-09-30,Not Available,10/01/2024,09/30/2025
250152,MISSISSIPPI METHODIST REHAB CTR,1350 E WOODROW WILSON DR,JACKSON,MS,39216,HINDS,(601) 981-2611,Emergency Department,OP_22,Left before being seen,,Not Available,5,2024-01-01,2024-12-31,Not Available,01/01/2024,12/31/2024
250162,OCHSNER MEDICAL CENTER-HANCOCK,149 DRINKWATER BLVD,BAY SAINT LOUIS,MS,39520,HANCOCK,(228) 467-8600,Emergency Department,OP_18b,"Average (median) time patients spent in the emergency department before leaving from the visit, excluding patients transferred to another facility or psychiatric care/mental health patients. A lower number of minutes is better",147,369,,2024-10-01,2025-09-30,147,10/01/2024,09/30/2025
250162,OCHSNER MEDICAL CENTER-HANCOCK,149 DRINKWATER BLVD,BAY SAINT LOUIS,MS,39520,HANCOCK,(228) 467-8600,Emergency Department,OP_22,Left before being seen,2,19609,,2024-01-01,2024-12-31,2,01/01/2024,12/31/2024
250167,METHODIST HEALTHCARE - OLIVE BRANCH HOSPITAL,4250 BETHEL ROAD,OLIVE BRANCH,MS,38654,DE SOTO,(662) 932-9000,Emergency Department,OP_18b,"Average (median) time patients spent in the emergency department before leaving from the visit, excluding patients transferred to another facility or psychiatric care/mental health patients. A lower number of minutes is better",222,423,,2024-10-01,2025-09-30,222,10/01/2024,09/30/2025
250167,METHODIST HEALTHCARE - OLIVE BRANCH HOSPITAL,4250 BETHEL ROAD,OLIVE BRANCH,MS,38654,DE SOTO,(662) 932-9000,Emergency Department,OP_22,Left before being seen,4,41984,,2024-01-01,2024-12-31,4,01/01/2024,12/31/2024
250168,UNIVERSITY OF MISSISSIPPI MEDICAL CENTER- GRENADA,960 AVENT DRIVE,GRENADA,MS,38901,GRENADA,(662) 227-7000,Emergency Department,OP_18b,"Average (median) time patients spent in the emergency department before leaving from the visit, excluding patients transferred to another facility or psychiatric care/mental health patients. A lower number of minutes is better",114,373,,2024-10-01,2025-09-30,114,10/01/2024,09/30/2025
250168,UNIVERSITY OF MISSISSIPPI MEDICAL CENTER- GRENADA,960 AVENT DRIVE,GRENADA,MS,38901,GRENADA,(662) 227-7000,Emergency Department,OP_22,Left before being seen,1,19469,,2024-01-01,2024-12-31,1,01/01/2024,12/31/2024
250172,HIGHLAND HILLS MEDICAL CENTER,401 GETWELL DRIVE,SENATOBIA,MS,38668,TATE,(662) 612-0311,Emergency Department,OP_18b,"Average (median) time patients spent in the emergency department before leaving from the visit, excluding patients transferred to another facility or psychiatric care/mental health patients. A lower number of minutes is better",125,349,,2024-10-01,2025-09-30,125,10/01/2024,09/30/2025
250172,HIGHLAND HILLS MEDICAL CENTER,401 GETWELL DRIVE,SENATOBIA,MS,38668,TATE,(662) 612-0311,Emergency Department,OP_22,Left before being seen,3,13031,,2024-01-01,2024-12-31,3,01/01/2024,12/31/2024
250174,"ALLIANCE HEALTHCARE SYSTEM, INC",1430 MS HIGHWAY 4 E,HOLLY SPRINGS,MS,38635,MARSHALL,(662) 252-1212,Emergency Department,OP_18b,"Average (median) time patients spent in the emergency department before leaving from the visit, excluding patients transferred to another facility or psychiatric care/mental health patients. A lower number of minutes is better",,Not Available,19,2024-10-01,2025-09-30,Not Available,10/01/2024,09/30/2025
250174,"ALLIANCE HEALTHCARE SYSTEM, INC",1430 MS HIGHWAY 4 E,HOLLY SPRINGS,MS,38635,MARSHALL,(662) 252-1212,Emergency Department,OP_22,Left before being seen,,Not Available,19,2024-01-01,2024-12-31,Not Available,01/01/2024,12/31/2024
25039F,81st Medical Group (Keesler AFB),81 MDG 301 Fisher St Suite 109,Biloxi,MS,39534,HARRISON,(228) 377-6393,Emergency Department,OP_18b,"Average (median) time patients spent in the emergency department before leaving from the visit, excluding patients transferred to another facility or psychiatric care/mental health patients. A lower number of minutes is better",115,390,,2024-10-01,2025-09-30,115,10/01/2024,09/30/2025
25039F,81st Medical Group (Keesler AFB),81 MDG 301 Fisher St Suite 109,Biloxi,MS,39534,HARRISON,(228) 377-6393,Emergency Department,OP_22,Left before being seen,1,15046,2,2024-01-01,2024-12-31,1,01/01/2024,12/31/2024
250780,JEFFERSON COUNTY HOSPITAL,870 S MAIN,FAYETTE,MS,39069,JEFFERSON,(601) 786-3401,Emergency Department,OP_18b,"Average (median) time patients spent in the emergency department before leaving from the visit, excluding patients transferred to another facility or psychiatric care/mental health patients. A lower number of minutes is better",,Not Available,19,2024-10-01,2025-09-30,Not Available,10/01/2024,09/30/2025
250780,JEFFERSON COUNTY HOSPITAL,870 S MAIN,FAYETTE,MS,39069,JEFFERSON,(601) 786-3401,Emergency Department,OP_22,Left before being seen,,Not Available,19,2024-01-01,2024-12-31,Not Available,01/01/2024,12/31/2024
250781,PANOLA MEDICAL CENTER,303 MEDICAL CENTER DRIVE,BATESVILLE,MS,38606,PANOLA,(662) 563-5611,Emergency Department,OP_18b,"Average (median) time patients spent in the emergency department before leaving from the visit, excluding patients transferred to another facility or psychiatric care/mental health patients. A lower number of minutes is better",,Not Available,19,2024-10-01,2025-09-30,Not Available,10/01/2024,09/30/2025
250781,PANOLA MEDICAL CENTER,303 MEDICAL CENTER DRIVE,BATESVILLE,MS,38606,PANOLA,(662) 563-5611,Emergency Department,OP_22,Left before being seen,,Not Available,19,2024-01-01,2024-12-31,Not Available,01/01/2024,12/31/2024
250782,GREENE COUNTY HOSPITAL,1017 JACKSON STREET,LEAKESVILLE,MS,39451,GREENE,(601) 394-4135,Emergency Department,OP_18b,"Average (median) time patients spent in the emergency department before leaving from the visit, excluding patients transferred to another facility or psychiatric care/mental health patients. A lower number of minutes is better",,Not Available,19,2024-10-01,2025-09-30,Not Available,10/01/2024,09/30/2025
250782,GREENE COUNTY HOSPITAL,1017 JACKSON STREET,LEAKESVILLE,MS,39451,GREENE,(601) 394-4135,Emergency Department,OP_22,Left before being seen,,Not Available,19,2024-01-01,2024-12-31,Not Available,01/01/2024,12/31/2024
250783,PERRY COUNTY GENERAL HOSPITAL,206 BAY ST,RICHTON,MS,39476,GREENE,(601) 788-6316,Emergency Department,OP_18b,"Average (median) time patients spent in the emergency department before leaving from the visit, excluding patients transferred to another facility or psychiatric care/mental health patients. A lower number of minutes is better",,Not Available,19,2024-10-01,2025-09-30,Not Available,10/01/2024,09/30/2025
250783,PERRY COUNTY GENERAL HOSPITAL,206 BAY ST,RICHTON,MS,39476,GREENE,(601) 788-6316,Emergency Department,OP_22,Left before being seen,,Not Available,19,2024-01-01,2024-12-31,Not Available,01/01/2024,12/31/2024
250784,SHARKEY ISSAQUENA COMMUNITY HOSPITAL,47 SOUTH FOURTH ST,ROLLING FORK,MS,39159,SHARKEY,(662) 873-4395,Emergency Department,OP_18b,"Average (median) time patients spent in the emergency department before leaving from the visit, excluding patients transferred to another facility or psychiatric care/mental health patients. A lower number of minutes is better",,Not Available,19,2024-10-01,2025-09-30,Not Available,10/01/2024,09/30/2025
250784,SHARKEY ISSAQUENA COMMUNITY HOSPITAL,47 SOUTH FOURTH ST,ROLLING FORK,MS,39159,SHARKEY,(662) 873-4395,Emergency Department,OP_22,Left before being seen,,Not Available,19,2024-01-01,2024-12-31,Not Available,01/01/2024,12/31/2024
250785,PROGRESSIVE HEALTH GROUP OF HOUSTON,1002 EAST MADISON STREET,HOUSTON,MS,38851,CHICKASAW,(662) 456-3700,Emergency Department,OP_18b,"Average (median) time patients spent in the emergency department before leaving from the visit, excluding patients transferred to another facility or psychiatric care/mental health patients. A lower number of minutes is better",,Not Available,19,2024-10-01,2025-09-30,Not Available,10/01/2024,09/30/2025
250785,PROGRESSIVE HEALTH GROUP OF HOUSTON,1002 EAST MADISON STREET,HOUSTON,MS,38851,CHICKASAW,(662) 456-3700,Emergency Department,OP_22,Left before being seen,,Not Available,19,2024-01-01,2024-12-31,Not Available,01/01/2024,12/31/2024
250786,SMITH COUNTY  EMERGENCY HOSPITAL,347 MAGNOLIA DRIVE,RALEIGH,MS,39153,SMITH,(601) 765-6711,Emergency Department,OP_18b,"Average (median) time patients spent in the emergency department before leaving from the visit, excluding patients transferred to another facility or psychiatric care/mental health patients. A lower number of minutes is better",,Not Available,19,2024-10-01,2025-09-30,Not Available,10/01/2024,09/30/2025
250786,SMITH COUNTY  EMERGENCY HOSPITAL,347 MAGNOLIA DRIVE,RALEIGH,MS,39153,SMITH,(601) 765-6711,Emergency Department,OP_22,Left before being seen,,Not Available,19,2024-01-01,2024-12-31,Not Available,01/01/2024,12/31/2024
251300,S E LACKEY MEMORIAL HOSPITAL,330 N BROAD STREET,FOREST,MS,39074,SCOTT,(601) 469-4151,Emergency Department,OP_18b,"Average (median) time patients spent in the emergency department before leaving from the visit, excluding patients transferred to another facility or psychiatric care/mental health patients. A lower number of minutes is better",97,353,,2024-10-01,2025-09-30,97,10/01/2024,09/30/2025
251300,S E LACKEY MEMORIAL HOSPITAL,330 N BROAD STREET,FOREST,MS,39074,SCOTT,(601) 469-4151,Emergency Department,OP_22,Left before being seen,1,8385,,2024-01-01,2024-12-31,1,01/01/2024,12/31/2024
251302,MONROE REGIONAL HOSPITAL,400 SOUTH CHESTNUT STREET,ABERDEEN,MS,39730,MONROE,(662) 369-2455,Emergency Department,OP_18b,"Average (median) time patients spent in the emergency department before leaving from the visit, excluding patients transferred to another facility or psychiatric care/mental health patients. A lower number of minutes is better",,Not Available,5,2024-10-01,2025-09-30,Not Available,10/01/2024,09/30/2025
251302,MONROE REGIONAL HOSPITAL,400 SOUTH CHESTNUT STREET,ABERDEEN,MS,39730,MONROE,(662) 369-2455,Emergency Department,OP_22,Left before being seen,,Not Available,5,2024-01-01,2024-12-31,Not Available,01/01/2024,12/31/2024
251304,TALLAHATCHIE GENERAL HOSPITAL-CAH,141 DR. T.T. LEWIS CIRCLE / PO BOX 230,CHARLESTON,MS,38921,TALLAHATCHIE,(662) 647-5535,Emergency Department,OP_18b,"Average (median) time patients spent in the emergency department before leaving from the visit, excluding patients transferred to another facility or psychiatric care/mental health patients. A lower number of minutes is better",99,2201,,2024-10-01,2025-09-30,99,10/01/2024,09/30/2025
251304,TALLAHATCHIE GENERAL HOSPITAL-CAH,141 DR. T.T. LEWIS CIRCLE / PO BOX 230,CHARLESTON,MS,38921,TALLAHATCHIE,(662) 647-5535,Emergency Department,OP_22,Left before being seen,,Not Available,5,2024-01-01,2024-12-31,Not Available,01/01/2024,12/31/2024
251305,LAWRENCE COUNTY HOSPITAL CAH,1065 EAST BROAD ST,MONTICELLO,MS,39654,LAWRENCE,(601) 587-4051,Emergency Department,OP_18b,"Average (median) time patients spent in the emergency department before leaving from the visit, excluding patients transferred to another facility or psychiatric care/mental health patients. A lower number of minutes is better",,Not Available,5,2024-10-01,2025-09-30,Not Available,10/01/2024,09/30/2025
251305,LAWRENCE COUNTY HOSPITAL CAH,1065 EAST BROAD ST,MONTICELLO,MS,39654,LAWRENCE,(601) 587-4051,Emergency Department,OP_22,Left before being seen,,Not Available,5,2024-01-01,2024-12-31,Not Available,01/01/2024,12/31/2024
251307,NOXUBEE GENERAL CRITICAL ACCESS HOSP,78 HOSPITAL ROAD,MACON,MS,39341,NOXUBEE,(662) 726-4231,Emergency Department,OP_18b,"Average (median) time patients spent in the emergency department before leaving from the visit, excluding patients transferred to another facility or psychiatric care/mental health patients. A lower number of minutes is better",,Not Available,19,2024-10-01,2025-09-30,Not Available,10/01/2024,09/30/2025
251307,NOXUBEE GENERAL CRITICAL ACCESS HOSP,78 HOSPITAL ROAD,MACON,MS,39341,NOXUBEE,(662) 726-4231,Emergency Department,OP_22,Left before being seen,,Not Available,19,2024-01-01,2024-12-31,Not Available,01/01/2024,12/31/2024
251308,PONTOTOC HEALTH SERVICE INC CAH,176 SOUTH MAIN STREET,PONTOTOC,MS,38863,PONTOTOC,(662) 489-5510,Emergency Department,OP_18b,"Average (median) time patients spent in the emergency department before leaving from the visit, excluding patients transferred to another facility or psychiatric care/mental health patients. A lower number of minutes is better",88,379,,2024-10-01,2025-09-30,88,10/01/2024,09/30/2025
251308,PONTOTOC HEALTH SERVICE INC CAH,176 SOUTH MAIN STREET,PONTOTOC,MS,38863,PONTOTOC,(662) 489-5510,Emergency Department,OP_22,Left before being seen,1,10402,,2024-01-01,2024-12-31,1,01/01/2024,12/31/2024
251309,FIELD HEALTH SYSTEM,178 HIGHWAY 24,CENTREVILLE,MS,39631,WILKINSON,(601) 890-0500,Emergency Department,OP_18b,"Average (median) time patients spent in the emergency department before leaving from the visit, excluding patients transferred to another facility or psychiatric care/mental health patients. A lower number of minutes is better",116,425,,2024-10-01,2025-09-30,116,10/01/2024,09/30/2025
251309,FIELD HEALTH SYSTEM,178 HIGHWAY 24,CENTREVILLE,MS,39631,WILKINSON,(601) 890-0500,Emergency Department,OP_22,Left before being seen,,Not Available,5,2024-01-01,2024-12-31,Not Available,01/01/2024,12/31/2024
251312,TYLER HOLMES MEMORIAL HOSPITAL CAH,409 TYLER HOLMES DRIVE,WINONA,MS,38967,MONTGOMERY,(662) 283-6126,Emergency Department,OP_18b,"Average (median) time patients spent in the emergency department before leaving from the visit, excluding patients transferred to another facility or psychiatric care/mental health patients. A lower number of minutes is better",105,410,,2024-10-01,2025-09-30,105,10/01/2024,09/30/2025
251312,TYLER HOLMES MEMORIAL HOSPITAL CAH,409 TYLER HOLMES DRIVE,WINONA,MS,38967,MONTGOMERY,(662) 283-6126,Emergency Department,OP_22,Left before being seen,1,6916,,2024-01-01,2024-12-31,1,01/01/2024,12/31/2024
251313,BAPTIST MEDICAL CENTER-YAZOO,823 GRAND AVENUE,YAZOO CITY,MS,39194,YAZOO,(662) 746-2261,Emergency Department,OP_18b,"Average (median) time patients spent in the emergency department before leaving from the visit, excluding patients transferred to another facility or psychiatric care/mental health patients. A lower number of minutes is better",82,412,,2024-10-01,2025-09-30,82,10/01/2024,09/30/2025
251313,BAPTIST MEDICAL CENTER-YAZOO,823 GRAND AVENUE,YAZOO CITY,MS,39194,YAZOO,(662) 746-2261,Emergency Department,OP_22,Left before being seen,2,13262,,2024-01-01,2024-12-31,2,01/01/2024,12/31/2024
251315,BAPTIST MEDICAL CENTER-LEAKE,1100 HIGHWAY 16 EAST,CARTHAGE,MS,39051,LEAKE,(601) 267-1422,Emergency Department,OP_18b,"Average (median) time patients spent in the emergency department before leaving from the visit, excluding patients transferred to another facility or psychiatric care/mental health patients. A lower number of minutes is better",94,359,,2024-10-01,2025-09-30,94,10/01/2024,09/30/2025
251315,BAPTIST MEDICAL CENTER-LEAKE,1100 HIGHWAY 16 EAST,CARTHAGE,MS,39051,LEAKE,(601) 267-1422,Emergency Department,OP_22,Left before being seen,1,11066,,2024-01-01,2024-12-31,1,01/01/2024,12/31/2024
251316,OCHSNER WATKINS HOSPITAL,605 SOUTH ARCHUSA AVENUE,QUITMAN,MS,39355,CLARKE,(601) 776-6925,Emergency Department,OP_18b,"Average (median) time patients spent in the emergency department before leaving from the visit, excluding patients transferred to another facility or psychiatric care/mental health patients. A lower number of minutes is better",90,370,,2024-10-01,2025-09-30,90,10/01/2024,09/30/2025
251316,OCHSNER WATKINS HOSPITAL,605 SOUTH ARCHUSA AVENUE,QUITMAN,MS,39355,CLARKE,(601) 776-6925,Emergency Department,OP_22,Left before being seen,1,5255,,2024-01-01,2024-12-31,1,01/01/2024,12/31/2024
251317,SIMPSON GENERAL HOSPITAL CAH,1842 SIMPSON HIGHWAY 149,MENDENHALL,MS,39114,SIMPSON,(601) 847-2221,Emergency Department,OP_18b,"Average (median) time patients spent in the emergency department before leaving from the visit, excluding patients transferred to another facility or psychiatric care/mental health patients. A lower number of minutes is better",96,234,,2024-10-01,2025-09-30,96,10/01/2024,09/30/2025
251317,SIMPSON GENERAL HOSPITAL CAH,1842 SIMPSON HIGHWAY 149,MENDENHALL,MS,39114,SIMPSON,(601) 847-2221,Emergency Department,OP_22,Left before being seen,2,5187,,2024-01-01,2024-12-31,2,01/01/2024,12/31/2024
251318,NORTH SUNFLOWER MEDICAL CENTER CAH,840 NORTH OAK AVENUE,RULEVILLE,MS,38771,SUNFLOWER,(662) 756-2711,Emergency Department,OP_18b,"Average (median) time patients spent in the emergency department before leaving from the visit, excluding patients transferred to another facility or psychiatric care/mental health patients. A lower number of minutes is better",,Not Available,5,2024-10-01,2025-09-30,Not Available,10/01/2024,09/30/2025
251318,NORTH SUNFLOWER MEDICAL CENTER CAH,840 NORTH OAK AVENUE,RULEVILLE,MS,38771,SUNFLOWER,(662) 756-2711,Emergency Department,OP_22,Left before being seen,,Not Available,5,2024-01-01,2024-12-31,Not Available,01/01/2024,12/31/2024
251319,HOLMES COUNTY HOSPITAL AND CLINICS,239 BOWLING GREEN ROAD,LEXINGTON,MS,39095,HOLMES,(662) 834-1321,Emergency Department,OP_18b,"Average (median) time patients spent in the emergency department before leaving from the visit, excluding patients transferred to another facility or psychiatric care/mental health patients. A lower number of minutes is better",101,344,,2024-10-01,2025-09-30,101,10/01/2024,09/30/2025
251319,HOLMES COUNTY HOSPITAL AND CLINICS,239 BOWLING GREEN ROAD,LEXINGTON,MS,39095,HOLMES,(662) 834-1321,Emergency Department,OP_22,Left before being seen,3,7952,,2024-01-01,2024-12-31,3,01/01/2024,12/31/2024
251320,CLAIBORNE COUNTY HOSPITAL,123 MCCOMB AVENUE,PORT GIBSON,MS,39150,CLAIBORNE,(601) 437-5141,Emergency Department,OP_18b,"Average (median) time patients spent in the emergency department before leaving from the visit, excluding patients transferred to another facility or psychiatric care/mental health patients. A lower number of minutes is better",,Not Available,5,2024-10-01,2025-09-30,Not Available,10/01/2024,09/30/2025
251320,CLAIBORNE COUNTY HOSPITAL,123 MCCOMB AVENUE,PORT GIBSON,MS,39150,CLAIBORNE,(601) 437-5141,Emergency Department,OP_22,Left before being seen,,Not Available,5,2024-01-01,2024-12-31,Not Available,01/01/2024,12/31/2024
251322,OCHSNER LAIRD HOSPITAL,25117 HIGHWAY 15,UNION,MS,39365,NESHOBA,(601) 774-8214,Emergency Department,OP_18b,"Average (median) time patients spent in the emergency department before leaving from the visit, excluding patients transferred to another facility or psychiatric care/mental health patients. A lower number of minutes is better",102,370,,2024-10-01,2025-09-30,102,10/01/2024,09/30/2025
251322,OCHSNER LAIRD HOSPITAL,25117 HIGHWAY 15,UNION,MS,39365,NESHOBA,(601) 774-8214,Emergency Department,OP_22,Left before being seen,3,5672,,2024-01-01,2024-12-31,3,01/01/2024,12/31/2024
251323,OCHSNER SCOTT REGIONAL,317 HIGHWAY 13 SOUTH,MORTON,MS,39117,SCOTT,(601) 732-6301,Emergency Department,OP_18b,"Average (median) time patients spent in the emergency department before leaving from the visit, excluding patients transferred to another facility or psychiatric care/mental health patients. A lower number of minutes is better",82,371,,2024-10-01,2025-09-30,82,10/01/2024,09/30/2025
251323,OCHSNER SCOTT REGIONAL,317 HIGHWAY 13 SOUTH,MORTON,MS,39117,SCOTT,(601) 732-6301,Emergency Department,OP_22,Left before being seen,1,5797,,2024-01-01,2024-12-31,1,01/01/2024,12/31/2024
251324,WALTHALL COUNTY GENERAL HOSPITAL CAH,100 HOSPITAL DRIVE,TYLERTOWN,MS,39667,WALTHALL,(601) 876-2122,Emergency Department,OP_18b,"Average (median) time patients spent in the emergency department before leaving from the visit, excluding patients transferred to another facility or psychiatric care/mental health patients. A lower number of minutes is better",,Not Available,5,2024-10-01,2025-09-30,Not Available,10/01/2024,09/30/2025
251324,WALTHALL COUNTY GENERAL HOSPITAL CAH,100 HOSPITAL DRIVE,TYLERTOWN,MS,39667,WALTHALL,(601) 876-2122,Emergency Department,OP_22,Left before being seen,,Not Available,5,2024-01-01,2024-12-31,Not Available,01/01/2024,12/31/2024
251325,COVINGTON COUNTY HOSPITAL CAH,701 SOUTH HOLLY AVENUE,COLLINS,MS,39428,COVINGTON,(601) 765-6711,Emergency Department,OP_18b,"Average (median) time patients spent in the emergency department before leaving from the visit, excluding patients transferred to another facility or psychiatric care/mental health patients. A lower number of minutes is better",74,206,3,2024-10-01,2025-09-30,74,10/01/2024,09/30/2025
251325,COVINGTON COUNTY HOSPITAL CAH,701 SOUTH HOLLY AVENUE,COLLINS,MS,39428,COVINGTON,(601) 765-6711,Emergency Department,OP_22,Left before being seen,,Not Available,5,2024-01-01,2024-12-31,Not Available,01/01/2024,12/31/2024
251326,JEFFERSON DAVIS COMMUNITY HOSPITAL CAH,1102 ROSE STREET,PRENTISS,MS,39474,JEFFERSON DAVIS,(601) 792-4276,Emergency Department,OP_18b,"Average (median) time patients spent in the emergency department before leaving from the visit, excluding patients transferred to another facility or psychiatric care/mental health patients. A lower number of minutes is better",,Not Available,5,2024-10-01,2025-09-30,Not Available,10/01/2024,09/30/2025
251326,JEFFERSON DAVIS COMMUNITY HOSPITAL CAH,1102 ROSE STREET,PRENTISS,MS,39474,JEFFERSON DAVIS,(601) 792-4276,Emergency Department,OP_22,Left before being seen,1,5393,,2024-01-01,2024-12-31,1,01/01/2024,12/31/2024
251327,COPIAH COUNTY MEDICAL CENTER,21790 HIGHWAY 28,HAZLEHURST,MS,39083,COPIAH,(601) 894-4541,Emergency Department,OP_18b,"Average (median) time patients spent in the emergency department before leaving from the visit, excluding patients transferred to another facility or psychiatric care/mental health patients. A lower number of minutes is better",,Not Available,5,2024-10-01,2025-09-30,Not Available,10/01/2024,09/30/2025
251327,COPIAH COUNTY MEDICAL CENTER,21790 HIGHWAY 28,HAZLEHURST,MS,39083,COPIAH,(601) 894-4541,Emergency Department,OP_22,Left before being seen,,Not Available,5,2024-01-01,2024-12-31,Not Available,01/01/2024,12/31/2024
251330,FRANKLIN COUNTY MEMORIAL HOSPITAL,HWY 84 BOX 636,MEADVILLE,MS,39653,FRANKLIN,(601) 384-5801,Emergency Department,OP_18b,"Average (median) time patients spent in the emergency department before leaving from the visit, excluding patients transferred to another facility or psychiatric care/mental health patients. A lower number of minutes is better",95,207,,2024-10-01,2025-09-30,95,10/01/2024,09/30/2025
251330,FRANKLIN COUNTY MEMORIAL HOSPITAL,HWY 84 BOX 636,MEADVILLE,MS,39653,FRANKLIN,(601) 384-5801,Emergency Department,OP_22,Left before being seen,,Not Available,5,2024-01-01,2024-12-31,Not Available,01/01/2024,12/31/2024
251331,BMH-CALHOUN,140 BURKE-CALHOUN CITY ROAD,CALHOUN CITY,MS,38916,CALHOUN,(662) 628-6611,Emergency Department,OP_18b,"Average (median) time patients spent in the emergency department before leaving from the visit, excluding patients transferred to another facility or psychiatric care/mental health patients. A lower number of minutes is better",83,352,,2024-10-01,2025-09-30,83,10/01/2024,09/30/2025
251331,BMH-CALHOUN,140 BURKE-CALHOUN CITY ROAD,CALHOUN CITY,MS,38916,CALHOUN,(662) 628-6611,Emergency Department,OP_22,Left before being seen,0,5106,,2024-01-01,2024-12-31,0,01/01/2024,12/31/2024
251333,PEARL RIVER COUNTY HOSPITAL,305 WEST MOODY STREET,POPLARVILLE,MS,39470,PEARL RIVER,(601) 795-4543,Emergency Department,OP_18b,"Average (median) time patients spent in the emergency department before leaving from the visit, excluding patients transferred to another facility or psychiatric care/mental health patients. A lower number of minutes is better",,Not Available,5,2024-10-01,2025-09-30,Not Available,10/01/2024,09/30/2025
251333,PEARL RIVER COUNTY HOSPITAL,305 WEST MOODY STREET,POPLARVILLE,MS,39470,PEARL RIVER,(601) 795-4543,Emergency Department,OP_22,Left before being seen,,Not Available,5,2024-01-01,2024-12-31,Not Available,01/01/2024,12/31/2024
251334,CHOCTAW REGIONAL MEDICAL CENTER,8613 MS HWY 12,ACKERMAN,MS,39735,CHOCTAW,(662) 285-6235,Emergency Department,OP_18b,"Average (median) time patients spent in the emergency department before leaving from the visit, excluding patients transferred to another facility or psychiatric care/mental health patients. A lower number of minutes is better",109,335,,2024-10-01,2025-09-30,109,10/01/2024,09/30/2025
251334,CHOCTAW REGIONAL MEDICAL CENTER,8613 MS HWY 12,ACKERMAN,MS,39735,CHOCTAW,(662) 285-6235,Emergency Department,OP_22,Left before being seen,0,3715,,2024-01-01,2024-12-31,0,01/01/2024,12/31/2024
251335,OCHSNER STENNIS MEMORIAL HOSPITAL,14365 HIGHWAY 16 WEST,DE KALB,MS,39328,KEMPER,(769) 486-1000,Emergency Department,OP_18b,"Average (median) time patients spent in the emergency department before leaving from the visit, excluding patients transferred to another facility or psychiatric care/mental health patients. A lower number of minutes is better",90,360,,2024-10-01,2025-09-30,90,10/01/2024,09/30/2025
251335,OCHSNER STENNIS MEMORIAL HOSPITAL,14365 HIGHWAY 16 WEST,DE KALB,MS,39328,KEMPER,(769) 486-1000,Emergency Department,OP_22,Left before being seen,1,4002,,2024-01-01,2024-12-31,1,01/01/2024,12/31/2024
251336,BAPTIST MEDICAL CENTER ATTALA,220 HWY 12 WEST,KOSCIUSKO,MS,39090,ATTALA,(662) 289-4311,Emergency Department,OP_18b,"Average (median) time patients spent in the emergency department before leaving from the visit, excluding patients transferred to another facility or psychiatric care/mental health patients. A lower number of minutes is better",77,365,,2024-10-01,2025-09-30,77,10/01/2024,09/30/2025
251336,BAPTIST MEDICAL CENTER ATTALA,220 HWY 12 WEST,KOSCIUSKO,MS,39090,ATTALA,(662) 289-4311,Emergency Department,OP_22,Left before being seen,1,12434,,2024-01-01,2024-12-31,1,01/01/2024,12/31/2024
251337,TIPPAH COUNTY HOSPITAL,1005 CITY AVE NORTH,RIPLEY,MS,38663,TIPPAH,(662) 837-9221,Emergency Department,OP_18b,"Average (median) time patients spent in the emergency department before leaving from the visit, excluding patients transferred to another facility or psychiatric care/mental health patients. A lower number of minutes is better",80,501,,2024-10-01,2025-09-30,80,10/01/2024,09/30/2025
251337,TIPPAH COUNTY HOSPITAL,1005 CITY AVE NORTH,RIPLEY,MS,38663,TIPPAH,(662) 837-9221,Emergency Department,OP_22,Left before being seen,2,7550,,2024-01-01,2024-12-31,2,01/01/2024,12/31/2024
251339,QUITMAN COMMUNITY HOSPITAL,340 GETWELL DRIVE,MARKS,MS,38646,QUITMAN,(662) 712-2370,Emergency Department,OP_18b,"Average (median) time patients spent in the emergency department before leaving from the visit, excluding patients transferred to another facility or psychiatric care/mental health patients. A lower number of minutes is better",,Not Available,5,2024-10-01,2025-09-30,Not Available,10/01/2024,09/30/2025
251339,QUITMAN COMMUNITY HOSPITAL,340 GETWELL DRIVE,MARKS,MS,38646,QUITMAN,(662) 712-2370,Emergency Department,OP_22,Left before being seen,,Not Available,5,2024-01-01,2024-12-31,Not Available,01/01/2024,12/31/2024
251340,NESHOBA COUNTY GENERAL HOSPITAL,1001 HOLLAND AVENUE,PHILADELPHIA,MS,39350,NESHOBA,(601) 663-1200,Emergency Department,OP_18b,"Average (median) time patients spent in the emergency department before leaving from the visit, excluding patients transferred to another facility or psychiatric care/mental health patients. A lower number of minutes is better",,Not Available,19,2024-10-01,2025-09-30,Not Available,10/01/2024,09/30/2025
251340,NESHOBA COUNTY GENERAL HOSPITAL,1001 HOLLAND AVENUE,PHILADELPHIA,MS,39350,NESHOBA,(601) 663-1200,Emergency Department,OP_22,Left before being seen,,Not Available,19,2024-01-01,2024-12-31,Not Available,01/01/2024,12/31/2024
